"practice_code","practice_name","overall_achievement","stia007_numerator","stia007_denominator","stia014_numerator","stia014_denominator","stia015_numerator","stia015_denominator","prop_stia007","prop_stia014","prop_stia015","imd_rank","total_patients","patients_65_plus","patients_female","prop_65_plus","prop_female","stroke_prevalence","imd_quintile","listsize_quintile","prevalence_quintile","age65_quintile","female_quintile","stia001_achievement"
"A84006","Alnwick Medical Group",0.95,406,412,254,322,169,192,0.99,0.79,0.88,15548,18883,5974,9676,0.32,0.51,0.02,3,5,5,5,5,1
"A84005","Bedlingtonshire Med.Group",1,245,250,159,198,89,95,0.98,0.8,0.94,19666,12774,2854,6639,0.22,0.52,0.02,2,4,5,4,5,1
"A84008","Belford Medical Practice",1,117,118,76,89,36,42,0.99,0.85,0.86,13749,4499,1686,2305,0.37,0.51,0.03,3,1,5,5,5,1
"A84027","Bellingham Practice",0.95,66,67,46,60,34,36,0.99,0.77,0.94,12739,3424,1081,1717,0.32,0.5,0.02,3,1,5,5,3,1
"A84047","Branch End Surgery",1,111,112,77,92,55,60,0.99,0.84,0.92,21271,5403,1580,2767,0.29,0.51,0.02,2,2,5,5,4,1
"A84024","Burn Brae Medical Group",1,201,207,116,136,141,155,0.97,0.85,0.91,6288,10426,3157,5384,0.3,0.52,0.02,4,4,5,5,5,1
"A84022","Coquet Medical Group",0.99,317,317,174,220,122,137,1,0.79,0.89,8166,12165,3691,6303,0.3,0.52,0.03,4,4,5,5,5,1
"A84018","Corbridge Health Centre",1,166,174,95,122,104,114,0.95,0.78,0.91,28728,7306,2545,3821,0.35,0.52,0.02,1,2,5,5,5,1
"A84025","Cramlington Medical Group",1,90,91,75,92,35,37,0.99,0.82,0.95,14837,5400,1405,2688,0.26,0.5,0.02,3,2,4,5,2,1
"A84619","Elsdon Avenue Surgery",1,90,90,73,87,27,28,1,0.84,0.96,8390,4289,1005,2206,0.23,0.51,0.02,4,1,5,4,5,1
"A84038","Forum Family Practice",1,167,170,125,146,69,76,0.98,0.86,0.91,14837,9019,2198,4744,0.24,0.53,0.02,3,3,5,4,5,1
"A84039","Gas House Lane Surgery",1,140,141,74,96,72,78,0.99,0.77,0.92,19255,7169,1985,3736,0.28,0.52,0.02,2,2,5,5,5,1
"A84031","Greystoke Surgery",1,285,291,164,199,120,134,0.98,0.82,0.9,19255,10726,3203,5535,0.3,0.52,0.03,2,4,5,5,5,1
"A84020","Guidepost Medical Group",1,223,225,138,174,89,95,0.99,0.79,0.94,6228,8035,2101,4025,0.26,0.5,0.03,4,3,5,5,3,1
"A84034","Haltwhistle Medical Group",1,153,155,103,116,65,74,0.99,0.89,0.88,10365,5567,1777,2812,0.32,0.51,0.03,3,2,5,5,3,1
"A84045","Haydon Bridge & Allendale Medical Pract",1,125,125,73,91,64,65,1,0.8,0.98,14562,5256,1653,2634,0.31,0.5,0.02,3,1,5,5,3,1
"A84040","Humshaugh & Wark Med Grp",1,99,100,66,73,43,46,0.99,0.9,0.93,16394,3416,1112,1711,0.33,0.5,0.03,2,1,5,5,3,1
"A84014","Marine Medical Group",1,281,281,152,220,109,127,1,0.69,0.86,546,13746,2970,7021,0.22,0.51,0.02,5,4,5,4,4,1
"A84037","Netherfield House",1,134,134,95,115,46,52,1,0.83,0.88,11050,6006,1529,3041,0.25,0.51,0.02,3,2,5,5,4,1
"A84029","Northumberland Health",1,87,89,58,73,24,26,0.98,0.79,0.92,9401,4593,1401,2305,0.31,0.5,0.02,4,1,5,5,3,1
"A84007","Ponteland Medical Group",0.95,247,253,121,140,131,135,0.98,0.86,0.97,16307,10750,3086,5421,0.29,0.5,0.02,2,4,5,5,3,1
"A84016","Prudhoe Medical Group",1,110,113,74,90,51,53,0.97,0.82,0.96,9217,6899,1470,3539,0.21,0.51,0.02,4,2,4,4,5,1
"A84009","Railway Medical Group",1,439,472,331,474,161,193,0.93,0.7,0.83,546,27016,5537,13586,0.2,0.5,0.02,5,5,5,4,3,1
"A84035","Riversdale Surgery",0.99,164,169,85,107,59,70,0.97,0.79,0.84,9217,5955,1701,3031,0.29,0.51,0.03,4,2,5,5,4,1
"A84042","Scots Gap Medical Group",1,39,40,26,31,24,25,0.98,0.84,0.96,15757,2156,689,1063,0.32,0.49,0.02,3,1,5,5,2,1
"A84028","Seaton Park Medical Group",1,448,458,311,376,151,166,0.98,0.83,0.91,6420,19732,4348,9847,0.22,0.5,0.02,4,5,5,4,3,1
"A84614","The Adderlane Surgery",1,40,40,30,34,18,21,1,0.88,0.86,9217,2187,472,1072,0.22,0.49,0.02,4,1,5,4,2,1
"A84013","The Gables Medical Group",1,125,128,96,115,42,45,0.98,0.83,0.93,3595,6311,1391,3234,0.22,0.51,0.02,5,2,5,4,5,1
"A84002","The Rothbury Practice",0.97,153,156,88,119,47,51,0.98,0.74,0.92,24739,6156,2347,3151,0.38,0.51,0.03,1,2,5,5,4,1
"A84033","The Sele Medical Practice",1,125,125,112,120,70,81,1,0.93,0.86,6288,5852,1746,2968,0.3,0.51,0.02,4,2,5,5,4,1
"A84044","Union Brae & Norham Prac",0.97,162,175,108,142,69,90,0.93,0.76,0.77,10929,7175,2088,3669,0.29,0.51,0.02,3,2,5,5,4,1
"A84036","Valens Medical Partnership",1,987,1010,709,873,330,372,0.98,0.81,0.89,12065,49582,11320,25145,0.23,0.51,0.02,3,5,5,4,4,1
"A84030","Village Medical Group",1,230,233,166,204,112,121,0.99,0.81,0.93,14837,11310,2869,5887,0.25,0.52,0.02,3,4,5,5,5,1
"A84026","Well Close Medical Group",1,222,228,117,150,87,97,0.97,0.78,0.9,13099,9190,2732,4659,0.3,0.51,0.02,3,3,5,5,4,1
"A84011","White Medical Group",1,153,154,100,114,107,113,0.99,0.88,0.95,16307,8636,2313,4400,0.27,0.51,0.02,2,3,5,5,4,1
"A84604","Wooler Health",1,106,108,74,86,53,59,0.98,0.86,0.9,13557,4890,1775,2506,0.36,0.51,0.02,3,1,5,5,5,1
"A88010","Albert Road Surgery",1,50,51,38,40,29,31,0.98,0.95,0.94,8873,3417,789,1699,0.23,0.5,0.01,4,1,4,4,2,1
"A88013","Central Surgery",1,247,247,177,206,90,94,1,0.86,0.96,9073,19152,3632,9727,0.19,0.51,0.01,4,5,3,3,4,1
"A88016","Colliery Court Medical Group",1,141,143,91,102,66,71,0.99,0.89,0.93,2700,8268,1910,4345,0.23,0.53,0.02,5,3,5,4,5,1
"A88009","Dr Thorniley-Walker & Partners",1,98,101,58,76,62,71,0.97,0.76,0.87,2700,6030,1476,2994,0.24,0.5,0.02,5,2,4,5,2,1
"A88613","East Wing Practice",1,66,67,55,67,30,32,0.99,0.82,0.94,1634,4257,899,2183,0.21,0.51,0.02,5,1,4,4,5,1
"A88012","Ellison View Surgery",1,95,96,74,89,42,44,0.99,0.83,0.95,6050,6049,1291,3070,0.21,0.51,0.02,4,2,4,4,4,1
"A88002","Farnham Medical Ctr.",1,212,217,214,248,102,109,0.98,0.86,0.94,1971,16906,3537,8263,0.21,0.49,0.01,5,5,3,4,2,1
"A88601","Imeary Medical Group",1,60,60,48,54,28,30,1,0.89,0.93,6314,4363,971,2171,0.22,0.5,0.01,4,1,4,4,2,1
"A88003","Marsden Medical Group",1,302,309,233,283,158,174,0.98,0.82,0.91,9734,22847,5105,11232,0.22,0.49,0.01,3,5,3,4,2,1
"A88004","Mayfield Medical Group",1,140,141,131,152,65,69,0.99,0.86,0.94,6325,9031,1798,4542,0.2,0.5,0.02,4,3,4,3,3,1
"A88608","Ravensworth Surgery",1,108,108,87,112,36,39,1,0.78,0.92,24882,5945,1285,2851,0.22,0.48,0.02,1,2,5,4,1,1
"A88015","St George & Riverside Medical Practice",1,89,91,67,77,35,40,0.98,0.87,0.88,1300,7411,1364,3453,0.18,0.47,0.01,5,2,3,3,1,1
"A88006","Talbot Medical Centre",0.97,156,160,124,153,42,46,0.98,0.81,0.91,3691,7835,1763,4002,0.23,0.51,0.02,5,3,5,4,4,1
"A88025","The G.P.Suite",1,68,68,66,77,33,36,1,0.86,0.92,1634,4386,1148,2250,0.26,0.51,0.02,5,1,4,5,5,1
"A88022","The Glen Medical Group",1,124,127,105,137,42,47,0.98,0.77,0.89,6050,11153,1794,5739,0.16,0.51,0.01,4,4,3,2,5,1
"A88008","Trinity Medical Centre",1,80,80,81,91,36,37,1,0.89,0.97,1300,6428,1369,2983,0.21,0.46,0.01,5,2,3,4,1,1
"A88001","Victoria Medical Centre",1,70,70,55,64,35,36,1,0.86,0.97,6050,3651,749,1745,0.21,0.48,0.02,4,1,5,4,1,1
"A88005","Wenlock Road Surgery",1,55,55,54,60,20,23,1,0.9,0.87,11757,4439,848,2091,0.19,0.47,0.01,3,1,3,3,1,1
"A88014","West View Surgery",1,23,23,29,34,9,10,1,0.85,0.9,6314,2879,380,1120,0.13,0.39,0.01,4,1,2,2,1,1
"A88023","Whitburn Surgery",0.96,79,79,55,77,33,41,1,0.71,0.8,13052,5373,1403,2770,0.26,0.52,0.01,3,2,4,5,5,1
"A89018","Ashburn Medical Centre",1,92,93,70,81,37,42,0.99,0.86,0.88,2769,5304,1051,2548,0.2,0.48,0.02,5,2,5,3,1,1
"A89019","Bridge View Medical Group",1,259,260,223,283,124,138,1,0.79,0.9,556,14888,2929,7583,0.2,0.51,0.02,5,5,5,3,4,1
"A89036","Castletown Medical Centre",0.96,27,28,16,29,5,7,0.96,0.55,0.71,4976,2112,425,987,0.2,0.47,0.01,4,1,3,3,1,1
"A89623","Chester Surgery",1,30,30,27,31,14,16,1,0.87,0.88,8032,3068,515,1395,0.17,0.45,0.01,4,1,2,3,1,1
"A89022","Concord Medical Practice",1,96,98,62,75,41,45,0.98,0.83,0.91,1068,5208,1297,2688,0.25,0.52,0.02,5,1,5,5,5,1
"A89001","Deerness Park Medical Group",1,177,177,165,207,87,99,1,0.8,0.88,4107,13497,2629,6813,0.19,0.5,0.01,5,4,3,3,3,1
"A89020","Forge Medical Practice",1,97,99,105,119,44,48,0.98,0.88,0.92,4253,8624,1548,3932,0.18,0.46,0.01,5,3,3,3,1,1
"A89015","Fulwell Medical Centre,",1,175,177,108,127,103,112,0.99,0.85,0.92,26562,9239,2628,4853,0.28,0.53,0.02,1,3,5,5,5,1
"A89012","Galleries Medical Practice",1,161,165,156,189,46,49,0.98,0.83,0.94,13085,11512,2466,5732,0.21,0.5,0.01,3,4,4,4,2,1
"A89028","Grangewood Surgery",1,138,142,109,113,59,67,0.97,0.96,0.88,14605,7414,1649,3706,0.22,0.5,0.02,3,2,5,4,3,1
"A89041","Happy House Surgery",1,93,94,105,120,29,31,0.99,0.88,0.94,1590,8186,1388,4209,0.17,0.51,0.01,5,3,3,3,5,1
"A89009","Herrington Medical Centre",1,111,111,103,110,59,65,1,0.94,0.91,7841,9588,1891,4891,0.2,0.51,0.01,4,3,3,3,4,1
"A89004","Hetton Group Practice",1,191,192,139,173,97,104,0.99,0.8,0.93,2003,11818,2718,5978,0.23,0.51,0.02,5,4,4,4,4,1
"A89023","Houghton Medical Group,",1,151,151,114,131,69,74,1,0.87,0.93,3990,8396,1840,4338,0.22,0.52,0.02,5,3,5,4,5,1
"A89031","Hylton Medical Group",1,68,69,53,64,24,24,0.99,0.83,1,6904,7201,859,3483,0.12,0.48,0.01,4,2,2,2,1,1
"A89617","I J Healthcare",0.78,40,41,28,36,17,18,0.98,0.78,0.94,30108,3615,909,1734,0.25,0.48,0.01,1,1,3,5,1,1
"A89021","Kepier Medical Practice",1,146,148,119,140,57,62,0.99,0.85,0.92,6289,8551,1787,4339,0.21,0.51,0.02,4,3,5,4,4,1
"A89017","Millfield Medical Group",1,210,216,170,207,61,68,0.97,0.82,0.9,2445,14521,2661,7113,0.18,0.49,0.01,5,5,4,3,2,1
"A89040","Monkwearmouth Health Centre",1,66,66,56,61,44,50,1,0.92,0.88,2598,4640,1133,2077,0.24,0.45,0.01,5,1,4,4,1,1
"A89032","New Silksworth Medical Practice",0.98,153,160,98,110,73,78,0.96,0.89,0.94,15731,9181,2099,4716,0.23,0.51,0.02,3,3,5,4,5,1
"A89026","New Washington Medical Group",1,102,105,100,116,52,57,0.97,0.86,0.91,1068,7202,1720,3633,0.24,0.5,0.01,5,2,4,4,3,1
"A89007","Pallion Family Practice",0.77,127,139,94,128,55,67,0.91,0.73,0.82,6904,10091,2048,5076,0.2,0.5,0.01,4,3,4,4,3,1
"A89034","Park Lane Practice",1,45,46,31,38,21,23,0.98,0.82,0.91,4616,4364,504,1895,0.12,0.43,0.01,4,1,2,2,1,1
"A89008","Red House Medical Centre",0.82,73,81,61,77,33,41,0.9,0.79,0.8,4395,5544,937,2698,0.17,0.49,0.01,4,2,4,3,2,1
"A89616","Rickleton Medical Centre",1,26,26,22,28,11,11,1,0.79,1,25819,2775,560,1433,0.2,0.52,0.01,1,1,2,4,5,1
"A89002","Riverview Surgery",0.98,65,66,61,71,29,29,0.98,0.86,1,2769,6991,1028,3175,0.15,0.45,0.01,5,2,2,2,1,1
"A89035","Southlands Medical Group",1,129,129,112,141,68,73,1,0.79,0.93,18277,10560,2024,5490,0.19,0.52,0.01,2,4,3,3,5,1
"A89027","Springwell Medical Group",1,107,110,102,122,31,33,0.97,0.84,0.94,3716,6416,1180,3395,0.18,0.53,0.02,5,2,5,3,5,1
"A89016","St Bede Medical Centre",1,117,117,114,127,61,65,1,0.9,0.94,2598,9316,1968,4552,0.21,0.49,0.01,5,3,3,4,2,1
"A89025","Sunderland Gp Alliance Medical Practice",0.96,104,106,99,124,30,31,0.98,0.8,0.97,13085,10090,1793,5100,0.18,0.51,0.01,3,3,2,3,3,1
"A89614","Sunderland Gp Alliance South Hylton Surg",1,59,60,51,61,26,27,0.98,0.84,0.96,9780,4553,854,2282,0.19,0.5,0.01,3,1,3,3,3,1
"A89024","The Broadway Medical Practice",1,118,118,89,104,58,58,1,0.86,1,3716,7725,1553,3990,0.2,0.52,0.02,5,3,4,3,5,1
"A89013","The New City Medical Group",0.95,57,58,50,67,42,47,0.98,0.75,0.89,109,5665,1191,2679,0.21,0.47,0.01,5,2,2,4,1,1
"A89010","The Stephenson Medical Practice",1,206,206,172,192,100,106,1,0.9,0.94,1068,12279,2984,6220,0.24,0.51,0.02,5,4,4,4,4,1
"A89011","Village Surgery Partnership",1,67,69,50,63,28,29,0.97,0.79,0.97,15731,4795,988,2447,0.21,0.51,0.01,3,1,4,4,4,1
"A89005","Villette Surgery",1,98,99,74,90,64,70,0.99,0.82,0.91,18,5777,1395,2854,0.24,0.49,0.02,5,2,5,4,2,1
"A89006","Wearside Medical Practice - Pallion",1,74,74,68,78,25,28,1,0.87,0.89,6904,8083,1191,3902,0.15,0.48,0.01,4,3,2,2,1,1
"A89030","Westbourne Medical Group",1,111,112,85,108,56,62,0.99,0.79,0.9,994,6637,1486,3378,0.22,0.51,0.02,5,2,4,4,4,1
"Y02657","Bentham Road Health Centre",0.97,74,82,70,99,22,30,0.9,0.71,0.73,477,8314,1052,4300,0.13,0.52,0.01,5,3,2,2,5,1
"P81704","Blakewater Healthcare",1,105,105,88,111,32,34,1,0.79,0.94,3341,11085,1528,5477,0.14,0.49,0.01,5,4,2,2,2,1
"P81155","Brownhill Surgery",1,71,72,55,61,50,50,0.99,0.9,1,8700,6083,1094,3079,0.18,0.51,0.01,4,2,3,3,4,1
"P81051","Darwen Healthcare",1,185,189,169,194,69,74,0.98,0.87,0.93,9207,14361,2580,7205,0.18,0.5,0.01,4,5,3,3,3,1
"P81140","Darwen Healthlink",1,150,153,146,179,73,83,0.98,0.82,0.88,9207,15502,2979,7546,0.19,0.49,0.01,4,5,2,3,2,1
"P81694","Family Practice",1,21,23,21,34,10,10,0.91,0.62,1,1696,5391,391,2434,0.07,0.45,0,5,2,1,1,1,1
"P81721","Hollins Grove Surgery",1,18,19,20,24,6,6,0.95,0.83,1,3298,2501,308,1173,0.12,0.47,0.01,5,1,2,2,1,1
"P81214","Limefield Surgery",1,47,48,35,44,24,26,0.98,0.8,0.92,1522,4687,724,2271,0.15,0.48,0.01,5,1,2,2,1,1
"P81005","Little Harwood Health Centre",1,160,162,120,154,74,80,0.99,0.78,0.92,6594,12231,2059,6000,0.17,0.49,0.01,4,4,3,3,2,1
"P81125","Oakenhurst Medical Practice",1,128,130,113,138,60,69,0.98,0.82,0.87,1696,10137,2046,5043,0.2,0.5,0.01,5,3,3,4,2,1
"P81683","Olive Medical Centre",0.89,41,42,45,59,18,20,0.98,0.76,0.9,5097,7732,650,3656,0.08,0.47,0.01,4,3,1,1,1,1
"P81771","Primrose Bank Medical Centre",1,75,77,55,93,30,34,0.97,0.59,0.88,1836,9534,1353,4649,0.14,0.49,0.01,5,3,2,2,2,1
"P81724","Pringle Street Surgery",1,14,14,25,26,3,3,1,0.96,1,3538,2714,222,1305,0.08,0.48,0.01,5,1,1,1,1,1
"P81061","Redlam Surgery",1,64,65,61,75,32,33,0.98,0.81,0.97,4811,4433,946,2137,0.21,0.48,0.01,4,1,4,4,1,1
"P81709","Roman Road Health Centre",1,64,64,55,73,16,17,1,0.75,0.94,1566,5994,540,3086,0.09,0.51,0.01,5,2,3,1,5,1
"P81622","Shifa Surgery",1,69,69,77,95,12,12,1,0.81,1,3895,11546,1010,5595,0.09,0.48,0.01,5,4,1,1,1,1
"P81633","Spring-Fenisco Healthlink",1,56,57,46,53,25,26,0.98,0.87,0.96,3487,3756,746,1811,0.2,0.48,0.02,5,1,4,3,1,1
"P81058","St Georges Surgery",1,136,138,112,154,56,61,0.99,0.73,0.92,292,10111,1635,5016,0.16,0.5,0.01,5,3,4,3,2,1
"P81167","Stepping Stone Practice",1,42,42,42,51,16,18,1,0.82,0.89,3414,5918,641,2966,0.11,0.5,0.01,5,2,1,1,3,1
"P81734","The Cornerstone Practice",0.96,218,220,179,265,57,65,0.99,0.68,0.88,1067,19579,2269,9760,0.12,0.5,0.01,5,5,3,2,3,1
"P81707","William Hopwood Street Surgery",1,41,42,49,63,7,9,0.98,0.78,0.78,2095,5315,470,2581,0.09,0.49,0.01,5,2,2,1,2,1
"P81022","Witton Medical Centre",0.99,160,160,128,155,76,83,1,0.83,0.92,4194,10855,1971,5355,0.18,0.49,0.01,5,4,4,3,2,1
"P81714","Abbey Dale Medical Centre",1,117,119,78,101,35,41,0.98,0.77,0.85,7746,5814,1182,2793,0.2,0.48,0.02,4,2,5,4,1,1
"P81042","Adelaide Street Surgery",0.95,235,240,160,212,65,75,0.98,0.75,0.87,9,15253,2466,7195,0.16,0.47,0.02,5,5,4,3,1,1
"P81081","Arnold Medical Centre",1,120,123,88,106,47,54,0.98,0.83,0.87,1830,6125,1264,3152,0.21,0.51,0.02,5,2,5,4,5,1
"P81115","Bloomfield Medical Centre",1,224,226,214,251,48,54,0.99,0.85,0.89,726,16928,2526,8125,0.15,0.48,0.01,5,5,3,2,1,1
"P81073","Cleveleys Group Practice",1,313,319,226,267,168,182,0.98,0.85,0.92,14108,13143,4086,6749,0.31,0.51,0.02,3,4,5,5,5,1
"P81072","Glenroyd Medical Centre",1,266,269,187,241,111,118,0.99,0.78,0.94,4398,14055,3355,7147,0.24,0.51,0.02,4,5,5,4,4,1
"P81074","Highfield Surgery",1,196,200,179,196,103,110,0.98,0.91,0.94,14074,13599,3253,6987,0.24,0.51,0.01,3,4,4,4,5,1
"P81066","Layton Medical Centre",1,132,136,79,96,43,47,0.97,0.82,0.91,2957,8283,1415,4165,0.17,0.5,0.02,5,3,4,3,3,1
"P81054","Marton Medical Practice",0.95,126,127,94,124,39,42,0.99,0.76,0.93,5634,9417,1691,4733,0.18,0.5,0.01,4,3,3,3,3,1
"P81172","Newton Drive Health Centre",1,164,167,141,171,68,76,0.98,0.82,0.89,21721,12279,1914,6384,0.16,0.52,0.01,2,4,4,2,5,1
"P81681","North Shore Surgery",1,246,247,179,202,97,106,1,0.89,0.92,4398,13770,3127,6827,0.23,0.5,0.02,4,4,5,4,2,1
"P81043","South King Street Medical Centre",1,88,90,77,97,17,19,0.98,0.79,0.89,38,6706,1196,3014,0.18,0.45,0.01,5,2,3,3,1,1
"P81063","St Pauls Medical Centre",1,190,192,143,169,70,77,0.99,0.85,0.91,36,11113,2104,5092,0.19,0.46,0.02,5,4,5,3,1,1
"P81159","Stonyhill Medical Practice",1,197,202,172,208,89,100,0.98,0.83,0.89,14074,12230,2961,5971,0.24,0.49,0.02,3,4,4,4,2,1
"P81092","The Crescent Surgery",1,211,217,146,161,101,102,0.97,0.91,0.99,14108,7668,2621,3884,0.34,0.51,0.03,3,3,5,5,4,1
"P81016","Waterloo Medical Centre",1,175,177,161,191,62,67,0.99,0.84,0.93,3430,12393,1985,5890,0.16,0.48,0.01,5,4,4,2,1,1
"Y00186","3D Medical Centre",1,8,8,6,6,4,4,1,1,1,1671,1754,104,763,0.06,0.44,0,5,1,1,1,1,1
"P82640","Al Fal Medical Group",0.86,31,32,37,46,4,4,0.97,0.8,1,1671,5142,444,2382,0.09,0.46,0.01,5,1,1,1,1,1
"P82616","Beehive Surgery",1,18,18,25,28,6,6,1,0.89,1,815,3959,293,1844,0.07,0.47,0,5,1,1,1,1,1
"Y03079","Bolton Community Practice",0.95,166,169,121,130,61,62,0.98,0.93,0.98,4807,16015,2506,8061,0.16,0.5,0.01,4,5,2,2,3,1
"Y02319","Bolton General Practice",1,26,26,33,39,2,2,1,0.85,1,439,7781,217,3562,0.03,0.46,0,5,3,1,1,1,1
"Y02790","Bolton Medical Centre",1,40,40,41,49,12,12,1,0.84,1,815,7512,448,3601,0.06,0.48,0.01,5,2,1,1,1,1
"P82033","Bradford Street Surgery",1,29,29,24,29,12,12,1,0.83,1,1681,2035,300,817,0.15,0.4,0.01,5,1,4,2,1,1
"P82643","Bromley Meadows Surgery",1,88,88,57,67,35,40,1,0.85,0.88,12847,7447,1387,3847,0.19,0.52,0.01,3,2,3,3,5,1
"P82025","Burnside Surgery",1,53,53,55,65,18,20,1,0.85,0.9,4807,4549,791,2259,0.17,0.5,0.01,4,1,3,3,2,1
"P82625","Charlotte Street Surgery",1,18,18,20,23,3,3,1,0.87,1,4807,2417,187,1137,0.08,0.47,0.01,4,1,2,1,1,1
"P82627","Cornerstone Surgery",1,40,40,27,35,11,12,1,0.77,0.92,6509,4142,646,2020,0.16,0.49,0.01,4,1,2,2,2,1
"P82607","Crompton View Surgery",1,98,98,85,92,31,33,1,0.92,0.94,10043,5950,1004,3027,0.17,0.51,0.02,3,2,4,3,4,1
"P82010","Dalefield Surgery",1,70,71,65,81,32,37,0.99,0.8,0.86,821,8128,1200,3976,0.15,0.49,0.01,5,3,2,2,2,1
"P82660","Deane Clinic 1",1,37,37,39,50,6,6,1,0.78,1,2055,3634,354,1729,0.1,0.48,0.01,5,1,2,1,1,1
"P82030","Deane Medical Centre",0.95,30,30,28,32,18,20,1,0.88,0.9,1671,4020,434,1791,0.11,0.45,0.01,5,1,2,1,1,1
"P82022","Dr Rizwan And Dr Awan",1,60,60,59,69,15,16,1,0.86,0.94,2012,5396,665,2659,0.12,0.49,0.01,5,2,3,2,2,1
"P82629","Dr S Naseef",1,19,19,19,21,8,8,1,0.9,1,1671,2066,265,981,0.13,0.47,0.01,5,1,2,2,1,1
"P82034","Edgworth Medical Centre",1,71,72,48,60,28,31,0.99,0.8,0.9,12847,3935,960,1977,0.24,0.5,0.02,3,1,5,4,3,1
"P82652","Farnworth Family Practice",1,48,48,48,52,15,15,1,0.92,1,756,4320,591,2137,0.14,0.49,0.01,5,1,3,2,2,1
"P82037","Fig Tree Medical Practice",1,66,66,60,73,22,23,1,0.82,0.96,4947,4589,699,2245,0.15,0.49,0.01,4,1,4,2,2,1
"P82633","Great Lever One",1,32,32,26,29,15,15,1,0.9,1,815,2510,323,1238,0.13,0.49,0.01,5,1,3,2,2,1
"P82029","Halliwell Surgery 2",1,50,50,36,42,24,24,1,0.86,1,2012,3650,534,1770,0.15,0.48,0.01,5,1,4,2,1,1
"P82626","Halliwell Surgery 3",1,54,54,55,60,16,18,1,0.92,0.89,2012,5170,573,2499,0.11,0.48,0.01,5,1,2,1,1,1
"P82016","Harwood Medical Centre",1,244,249,162,189,109,118,0.98,0.86,0.92,19473,12034,2874,6019,0.24,0.5,0.02,2,4,5,4,3,1
"P82031","Heaton Medical Centre",1,158,164,122,142,72,79,0.96,0.86,0.91,19465,10739,2087,5471,0.19,0.51,0.02,2,4,4,3,4,1
"P82007","Kearsley Medical Centre",0.87,246,272,189,264,71,83,0.9,0.72,0.86,5380,13384,2510,6768,0.19,0.51,0.02,4,4,5,3,4,1
"P82003","Kildonan House",1,155,158,134,182,54,60,0.98,0.74,0.9,16543,15148,2904,7534,0.19,0.5,0.01,2,5,2,3,2,1
"P82013","Lever Chambers 2",1,33,33,24,34,9,10,1,0.71,0.9,815,3846,502,1839,0.13,0.48,0.01,5,1,2,2,1,1
"P82020","Little Lever Health Centre 1",1,46,46,31,47,11,16,1,0.66,0.69,3930,4762,764,2291,0.16,0.48,0.01,5,1,2,2,1,1
"P82036","Little Lever Health Centre 2",0.9,51,59,36,48,20,21,0.86,0.75,0.95,3930,2954,702,1427,0.24,0.48,0.02,5,1,5,4,1,1
"P82023","Mandalay Medical Centre",1,140,140,103,123,80,84,1,0.84,0.95,28855,8733,2124,4428,0.24,0.51,0.02,1,3,4,4,4,1
"P82012","Octagon Medical Centre",0.96,80,80,72,89,29,32,1,0.81,0.91,439,6103,991,2807,0.16,0.46,0.01,5,2,3,3,1,1
"Y03366","Olive Family Practice",1,38,45,36,45,15,15,0.84,0.8,1,1671,5621,408,2682,0.07,0.48,0.01,5,2,2,1,1,1
"P82624","Orient House Medical Centre",0.97,37,38,27,36,12,14,0.97,0.75,0.86,2055,3548,353,1640,0.1,0.46,0.01,5,1,3,1,1,1
"P82006","Pike View, Dr Malhotra & Partners",1,141,143,106,133,51,57,0.99,0.8,0.89,16543,10123,1907,5184,0.19,0.51,0.01,2,3,4,3,4,1
"P82002","Pikes Lane 1",0.96,99,99,80,99,41,48,1,0.81,0.85,1671,7294,1295,3489,0.18,0.48,0.01,5,2,3,3,1,1
"P82609","Shanti Medical Centre",1,22,22,24,26,6,6,1,0.92,1,2051,6358,386,3035,0.06,0.48,0,5,2,1,1,1,1
"P82014","Spring House Surgery",0.97,102,102,64,75,62,65,1,0.85,0.95,25981,6514,1615,3198,0.25,0.49,0.02,1,2,4,5,2,1
"P82613","Spring View Medical Centre",1,58,58,40,51,26,28,1,0.78,0.93,3930,5077,1008,2559,0.2,0.5,0.01,5,1,3,3,3,1
"P82009","St Helens Road Practice",1,127,130,79,103,61,69,0.98,0.77,0.88,11214,7625,1414,3834,0.19,0.5,0.02,3,2,4,3,3,1
"P82005","Stable Fold Surgery",1,106,106,78,94,51,56,1,0.83,0.91,17225,7144,1619,3628,0.23,0.51,0.01,2,2,4,4,4,1
"P82008","Stonehill Medical Centre",1,200,201,169,198,74,77,1,0.85,0.96,7106,14861,2113,7503,0.14,0.5,0.01,4,5,3,2,3,1
"P82004","Swan Lane Medical Centre",1,105,107,84,102,51,53,0.98,0.82,0.96,4300,9819,1169,4866,0.12,0.5,0.01,5,3,3,2,2,1
"P82018","The Alastair Ross Medical Practice",1,85,85,65,75,25,26,1,0.87,0.96,3701,7343,1000,3734,0.14,0.51,0.01,5,2,3,2,4,1
"P82001","The Dunstan Partnership",1,194,198,159,185,84,90,0.98,0.86,0.93,3701,10285,2036,5301,0.2,0.52,0.02,5,4,5,3,5,1
"P82021","The Oaks Family Practice",0.94,118,121,75,100,52,62,0.98,0.75,0.84,10043,6994,1354,3599,0.19,0.51,0.02,3,2,5,3,5,1
"P82011","Tonge Fold Health Centre",0.95,128,130,93,119,44,50,0.98,0.78,0.88,4965,6923,1444,3442,0.21,0.5,0.02,4,2,5,4,2,1
"P82015","Unsworth Group Practice",1,321,329,256,293,128,144,0.98,0.87,0.89,30773,20343,4557,10309,0.22,0.51,0.02,1,5,4,4,4,1
"P82634","Wyresdale Road Surgery",1,47,47,49,60,18,20,1,0.82,0.9,2547,4190,589,2002,0.14,0.48,0.01,5,1,3,2,1,1
"P83009","Blackford House Medical Centre",1,111,111,90,101,68,74,1,0.89,0.92,18097,7684,1971,3875,0.26,0.5,0.01,2,3,4,5,3,1
"P83001","Fairfax Group Practice",1,152,153,116,140,75,85,0.99,0.83,0.88,9145,14121,2211,7211,0.16,0.51,0.01,4,5,3,2,4,1
"P83620","Garden City Medical Centre",1,86,86,45,52,49,53,1,0.87,0.92,17739,5163,1412,2635,0.27,0.51,0.02,2,1,4,5,4,1
"P83027","Greyland Medical Centre",0.29,5,9,5,9,7,8,0.56,0.56,0.88,6918,1819,415,857,0.23,0.47,0,4,1,1,4,1,1
"P83621","Huntley Mount Medical Centre",1,46,46,40,47,14,15,1,0.85,0.93,1766,3133,489,1491,0.16,0.48,0.01,5,1,4,2,1,1
"P83024","Knowsley Medical Centre",1,48,48,52,69,14,15,1,0.75,0.93,3156,4545,742,2169,0.16,0.48,0.01,5,1,2,3,1,1
"P83623","Longfield Medical Practice",1,57,58,41,51,24,26,0.98,0.8,0.92,9145,4912,863,2377,0.18,0.48,0.01,4,1,3,3,1,1
"P83612","Mile Lane Health Centre",1,118,119,77,94,63,68,0.99,0.82,0.93,31179,5365,1313,2758,0.24,0.51,0.02,1,2,5,5,5,1
"P83010","Monarch Medical Centre",1,37,38,37,45,12,13,0.97,0.82,0.92,6014,3686,611,1754,0.17,0.48,0.01,4,1,2,3,1,1
"P83021","Peel Gps",1,99,101,96,119,32,36,0.98,0.81,0.89,3156,10044,1568,4931,0.16,0.49,0.01,5,3,2,2,2,1
"P83007","Radcliffe Medical Practice",1,112,114,86,135,31,39,0.98,0.64,0.79,1913,10907,1574,5490,0.14,0.5,0.01,5,4,2,2,3,1
"P83006","Ramsbottom Medical Practice",0.97,95,97,68,87,43,51,0.98,0.78,0.84,20870,8165,1532,4105,0.19,0.5,0.01,2,3,3,3,3,1
"P83603","Red Bank Group Practice",1,228,231,158,169,95,98,0.99,0.93,0.97,1913,9271,2208,4689,0.24,0.51,0.02,5,3,5,4,4,1
"P83015","Ribblesdale Medical Practice",1,127,128,81,96,68,70,0.99,0.84,0.97,3156,7419,1671,3706,0.23,0.5,0.02,5,2,5,4,3,1
"Y02755","Rock Healthcare Limited",1,54,54,61,76,9,11,1,0.8,0.82,3704,10047,617,4828,0.06,0.48,0.01,5,3,1,1,1,1
"P83025","St Gabriel's Medical Centre",1,56,56,45,53,25,26,1,0.85,0.96,16299,8999,1117,4344,0.12,0.48,0.01,2,3,1,2,1,1
"P83609","The Birches Medical Centre",1,40,40,24,30,14,16,1,0.8,0.88,24020,3896,623,1963,0.16,0.5,0.01,1,1,2,2,3,1
"P83608","The Elms Medical Centre",1,82,83,50,67,47,52,0.99,0.75,0.9,15530,6396,1227,3240,0.19,0.51,0.01,3,2,3,3,4,1
"P83004","The Uplands Medical Practice",1,53,54,42,52,23,24,0.98,0.81,0.96,10846,7860,1203,3889,0.15,0.49,0.01,3,3,1,2,2,1
"P83012","Tower Family Healthcare",1,754,772,523,646,341,384,0.98,0.81,0.89,24050,48339,9559,24603,0.2,0.51,0.02,1,5,4,3,4,1
"P83005","Townside Surgery",1,81,81,70,74,36,37,1,0.95,0.97,3156,4600,1113,2297,0.24,0.5,0.02,5,1,5,4,3,1
"P83011","Unsworth Medical Centre",1,104,105,73,94,59,59,0.99,0.78,1,25369,7255,1614,3701,0.22,0.51,0.01,1,2,4,4,4,1
"P83611","Walmersley Road Medical Practice",1,28,28,28,30,7,8,1,0.93,0.88,3989,4598,382,2035,0.08,0.44,0.01,5,1,1,1,1,1
"P83605","Whittaker Lane Med Centre",1,100,100,67,83,55,56,1,0.81,0.98,7401,7568,1209,3787,0.16,0.5,0.01,4,2,3,2,3,1
"P83017","Woodbank Surgery",0.95,79,80,67,78,34,39,0.99,0.86,0.87,9659,6943,1205,3464,0.17,0.5,0.01,4,2,3,3,3,1
"P81740","Adlington Medical Centre",1,141,142,119,161,59,65,0.99,0.74,0.91,28679,10953,2117,5240,0.19,0.48,0.01,1,4,3,3,1,1
"P81692","Beeches Medical Centre",1,21,21,14,16,14,14,1,0.88,1,29726,2054,580,996,0.28,0.48,0.01,1,1,2,5,1,1
"Y02466","Buckshaw Village Health Centre",1,80,81,55,69,34,35,0.99,0.8,0.97,22168,12201,926,6124,0.08,0.5,0.01,2,4,1,1,3,1
"P81117","Central Park Surgery",1,52,53,44,55,21,23,0.98,0.8,0.91,11779,5522,1025,2791,0.19,0.51,0.01,3,2,2,3,3,1
"P81180","Clayton Brook Surgery",0.83,54,55,41,47,19,22,0.98,0.87,0.86,16602,3458,646,1722,0.19,0.5,0.02,2,1,4,3,2,1
"P81033","Coppull Medical Practice",1,150,152,98,124,67,75,0.99,0.79,0.89,19471,8021,1942,3988,0.24,0.5,0.02,2,3,5,4,2,1
"P81701","Dr Dawoud's Surgery",1,43,44,35,41,16,18,0.98,0.85,0.89,5679,2971,638,1457,0.21,0.49,0.01,4,1,4,4,2,1
"Y00347","Dr Jacobs Surgery",1,76,77,71,82,29,31,0.99,0.87,0.94,27738,5487,1123,2717,0.2,0.5,0.01,1,2,4,4,2,1
"P81127","Gab Healthcare",0.87,115,119,93,135,39,52,0.97,0.69,0.75,8729,9724,1669,4915,0.17,0.51,0.01,4,3,3,3,3,1
"P81154","Granville House Med Ctre",0.99,112,119,99,121,63,68,0.94,0.82,0.93,27848,8056,2183,4156,0.27,0.52,0.01,1,3,4,5,5,1
"P81181","Kingsfold Medical Centre",1,84,84,63,79,39,46,1,0.8,0.85,13166,5291,1134,2727,0.21,0.52,0.02,3,1,4,4,5,1
"P81044","Library House Surgery",1,235,236,176,234,128,147,1,0.75,0.87,8729,16823,3622,8486,0.22,0.5,0.01,4,5,4,4,3,1
"P81186","Moss Side Medical Centre",0.82,73,73,46,68,24,36,1,0.68,0.67,15167,4742,983,2412,0.21,0.51,0.02,3,1,4,4,4,1
"P81687","New Longton Surgery",1,50,50,38,44,35,36,1,0.86,0.97,30159,2087,675,1127,0.32,0.54,0.02,1,1,5,5,5,1
"P81062","Regent House Surgery",1,109,110,68,92,65,70,0.99,0.74,0.93,8729,7620,1720,3874,0.23,0.51,0.01,4,2,4,4,4,1
"P81083","Roslea Surgery",1,126,129,93,109,77,81,0.98,0.85,0.95,5813,8644,2101,4388,0.24,0.51,0.01,4,3,4,4,4,1
"P81076","Sandy Lane Surgery",1,135,137,120,145,66,74,0.99,0.83,0.89,25296,10790,2554,5453,0.24,0.51,0.01,1,4,3,4,3,1
"P81741","Station Surgery",0.89,21,21,15,22,6,8,1,0.68,0.75,22012,2424,328,1150,0.14,0.47,0.01,2,1,2,2,1,1
"P81038","The Chorley Surgery",1,134,136,112,134,67,73,0.99,0.84,0.92,8729,10038,1906,5054,0.19,0.5,0.01,4,3,3,3,3,1
"P81171","The Euxton Medical Centre",1,59,60,57,62,25,27,0.98,0.92,0.93,14055,4613,1116,2348,0.24,0.51,0.01,3,1,3,4,4,1
"P81082","The Ryan Medical Centre",1,155,158,138,152,98,106,0.98,0.91,0.92,7358,10729,2597,5453,0.24,0.51,0.01,4,4,4,4,4,1
"P81655","The Village Surgeries Croston&Eccleston",1,143,145,111,144,83,93,0.99,0.77,0.89,27856,10403,2519,5287,0.24,0.51,0.01,1,4,4,4,4,1
"P81143","Whittle Surgery",1,134,135,88,117,67,76,0.99,0.75,0.88,27944,11598,2390,5799,0.21,0.5,0.01,1,4,3,4,3,1
"P81010","Withnell Health Centre",1,61,62,54,57,37,38,0.98,0.95,0.97,17120,5581,1286,2878,0.23,0.52,0.01,2,2,3,4,5,1
"P81057","Worden Medical Centre",0.9,190,199,136,167,92,101,0.95,0.81,0.91,22012,14082,3078,7173,0.22,0.51,0.01,2,5,4,4,4,1
"P85015","Alexandra Group Med Pract",0.95,83,89,70,95,26,34,0.93,0.74,0.76,738,7609,905,3864,0.12,0.51,0.01,5,2,3,2,4,1
"P85011","Ch Medical Practice",0.96,142,151,130,158,64,80,0.94,0.82,0.8,6035,12741,2045,6482,0.16,0.51,0.01,4,4,3,2,4,1
"P85004","Chadderton Medical Practice",0.98,70,70,63,80,20,25,1,0.79,0.8,2052,6142,847,3062,0.14,0.5,0.01,5,2,3,2,3,1
"P85622","Glodwick Medical Practice",0.86,85,85,88,104,33,35,1,0.85,0.94,738,11151,755,5433,0.07,0.49,0.01,5,4,2,1,2,1
"P85021","Greenbank Medical Practice",1,115,116,128,147,31,33,0.99,0.87,0.94,738,10334,1083,5159,0.1,0.5,0.01,5,4,3,1,3,1
"Y02753","Hill Top Surgery",1,61,61,58,66,10,11,1,0.88,0.91,2002,5869,545,2992,0.09,0.51,0.01,5,2,2,1,4,1
"Y02933","Hollinwood Medical Practice",1,83,85,82,93,21,23,0.98,0.88,0.91,1507,8547,842,4353,0.1,0.51,0.01,5,3,2,1,4,1
"P85014","Hopwood House Medical Practice",1,73,74,63,83,24,27,0.99,0.76,0.89,738,6571,730,3316,0.11,0.5,0.01,5,2,3,1,3,1
"P85601","Jalal Practice",0.96,38,40,27,37,9,12,0.95,0.73,0.75,140,3156,361,1564,0.11,0.5,0.01,5,1,3,2,2,1
"Y02827","John Street Medical Practice",1,39,39,45,56,8,9,1,0.8,0.89,448,5081,259,2428,0.05,0.48,0.01,5,1,2,1,1,1
"P85615","Kapur Family Care",0.86,90,91,69,92,19,34,0.99,0.75,0.56,1222,11874,886,5868,0.07,0.49,0.01,5,4,2,1,2,1
"P85022","Lees Medical Practice",0.93,53,56,61,72,22,22,0.95,0.85,1,12708,5056,696,2466,0.14,0.49,0.01,3,1,3,2,2,1
"P85005","Leesbrook Surgery",1,152,157,107,130,77,85,0.97,0.82,0.91,12708,9382,2379,4911,0.25,0.52,0.02,3,3,4,5,5,1
"Y02875","Lindley House Health Centre",0.98,19,19,24,37,2,2,1,0.65,1,140,4869,302,2277,0.06,0.47,0,5,1,1,1,1,1
"P85605","Littletown Family Med Pract",1,63,64,62,75,17,17,0.98,0.83,1,6352,7652,744,3780,0.1,0.49,0.01,4,3,2,1,2,1
"P85018","Md Family Practice",0.95,90,91,80,87,19,20,0.99,0.92,0.95,1222,4425,648,2015,0.15,0.46,0.02,5,1,5,2,1,1
"P85610","Medlock Medical Practice",1,77,77,65,77,26,30,1,0.84,0.87,9130,7574,954,3297,0.13,0.44,0.01,4,2,2,2,1,1
"P85606","Moorside Medical Practice",1,80,82,63,82,20,22,0.98,0.77,0.91,9172,6801,866,3430,0.13,0.5,0.01,4,2,3,2,3,1
"P85017","Oak Gables Medical Practice",0.96,188,208,123,168,99,111,0.9,0.73,0.89,2910,9218,2603,4713,0.28,0.51,0.02,5,3,5,5,4,1
"P85007","Oldham Family Practice",0.97,38,39,36,44,18,18,0.97,0.82,1,140,4019,555,1978,0.14,0.49,0.01,5,1,2,2,2,1
"P85012","Oldham Medical Services",1,30,30,39,44,12,12,1,0.89,1,3347,5881,544,2830,0.09,0.48,0.01,5,2,1,1,1,1
"P89006","Pennine Medical Centre",1,155,157,142,180,65,70,0.99,0.79,0.93,11376,11424,2512,5787,0.22,0.51,0.01,3,4,4,4,4,1
"P85608","Perkins Practice",1,53,53,43,50,7,7,1,0.86,1,140,2506,380,1292,0.15,0.52,0.02,5,1,5,2,5,1
"P85026","Quayside Medical Practice",0.78,212,217,125,223,68,103,0.98,0.56,0.66,9130,16111,3053,8353,0.19,0.52,0.01,4,5,3,3,5,1
"P85019","Royton Medical Centre",1,91,91,64,84,43,48,1,0.76,0.9,14296,6767,1098,3403,0.16,0.5,0.01,3,2,3,3,3,1
"P85016","Saddleworth Medical Practice",0.92,225,232,143,182,126,141,0.97,0.79,0.89,21211,14011,3754,7147,0.27,0.51,0.02,2,5,4,5,4,1
"P85020","Springfield House",1,95,97,71,88,50,54,0.98,0.81,0.93,499,7566,1335,3715,0.18,0.49,0.01,5,2,3,3,2,1
"P85002","St Mary's Medical Centre",0.96,88,90,65,87,36,40,0.98,0.75,0.9,254,6763,1009,3313,0.15,0.49,0.01,5,2,3,2,2,1
"P85003","The Chowdhury Practice",1,49,49,46,57,13,14,1,0.81,0.93,140,6160,352,2983,0.06,0.48,0.01,5,2,2,1,1,1
"P85013","The Royton & Crompton Family Practice",1,318,319,259,326,151,172,1,0.79,0.88,3434,21336,4915,10713,0.23,0.5,0.01,5,5,4,4,3,1
"P85614","Village Medical Practice",0.93,49,50,45,58,19,20,0.98,0.78,0.95,3865,4653,763,2346,0.16,0.5,0.01,5,1,3,3,3,1
"P85612","Werneth Medical Practice",1,24,24,18,23,8,8,1,0.78,1,1222,4027,271,1826,0.07,0.45,0.01,5,1,1,1,1,1
"P85010","Woodlands Medical Practice",1,220,221,192,216,87,96,1,0.89,0.91,2052,13976,2742,7098,0.2,0.51,0.02,5,5,4,3,4,1
"Y02605","Accrington Victoria Gp Practice",0.97,40,41,31,39,18,18,0.98,0.79,1,3235,3730,431,1925,0.12,0.52,0.01,5,1,3,2,5,1
"P81147","Arg Healthcare",0.99,74,76,53,69,35,35,0.97,0.77,1,419,4944,871,2322,0.18,0.47,0.02,5,1,4,3,1,1
"P81078","Barnoldswick Med Ctr",1,187,191,133,169,91,102,0.98,0.79,0.89,10135,11986,2760,5925,0.23,0.49,0.02,3,4,4,4,2,1
"P81757","Barrowford Surgery",1,40,40,30,34,24,24,1,0.88,1,26723,3554,811,1713,0.23,0.48,0.01,1,1,3,4,1,1
"P81053","Briercliffe Surgery",1,101,104,71,103,42,50,0.97,0.69,0.84,24485,8224,1685,4105,0.2,0.5,0.01,1,3,3,4,3,1
"P81020","Burnley Group Practice",0.92,308,334,261,322,133,145,0.92,0.81,0.92,436,24672,4329,12143,0.18,0.49,0.01,5,5,3,3,2,1
"P81137","Burnley Wood Medical Centre",0.98,83,85,82,105,44,47,0.98,0.78,0.94,303,6846,1311,3551,0.19,0.52,0.01,5,2,3,3,5,1
"P81035","Colne Road Surgery",1,54,55,63,75,22,22,0.98,0.84,1,1769,8532,805,4042,0.09,0.47,0.01,5,3,1,1,1,1
"P81711","Dill Hall Surgery",0.83,31,31,36,41,7,8,1,0.88,0.88,3235,2808,404,1349,0.14,0.48,0.01,5,1,3,2,1,1
"P81166","Dr Bello's Surgery",1,45,45,33,43,13,14,1,0.77,0.93,3235,2365,439,1099,0.19,0.46,0.02,5,1,5,3,1,1
"P81731","Dr Jehangir (Sh)",1,23,23,20,31,6,8,1,0.65,0.75,1238,2643,330,1187,0.12,0.45,0.01,5,1,2,2,1,1
"Y02606","Fairmore Medical Practice",1,49,49,51,60,7,8,1,0.85,0.88,7820,6105,490,2992,0.08,0.49,0.01,4,2,2,1,2,1
"P81730","Great Harwood Medical Group",1,149,153,93,114,62,70,0.97,0.82,0.89,14532,8987,1813,4517,0.2,0.5,0.02,3,3,4,4,3,1
"P81732","Harambee Surgery",1,59,59,51,57,30,32,1,0.89,0.94,18007,4644,1032,2398,0.22,0.52,0.01,2,1,3,4,5,1
"P81099","Haslingden Healthcare Ltd",1,140,144,112,128,71,73,0.97,0.88,0.97,4186,10844,2335,5528,0.22,0.51,0.01,5,4,3,4,4,1
"P81212","Hazelvalley Family Practice",0.98,90,91,66,88,45,48,0.99,0.75,0.94,4186,6179,1085,3052,0.18,0.49,0.01,5,2,4,3,2,1
"P81699","Higher Heys Surgery",1,33,33,26,33,18,18,1,0.79,1,11007,2225,438,1104,0.2,0.5,0.01,3,1,4,3,2,1
"P81165","Ightenhill Medical Centre",1,38,39,39,48,20,21,0.97,0.81,0.95,3740,2748,515,1332,0.19,0.48,0.01,5,1,4,3,1,1
"P81118","Ilex View Medical Practice",1,98,99,90,113,41,43,0.99,0.8,0.95,7820,9869,1494,4986,0.15,0.51,0.01,4,3,2,2,3,1
"P81027","Irwell Medical Practice",1,207,210,209,243,87,91,0.99,0.86,0.96,2337,15239,2815,7651,0.18,0.5,0.01,5,5,4,3,3,1
"P81726","King Street Medical Ctr",1,20,20,22,27,7,7,1,0.81,1,3235,1694,259,832,0.15,0.49,0.01,5,1,3,2,2,1
"P81170","Nelson Medical Practice",1,75,77,103,134,17,18,0.97,0.77,0.94,1238,11040,857,5313,0.08,0.48,0.01,5,4,1,1,1,1
"P81160","Oswald Medical Centre",1,200,203,142,183,68,73,0.99,0.78,0.93,3235,16173,2542,7880,0.16,0.49,0.01,5,5,3,2,2,1
"P81130","Padiham Group Practice",0.97,175,187,146,179,91,103,0.94,0.82,0.88,1728,13862,3039,6905,0.22,0.5,0.01,5,4,3,4,2,1
"P81047","Parkside Surgery",1,230,235,204,238,113,119,0.98,0.86,0.95,436,16268,3217,8115,0.2,0.5,0.01,5,5,4,3,3,1
"P81036","Peel House Medical Practice",0.89,272,277,187,234,115,124,0.98,0.8,0.93,327,17514,3416,8723,0.2,0.5,0.02,5,5,4,3,2,1
"P81070","Pendle View Medical Ctre",1,106,109,93,114,62,68,0.97,0.82,0.91,1912,8191,1662,4140,0.2,0.51,0.01,5,3,3,4,3,1
"P81069","Pendleside Medical Pract",1,166,170,129,151,83,93,0.98,0.85,0.89,23060,11825,2731,5985,0.23,0.51,0.01,2,4,4,4,4,1
"P81123","Pwe Pendle Valley Mill",1,133,137,95,102,39,41,0.97,0.93,0.95,1238,12980,1712,6267,0.13,0.48,0.01,5,4,2,2,1,1
"P81032","Reedyford Hlth Care Group",1,191,194,155,200,103,112,0.98,0.78,0.92,1238,14481,2633,7346,0.18,0.51,0.01,5,5,3,3,4,1
"P81182","Richmond Medical Centre",1,55,55,49,60,28,28,1,0.82,1,3235,6634,705,3180,0.11,0.48,0.01,5,2,2,1,1,1
"P81780","Riverside Family Practice",0.89,40,45,35,44,7,8,0.89,0.8,0.88,436,5801,417,2752,0.07,0.47,0.01,5,2,2,1,1,1
"P81197","Rosegrove Surgery",1,64,65,57,81,18,23,0.98,0.7,0.78,6777,5044,891,2583,0.18,0.51,0.01,4,1,3,3,4,1
"P81686","Rossendale Valley Medical Practice",0.97,22,22,20,23,12,12,1,0.87,1,4186,2547,389,1158,0.15,0.45,0.01,5,1,2,2,1,1
"P81620","Slaidburn Health Centre",0.74,22,22,15,16,16,18,1,0.94,0.89,15398,1481,371,719,0.25,0.49,0.01,3,1,4,5,2,1
"P81003","St James' Medical Centre",1,139,152,106,124,90,97,0.91,0.85,0.93,7158,8646,2454,4353,0.28,0.5,0.02,4,3,5,5,3,1
"P81100","The Castle Medical Group",1,241,245,178,203,128,136,0.98,0.88,0.94,23060,15668,3805,7870,0.24,0.5,0.02,2,5,4,4,3,1
"P81218","The Clayton Medical Ctr.",1,85,90,67,87,32,37,0.94,0.77,0.86,12137,6184,1257,3104,0.2,0.5,0.01,3,2,4,4,3,1
"P81065","The Pendle Medical Partnership",1,182,183,165,205,79,90,0.99,0.8,0.88,11058,15069,3393,7588,0.23,0.5,0.01,3,5,3,4,3,1
"P81025","The Richmond Hill Practice",1,94,95,110,119,77,77,0.99,0.92,1,992,12764,2671,6385,0.21,0.5,0.01,5,4,2,4,3,1
"P81755","The Weavers Practice",1,134,135,121,140,69,74,0.99,0.86,0.93,3815,8871,1809,4408,0.2,0.5,0.02,5,3,4,4,2,1
"P81095","Thursby Surgery",1,127,128,109,132,54,56,0.99,0.83,0.96,1336,8626,1456,4318,0.17,0.5,0.01,5,3,4,3,3,1
"P81132","Waterfoot Medical Practice",1,108,108,114,121,50,53,1,0.94,0.94,9527,9353,1771,4691,0.19,0.5,0.01,4,3,3,3,3,1
"P81017","Whalley Medical Centre",1,184,188,145,166,119,128,0.98,0.87,0.93,28546,14827,3680,7399,0.25,0.5,0.01,1,5,3,5,3,1
"P81736","Whitefield Healthcare",1,29,29,32,38,6,6,1,0.84,1,1238,4086,435,1995,0.11,0.49,0.01,5,1,1,1,2,1
"P81088","Whitworth Medical Centre",0.99,89,96,61,87,41,46,0.93,0.7,0.89,9044,6980,1430,3481,0.2,0.5,0.01,4,2,4,4,3,1
"P81008","Yorkshire Street Medical Centre",1,85,87,72,91,44,49,0.98,0.79,0.9,116,7260,1556,3645,0.21,0.5,0.01,5,2,3,4,3,1
"P86006","Ashworth Street Surgery",1,190,192,148,173,98,110,0.99,0.86,0.89,1187,17084,2607,8526,0.15,0.5,0.01,5,5,3,2,3,1
"Y02718","Birtle View Medical Practice",1,53,54,46,63,18,19,0.98,0.73,0.95,2151,4377,607,2244,0.14,0.51,0.01,5,1,3,2,5,1
"P86009","Castleton Health Centre",0.99,125,126,137,168,83,90,0.99,0.82,0.92,9036,10400,2117,5274,0.2,0.51,0.01,4,4,3,4,4,1
"P86014","Croft Shifa Health Centre",0.94,51,51,43,53,13,14,1,0.81,0.93,1842,8001,675,3686,0.08,0.46,0.01,5,3,1,1,1,1
"P86614","Dr A Hamid",1,16,16,22,25,4,4,1,0.88,1,24,4733,319,2220,0.07,0.47,0,5,1,1,1,1,1
"P86002","Dr Gwd Bhima",1,21,21,19,21,6,6,1,0.9,1,24,1773,256,813,0.14,0.46,0.01,5,1,3,2,1,1
"P86619","Dr Mb Ghafoor & Partners",0.93,39,42,38,46,11,11,0.93,0.83,1,24,6432,490,2964,0.08,0.46,0.01,5,2,1,1,1,1
"P86019","Durnford Medical Centre",1,133,135,130,161,46,53,0.99,0.81,0.87,11487,9901,2026,4966,0.2,0.5,0.01,3,3,4,4,3,1
"P86003","Edenfield Road Surgery",0.95,153,158,108,152,79,96,0.97,0.71,0.82,13023,10764,2633,5424,0.24,0.5,0.01,3,4,4,5,3,1
"P86606","Family Practice",1,54,54,57,66,14,15,1,0.86,0.93,3805,4318,564,2131,0.13,0.49,0.01,5,1,3,2,2,1
"P86602","Heady Hill Surgery",1,46,47,53,65,14,14,0.98,0.82,1,6899,3427,561,1720,0.16,0.5,0.01,4,1,4,3,3,1
"P86013","Healey Surgery",0.77,59,59,53,69,27,28,1,0.77,0.96,14190,6166,1090,2973,0.18,0.48,0.01,3,2,2,3,1,1
"P86016","Heywood Health",1,132,133,92,110,47,53,0.99,0.84,0.89,699,8773,1435,4253,0.16,0.48,0.02,5,3,4,3,1,1
"P86023","Hopwood Medical Centre",1,150,152,109,129,48,53,0.99,0.84,0.91,7464,9437,1504,4803,0.16,0.51,0.02,4,3,4,2,4,1
"P86017","Inspire Medical Centre",1,25,25,33,34,10,10,1,0.97,1,1084,4756,346,2262,0.07,0.48,0.01,5,1,1,1,1,1
"Y02721","Kirkholt Medical Practice",1,34,34,43,51,12,13,1,0.84,0.92,498,4955,338,2555,0.07,0.52,0.01,5,1,1,1,5,1
"P86018","Littleborough Group Practice",1,159,163,125,160,65,71,0.98,0.78,0.92,17333,8626,1922,4433,0.22,0.51,0.02,2,3,5,4,5,1
"P86011","Longford Street Medical Centre",1,134,138,118,142,47,52,0.97,0.83,0.9,2151,8573,1860,4228,0.22,0.49,0.02,5,3,4,4,2,1
"P86008","Mark Street Surgery",1,110,114,94,118,53,57,0.96,0.8,0.93,2450,10280,1536,5188,0.15,0.5,0.01,5,4,3,2,3,1
"Y02795","Middleton Health Centre",1,53,53,53,60,10,11,1,0.88,0.91,4367,5090,407,2571,0.08,0.51,0.01,5,1,2,1,3,1
"P86001","Milnrow Village Practice",1,99,100,76,90,46,49,0.99,0.84,0.94,14943,8058,1525,4096,0.19,0.51,0.01,3,3,3,3,4,1
"P86021","Pennine Surgery",1,64,65,54,61,29,30,0.98,0.89,0.97,17333,3709,836,1864,0.23,0.5,0.02,2,1,5,4,3,1
"P86004","Peterloo Medical Centre",1,113,114,115,128,58,60,0.99,0.9,0.97,4367,8891,1726,4497,0.19,0.51,0.01,5,3,3,3,4,1
"P86015","Rochdale Road Medical Centre",0.97,45,46,43,55,15,16,0.98,0.78,0.94,5357,5899,877,2880,0.15,0.49,0.01,4,2,2,2,2,1
"P86022","Stonefield Street Surgery",1,124,127,107,129,49,55,0.98,0.83,0.89,14943,8734,1718,4411,0.2,0.51,0.01,3,3,4,3,3,1
"P86609","The Dale Medical Practice",1,14,14,22,23,4,4,1,0.96,1,24,2481,235,1206,0.09,0.49,0.01,5,1,1,1,2,1
"P86026","The Dawes Family Practice",1,136,140,81,108,52,59,0.97,0.75,0.88,1187,7547,1303,3830,0.17,0.51,0.02,5,2,5,3,4,1
"Y00726","The Hive Health Centre",1,62,62,71,84,32,34,1,0.85,0.94,5357,5569,828,2809,0.15,0.5,0.01,4,2,3,2,3,1
"P86010","The Junction Surgery",1,115,124,90,115,47,49,0.93,0.78,0.96,5906,8588,1566,4365,0.18,0.51,0.01,4,3,4,3,4,1
"Y02720","The Kingsway Practice",1,30,30,32,40,7,8,1,0.8,0.88,3304,4475,265,2260,0.06,0.51,0.01,5,1,1,1,3,1
"P86608","The Village Medical Ctr.",1,49,49,53,62,24,25,1,0.85,0.96,16616,4324,805,2121,0.19,0.49,0.01,2,1,3,3,2,1
"P86624","Trinity Medical Centre",1,75,75,63,78,31,33,1,0.81,0.94,5966,4254,946,2140,0.22,0.5,0.02,4,1,5,4,3,1
"P86007","Wellfield Health Centre",1,188,193,187,236,57,63,0.97,0.79,0.9,1410,13803,2084,6783,0.15,0.49,0.01,5,4,4,2,2,1
"P86620","Windermere Surgery",0.64,23,26,25,30,4,4,0.88,0.83,1,4967,2864,309,1470,0.11,0.51,0.01,4,1,2,1,5,1
"P86012","Woodside Medical Centre",1,147,149,138,170,40,44,0.99,0.81,0.91,3805,9052,1243,4496,0.14,0.5,0.02,5,3,4,2,2,1
"P86005","Yorkshire St Surgery",1,68,68,59,76,22,23,1,0.78,0.96,1037,6225,1016,3019,0.16,0.48,0.01,5,2,3,3,1,1
"P81770","Avenham Surgery",0.86,34,35,52,58,8,8,0.97,0.9,1,4634,7682,553,3476,0.07,0.45,0,4,3,1,1,1,1
"P81055","Berry Lane Medical Centre",1,209,210,149,171,104,118,1,0.87,0.88,9910,14276,3251,7225,0.23,0.51,0.01,3,5,4,4,4,1
"P81748","Briarwood Medical Centre",1,77,77,80,95,30,31,1,0.84,0.97,20602,7463,1269,3816,0.17,0.51,0.01,2,2,2,3,4,1
"P81735","Dr A Hussain",1,27,27,30,36,5,5,1,0.83,1,8751,3394,282,1616,0.08,0.48,0.01,4,1,2,1,1,1
"P81685","Dr Ali Guttridge Medical Centre",0.86,40,40,26,32,10,11,1,0.81,0.91,3931,4405,412,2007,0.09,0.46,0.01,5,1,2,1,1,1
"P81169","Fishergate Hill Surgery",1,87,88,67,83,27,29,0.99,0.81,0.93,3688,6735,971,3196,0.14,0.47,0.01,5,2,3,2,1,1
"P81647","Gutteridge Medical Centre",1,27,27,29,35,5,6,1,0.83,0.83,3931,4279,352,1982,0.08,0.46,0.01,5,1,1,1,1,1
"P81196","Issa Medical Centre - Patel",1,365,373,305,393,143,160,0.98,0.78,0.89,5738,35991,4222,17200,0.12,0.48,0.01,4,5,2,2,1,1
"P81119","Lane Ends Surgery",1,100,108,76,109,45,52,0.93,0.7,0.87,6670,10686,1320,5128,0.12,0.48,0.01,4,4,2,2,1,1
"P81040","Longton Health Centre",0.96,197,198,102,124,103,113,0.99,0.82,0.91,30592,10439,2976,5317,0.29,0.51,0.02,1,4,5,5,4,1
"P81179","Lostock Hall Medical Ctr.",1,77,78,64,77,48,49,0.99,0.83,0.98,27923,6380,1168,3308,0.18,0.52,0.01,1,2,3,3,5,1
"P81015","Lytham Road Surgery",1,194,197,121,142,119,132,0.98,0.85,0.9,27990,13351,2818,6814,0.21,0.51,0.01,1,4,4,4,4,1
"P81103","North Preston Medical Practice",1,164,169,110,133,77,84,0.97,0.83,0.92,27544,11898,2160,6132,0.18,0.52,0.01,1,4,4,3,5,1
"P81046","Park View Surgery",1,69,69,47,61,14,16,1,0.77,0.88,5778,6591,712,3098,0.11,0.47,0.01,4,2,2,1,1,1
"P81184","Ribbleton Medical Centre",1,112,114,111,122,40,43,0.98,0.91,0.93,3370,9024,1138,4565,0.13,0.51,0.01,5,3,3,2,4,1
"P81185","Riverside Medical Centre",1,131,134,122,130,66,69,0.98,0.94,0.96,17520,10648,2225,5390,0.21,0.51,0.01,2,4,3,4,4,1
"P81018","St Fillan's Medical Ctre",1,150,153,86,99,76,80,0.98,0.87,0.95,32925,8146,1986,4183,0.24,0.51,0.02,1,3,5,4,5,1
"P81213","St. Mary's Health Centre",1,109,112,80,98,60,70,0.97,0.82,0.86,31309,17335,2121,8477,0.12,0.49,0.01,1,5,1,2,2,1
"P81107","Stonebridge Surgery",1,99,104,95,104,59,59,0.95,0.91,1,19958,8180,1846,4135,0.23,0.51,0.01,2,3,3,4,3,1
"P81067","The Healthcare Centre",1,198,198,151,191,112,117,1,0.79,0.96,3937,12815,2489,6508,0.19,0.51,0.02,5,4,4,3,4,1
"P81071","The New Hall Lane Practice",0.89,65,67,69,82,26,28,0.97,0.84,0.93,1217,7178,883,3555,0.12,0.5,0.01,5,2,2,2,2,1
"P81664","The Park Medical Practice",1,166,170,149,178,81,88,0.98,0.84,0.92,20602,18309,2626,8935,0.14,0.49,0.01,2,5,2,2,2,1
"N81011","Bevan Group Practice",1,197,201,149,177,96,104,0.98,0.84,0.92,11866,14581,3001,7319,0.21,0.5,0.01,3,5,4,4,3,1
"N81096","Brookvale Practice",1,126,126,117,147,35,36,1,0.8,0.97,1121,8812,1567,4477,0.18,0.51,0.01,5,3,4,3,4,1
"N81019","Castlefields Health Centre",1,164,166,175,210,57,63,0.99,0.83,0.9,435,14968,2295,7439,0.15,0.5,0.01,5,5,3,2,2,1
"N81035","Fir Park Medical Centre",1,176,177,131,178,74,83,0.99,0.74,0.89,31208,12241,2761,6177,0.23,0.5,0.01,1,4,4,4,3,1
"N81066","Grove House Practice",1,223,228,164,202,55,61,0.98,0.81,0.9,976,14688,2697,7098,0.18,0.48,0.02,5,5,4,3,1,1
"N81072","Murdishaw",1,85,85,96,107,20,20,1,0.9,1,2885,7916,1430,3865,0.18,0.49,0.01,5,3,3,3,2,1
"N81064","Newtown Surgery",0.73,88,90,58,92,36,40,0.98,0.63,0.9,372,6853,1306,3321,0.19,0.48,0.01,5,2,3,3,1,1
"N81619","Oaks Place Surgery",1,37,37,32,41,7,8,1,0.78,0.88,372,3912,396,1900,0.1,0.49,0.01,5,1,2,1,2,1
"N81045","Peelhouse Medical Plaza",1,276,278,211,253,101,119,0.99,0.83,0.85,3424,13654,2896,6732,0.21,0.49,0.02,5,4,5,4,2,1
"N81037","The Beeches Medical Ctr",1,119,120,83,110,44,48,0.99,0.75,0.92,4244,8312,1626,4246,0.2,0.51,0.01,5,3,4,3,4,1
"N81057","Tower House Practice",1,185,189,144,163,76,91,0.98,0.88,0.84,976,13088,2894,6673,0.22,0.51,0.01,5,4,4,4,4,1
"N81651","Upton Rocks Primary Care",1,31,31,22,26,13,14,1,0.85,0.93,22519,3487,452,1733,0.13,0.5,0.01,2,1,2,2,2,1
"N81054","Weaver Vale Practice",1,138,141,124,143,44,47,0.98,0.87,0.94,1121,8997,1688,4537,0.19,0.5,0.02,5,3,4,3,3,1
"P87657","(Irlam) Salford Care Ctrs Medical Practi",0.9,58,59,49,62,33,35,0.98,0.79,0.94,20857,4195,699,2147,0.17,0.51,0.01,2,1,4,3,4,1
"P87620","1/Monton Medical Practice",1,105,108,86,102,45,46,0.97,0.84,0.98,13650,9378,1267,4567,0.14,0.49,0.01,3,3,3,2,2,1
"P87004","1/Salford Medical Practice",1,49,49,61,63,19,19,1,0.97,1,4795,14499,652,7443,0.04,0.51,0,4,5,1,1,5,1
"P87024","3/Springfield House Medical Practice",1,117,119,132,143,46,48,0.98,0.92,0.96,278,11699,1458,5800,0.12,0.5,0.01,5,4,2,2,2,1
"Y02622","Blackfriars",0.79,22,23,27,35,1,1,0.96,0.77,1,15526,15900,203,7546,0.01,0.47,0,3,5,1,1,1,1
"Y02625","Care Homes Medical Practice",1,158,161,102,104,159,164,0.98,0.98,0.97,421,1223,1110,723,0.91,0.59,0.13,5,1,5,5,5,1
"P87649","Chapel Group Medical Centre",1,92,93,71,83,43,49,0.99,0.86,0.88,15292,6247,1136,3038,0.18,0.49,0.01,3,2,4,3,2,1
"P87630","Cherry Medical Practice",1,30,30,44,46,6,6,1,0.96,1,130,3185,360,1627,0.11,0.51,0.01,5,1,2,1,4,1
"P87634","Clarendon Surgery",1,131,133,129,144,34,34,0.98,0.9,1,28,10678,1049,4946,0.1,0.46,0.01,5,4,3,1,1,1
"P87613","Cleggs Lane Medical Practice/129",1,35,35,32,40,16,16,1,0.8,1,130,4651,526,2337,0.11,0.5,0.01,5,1,2,1,3,1
"P87639","Cornerstone Medical Practice",1,33,34,32,39,7,7,0.97,0.82,1,6742,4308,312,1962,0.07,0.46,0.01,4,1,2,1,1,1
"P87625","Dearden Avenue Medical Practice",1,34,35,38,43,8,8,0.97,0.88,1,6056,2733,306,1331,0.11,0.49,0.01,4,1,3,1,2,1
"P87654","Dr A Chaudhry & Dr I Jeet",0.98,127,128,110,138,30,32,0.99,0.8,0.94,1982,11575,1184,5408,0.1,0.47,0.01,5,4,3,1,1,1
"P87624","Ellenbrook Medical Centre",1,52,52,46,53,31,31,1,0.87,1,30791,5107,1035,2666,0.2,0.52,0.01,1,1,2,4,5,1
"P87027","Langworthy Medical Practice",1,152,153,122,143,44,46,0.99,0.85,0.96,4795,18938,1269,8426,0.07,0.44,0.01,4,5,2,1,1,1
"P87651","Limefield Road Medical Practice",0.77,12,14,10,14,4,4,0.86,0.71,1,563,5084,222,2372,0.04,0.47,0,5,1,1,1,1,1
"P87661","Manchester Road East Medical Practice",1,10,10,16,16,5,5,1,1,1,6056,2395,228,1172,0.1,0.49,0,4,1,1,1,2,1
"P87022","Mocha Parade Medical Practice",0.98,27,27,31,34,9,9,1,0.91,1,442,2162,382,991,0.18,0.46,0.01,5,1,3,3,1,1
"P87026","Newbury Green Medical Practice",1,128,129,118,136,37,40,0.99,0.87,0.92,563,13640,1514,6523,0.11,0.48,0.01,5,4,2,1,1,1
"P87627","Orchard Medical Practice",1,34,35,37,44,12,13,0.97,0.84,0.92,14098,3438,610,1747,0.18,0.51,0.01,3,1,2,3,4,1
"P87035","Ordsall Health Surgery",1,71,71,68,78,23,25,1,0.87,0.92,4720,11783,824,5567,0.07,0.47,0.01,4,4,1,1,1,1
"P87032","Orient Road Medical Practice",1,83,84,70,77,35,36,0.99,0.91,0.97,19196,6330,1045,3179,0.17,0.5,0.01,2,2,3,3,3,1
"P87015","Pendleton Medical Centre",1,82,83,63,76,32,33,0.99,0.83,0.97,28,7729,682,3767,0.09,0.49,0.01,5,3,3,1,2,1
"P87648","Reut Medical Practice",0.99,13,13,17,18,5,5,1,0.94,1,563,7032,292,3630,0.04,0.52,0,5,2,1,1,5,1
"Y00445","Salford Primary Care Together",1,209,211,205,237,45,48,0.99,0.86,0.94,6056,19565,1617,9159,0.08,0.47,0.01,4,5,3,1,1,1
"P87019","Silverdale Medical Practice",1,162,165,140,157,61,62,0.98,0.89,0.98,4476,12846,2327,6359,0.18,0.5,0.01,4,4,3,3,2,1
"P87040","Sorrel Bank Medical Practice",1,138,141,129,150,49,55,0.98,0.86,0.89,421,8641,1481,4196,0.17,0.49,0.02,5,3,4,3,2,1
"P87020","St Andrews Medical Centre",1,233,238,211,222,83,85,0.98,0.95,0.98,12307,15910,2454,7790,0.15,0.49,0.01,3,5,4,2,2,1
"P87028","The Gill Medical Practice",1,154,154,153,174,71,77,1,0.88,0.92,3493,9766,1511,5008,0.15,0.51,0.02,5,3,4,2,5,1
"Y02767","The Height General Practice",1,37,37,37,42,14,14,1,0.88,1,9588,6560,511,3268,0.08,0.5,0.01,4,2,1,1,2,1
"P87025","The Lakes Medical Practice",1,141,144,113,125,55,61,0.98,0.9,0.9,7469,10184,1455,5161,0.14,0.51,0.01,4,3,4,2,4,1
"P87017","The Limes Medical Practice",1,82,83,66,67,39,42,0.99,0.99,0.93,8695,4921,1028,2558,0.21,0.52,0.02,4,1,4,4,5,1
"P87610","The Mosslands Medical Practice",1,217,223,194,209,76,79,0.97,0.93,0.96,6398,12665,2077,6421,0.16,0.51,0.02,4,4,5,3,4,1
"P87002","The Poplars Medical Practice",1,158,160,131,141,60,66,0.99,0.93,0.91,11208,11510,2152,5729,0.19,0.5,0.01,3,4,4,3,2,1
"P87016","The Sides Medical Practice",1,248,253,170,177,127,131,0.98,0.96,0.97,28861,13630,3011,6884,0.22,0.51,0.02,1,4,5,4,3,1
"P87658","The Willows Medical Practice",1,38,38,29,36,13,13,1,0.81,1,4911,3736,393,1781,0.11,0.48,0.01,4,1,2,1,1,1
"P87008","Walkden Medical Centre",0.86,131,133,109,121,45,55,0.98,0.9,0.82,8695,8800,1566,4472,0.18,0.51,0.02,4,3,4,3,4,1
"A82006","Appleby Medical Practice",1,120,122,91,109,54,60,0.98,0.83,0.9,11302,5119,1656,2575,0.32,0.5,0.02,3,1,5,5,3,1
"A82055","Aspatria Medical Group",1,137,140,113,136,60,64,0.98,0.83,0.94,13743,7182,1880,3636,0.26,0.51,0.02,3,2,5,5,4,1
"A82035","Birbeck Medical Group",1,240,247,196,227,155,170,0.97,0.86,0.91,11836,14526,3997,7322,0.28,0.5,0.02,3,5,4,5,3,1
"A82012","Brampton Medical Practice",1,358,365,281,333,156,179,0.98,0.84,0.87,11481,16701,5112,8425,0.31,0.5,0.02,3,5,5,5,3,1
"A82014","Caldbeck Surgery",1,119,120,64,82,64,72,0.99,0.78,0.89,15427,4278,1410,2146,0.33,0.5,0.03,3,1,5,5,3,1
"A82015","Carlisle Central Practice",1,179,180,138,155,66,69,0.99,0.89,0.96,4552,13523,2158,6644,0.16,0.49,0.01,4,4,3,2,2,1
"A82016","Carlisle Healthcare",1,753,758,526,619,340,370,0.99,0.85,0.92,8360,39975,8459,20157,0.21,0.5,0.02,4,5,5,4,3,1
"A82021","Castlegate And Derwent Surgery",1,314,319,241,285,178,194,0.98,0.85,0.92,29555,18191,4981,9205,0.27,0.51,0.02,1,5,5,5,4,1
"A82028","Castlehead Medical Centre",1,177,180,97,121,89,100,0.98,0.8,0.89,19924,8343,2424,4149,0.29,0.5,0.02,2,3,5,5,2,1
"A82631","Court Thorn Surgery",1,76,79,76,88,29,33,0.96,0.86,0.88,17887,3765,1037,1903,0.28,0.51,0.02,2,1,5,5,3,1
"A82022","Dalston Medical Group",1,103,105,68,77,65,68,0.98,0.88,0.96,23981,5130,1484,2581,0.29,0.5,0.02,1,1,5,5,3,1
"A82023","Distington Surgery",0.92,131,134,113,132,63,71,0.98,0.86,0.89,4414,6346,1674,3189,0.26,0.5,0.02,4,2,5,5,3,1
"A82020","Eden Medical Group",1,237,238,187,250,115,132,1,0.75,0.87,8273,15675,3205,7961,0.2,0.51,0.02,4,5,4,4,4,1
"A82044","Fellview Healthcare",1,401,410,320,405,167,183,0.98,0.79,0.91,6999,23176,4843,11420,0.21,0.49,0.02,4,5,5,4,2,1
"A82620","Glenridding Health Centre",1,10,10,6,7,8,9,1,0.86,0.89,17286,971,231,462,0.24,0.48,0.01,2,1,2,4,1,1
"A82047","James Street Group Pract",1,593,597,457,582,239,277,0.99,0.79,0.86,1907,33261,7315,16666,0.22,0.5,0.02,5,5,5,4,3,1
"A82617","Kirkoswald Surgery",1,44,44,27,34,21,23,1,0.79,0.91,17069,2760,816,1364,0.3,0.49,0.02,2,1,4,5,2,1
"A82646","Longtown Medical Centre",1,74,74,70,76,28,29,1,0.92,0.97,3462,3850,1021,1881,0.27,0.49,0.02,5,1,5,5,2,1
"A82041","Lowther Medical Centre",1,252,258,224,274,98,105,0.98,0.82,0.93,13701,13826,3153,6801,0.23,0.49,0.02,3,4,5,4,2,1
"A82075","Mansion House Surgery",1,112,114,111,126,52,54,0.98,0.88,0.96,1369,7558,1674,3881,0.22,0.51,0.02,5,2,4,4,5,1
"A82032","Maryport Health Services",1,244,250,201,260,125,140,0.98,0.77,0.89,7722,13830,3297,6962,0.24,0.5,0.02,4,4,5,4,3,1
"A82024","Seascale Health Centre",1,101,104,76,91,59,66,0.97,0.84,0.89,24140,5921,1809,2965,0.31,0.5,0.02,1,2,5,5,3,1
"A82031","Shap Medical Practice",1,51,52,48,56,25,25,0.98,0.86,1,14937,3307,936,1662,0.28,0.5,0.02,3,1,4,5,3,1
"A82037","Silloth Group Medical Practice",1,89,89,75,92,60,64,1,0.82,0.94,9110,4407,1457,2234,0.33,0.51,0.02,4,1,5,5,4,1
"A82018","Spencer St Surgery",1,236,238,179,218,97,109,0.99,0.82,0.89,4552,13572,2790,6897,0.21,0.51,0.02,4,4,5,4,4,1
"A82038","Temple Sowerby Medical Practice",1,77,78,59,65,28,29,0.99,0.91,0.97,15840,4664,1209,2338,0.26,0.5,0.02,3,1,4,5,3,1
"A82029","The Croft Surgery",1,68,69,55,69,33,33,0.99,0.8,1,16071,3514,1093,1763,0.31,0.5,0.02,2,1,5,5,3,1
"A82036","The Lakes Medical Practice",1,224,225,128,148,103,112,1,0.86,0.92,11836,11524,2799,5791,0.24,0.5,0.02,3,4,5,4,3,1
"A82013","Upper Eden Medical Practice",1,131,134,99,112,79,90,0.98,0.88,0.88,8428,6572,2017,3274,0.31,0.5,0.02,4,2,5,5,2,1
"A82654","Warwick Square Group Practice",1,135,137,90,113,54,56,0.99,0.8,0.96,4552,7811,1570,3810,0.2,0.49,0.02,4,3,5,3,2,1
"A82064","Westcroft House Surgery",0.98,117,117,121,130,50,52,1,0.93,0.96,6603,6172,1699,3092,0.28,0.5,0.02,4,2,5,5,3,1
"A82045","Wigton Group Medical Practice",1,221,225,127,162,73,79,0.98,0.78,0.92,6070,9127,2231,4709,0.24,0.52,0.02,4,3,5,4,5,1
"N83028","Aston Healthcare Limited",0.69,295,304,223,289,116,132,0.97,0.77,0.88,2247,21684,4111,10652,0.19,0.49,0.01,5,5,4,3,2,1
"N83609","Cedar Cross Medical Centre",1,66,66,48,62,19,24,1,0.77,0.79,8417,4726,787,2440,0.17,0.52,0.01,4,1,4,3,5,1
"N83610","Colby Medical Centre",0.88,38,38,16,19,13,15,1,0.84,0.87,760,2322,436,1200,0.19,0.52,0.02,5,1,4,3,5,1
"N83025","Cornerways Medical Centre",0.64,119,128,121,162,42,48,0.93,0.75,0.88,1457,14660,1961,7219,0.13,0.49,0.01,5,5,2,2,2,1
"N83014","Dinas Lane Medical Centre",0.94,138,140,109,146,53,60,0.99,0.75,0.88,5626,10527,1799,5436,0.17,0.52,0.01,4,4,3,3,5,1
"N83030","Dr M Suares' Practice",1,70,72,58,68,33,34,0.97,0.85,0.97,4978,5424,1051,2830,0.19,0.52,0.01,4,2,3,3,5,1
"N83608","Dr Maassarani & Partners",0.77,165,179,157,200,29,39,0.92,0.78,0.74,3051,15815,2231,7810,0.14,0.49,0.01,5,5,3,2,2,1
"N83621","Hillside House Surgery",0.99,27,28,18,28,11,13,0.96,0.64,0.85,760,2832,487,1406,0.17,0.5,0.01,5,1,2,3,2,1
"N83605","Hollies Medical Centre",0.97,59,64,47,65,14,16,0.92,0.72,0.88,23279,6281,913,3140,0.15,0.5,0.01,2,2,2,2,3,1
"N83043","Longview Medical Centre",1,47,47,42,48,18,19,1,0.88,0.95,2213,3903,712,1950,0.18,0.5,0.01,5,1,3,3,3,1
"N83032","Millbrook Medical Centre",1,195,196,162,198,51,57,0.99,0.82,0.89,7033,12256,1979,6259,0.16,0.51,0.02,4,4,4,3,4,1
"N83633","Nutgrove Villa Surgery",1,55,55,48,54,24,26,1,0.89,0.92,24805,3808,705,1964,0.19,0.52,0.01,1,1,4,3,5,1
"N83024","Park House Medical Centre",1,76,78,82,104,39,44,0.97,0.79,0.89,5522,7976,1712,4078,0.21,0.51,0.01,4,3,2,4,4,1
"N83603","Prescot Medical Centre",1,63,64,70,85,31,35,0.98,0.82,0.89,5522,7348,1231,3734,0.17,0.51,0.01,4,2,2,3,4,1
"N83622","Primrose Medical Practice",1,23,23,37,39,6,6,1,0.95,1,760,2572,314,1240,0.12,0.48,0.01,5,1,2,2,1,1
"N83619","Roby Medical Centre",1,77,79,56,61,38,42,0.97,0.92,0.9,24805,4889,993,2662,0.2,0.54,0.02,1,1,4,4,5,1
"N83031","Roseheath Surgery",0.75,33,33,26,30,9,10,1,0.87,0.9,5065,2862,388,1453,0.14,0.51,0.01,4,1,3,2,4,1
"N83033","St. Laurence's Medical Centre",1,66,67,63,78,15,16,0.99,0.81,0.94,3026,5499,1183,2711,0.22,0.49,0.01,5,2,3,4,2,1
"N83047","Tarbock Medical Centre",1,93,94,72,81,48,51,0.99,0.89,0.94,2247,5214,1258,2688,0.24,0.52,0.02,5,1,5,4,5,1
"N83013","The Health Centre Surgery",1,84,84,61,84,23,32,1,0.73,0.72,5065,4741,1071,2437,0.23,0.51,0.02,4,1,5,4,5,1
"N83601","The Macmillan Surgery",1,89,89,91,114,25,26,1,0.8,0.96,843,7840,987,4049,0.13,0.52,0.01,5,3,3,2,5,1
"N83009","Wingate Medical Centre",1,187,190,171,208,52,58,0.98,0.82,0.9,536,12036,2272,5993,0.19,0.5,0.02,5,4,4,3,2,1
"A82010","Abbey Road Surgery",1,106,107,75,92,52,57,0.99,0.82,0.91,489,6760,1617,3471,0.24,0.51,0.02,5,2,4,4,5,1
"A82005","Ambleside Health Centre",0.98,107,107,57,70,51,59,1,0.81,0.86,21100,5862,1487,2771,0.25,0.47,0.02,2,2,5,5,1,1
"P81029","Ash Trees Surgery",1,508,519,314,390,261,302,0.98,0.81,0.86,16495,24465,7780,12596,0.32,0.51,0.02,2,5,5,5,5,1
"A82062","Atkinson Health Centre",1,88,89,65,84,37,41,0.99,0.77,0.9,489,6329,1289,3109,0.2,0.49,0.01,5,2,4,4,2,1
"Y01008","Bay Medical Group",1,954,1003,644,818,408,482,0.95,0.79,0.85,4180,54651,12398,27577,0.23,0.5,0.02,5,5,5,4,3,1
"B82061","Bentham Medical Practice",1,155,168,106,134,95,107,0.92,0.79,0.89,17873,7458,2416,3746,0.32,0.5,0.02,2,2,5,5,3,1
"A82009","Bridgegate Medical Centre",1,157,161,104,123,67,71,0.98,0.85,0.94,9202,9230,2013,4689,0.22,0.51,0.02,4,3,5,4,4,1
"A82071","Burnett Edgar Medical Ctr",1,77,79,54,64,26,29,0.97,0.84,0.9,16204,4149,1013,1960,0.24,0.47,0.02,2,1,5,4,1,1
"A82025","Captain French Surgery",1,160,163,132,157,85,93,0.98,0.84,0.91,15483,11602,2669,5927,0.23,0.51,0.01,3,4,4,4,4,1
"A82647","Cartmel Surgery",1,66,66,48,56,39,41,1,0.86,0.95,25578,3256,1068,1687,0.33,0.52,0.02,1,1,5,5,5,1
"A82039","Dalton Surgery",1,140,142,97,124,52,60,0.99,0.78,0.87,19414,8815,2095,4465,0.24,0.51,0.02,2,3,4,4,4,1
"A82651","Duddon Valley Medical Practice",0.89,83,83,75,79,50,53,1,0.95,0.94,17942,4965,1423,2362,0.29,0.48,0.02,2,1,4,5,1,1
"A82007","Duke Street Surgery",1,155,159,163,205,60,67,0.97,0.8,0.9,489,11420,2288,5778,0.2,0.51,0.01,5,4,4,3,4,1
"A82650","Haverthwaite Surgery",0.95,52,54,39,50,19,22,0.96,0.78,0.86,16342,2923,901,1442,0.31,0.49,0.02,2,1,5,5,2,1
"P81002","Lancaster Medical Practice",1,707,722,511,615,314,338,0.98,0.83,0.93,15093,65583,8938,31102,0.14,0.47,0.01,3,5,3,2,1,1
"A82030","Lunesdale Surgery",1,134,137,86,101,75,81,0.98,0.85,0.93,23915,6558,2069,3372,0.32,0.51,0.02,1,2,5,5,5,1
"A82008","Norwood Medical Centre",0.92,202,202,114,170,91,104,1,0.67,0.88,15661,12040,2690,5978,0.22,0.5,0.02,3,4,4,4,2,1
"A82053","Nutwood Medical Practice",1,204,206,108,127,139,148,0.99,0.85,0.94,25987,7471,2907,3856,0.39,0.52,0.03,1,2,5,5,5,1
"P81113","Park View Surgery",1,123,126,103,122,59,72,0.98,0.84,0.82,20328,7443,2198,3875,0.3,0.52,0.02,2,2,4,5,5,1
"P81013","Queen Square Medical Practice",0.99,256,264,167,218,99,116,0.97,0.77,0.85,17383,15884,3200,8052,0.2,0.51,0.02,2,5,4,4,4,1
"A82072","Risedale Surgery",0.99,122,124,89,112,49,53,0.98,0.79,0.92,489,7379,1497,3503,0.2,0.47,0.02,5,2,4,4,1,1
"A82608","Sedbergh Medical Practice",1,63,64,53,62,26,29,0.98,0.85,0.9,23698,4679,1136,2257,0.24,0.48,0.01,1,1,4,4,1,1
"A82070","St. Mary's Surgery",1,125,129,93,115,81,90,0.97,0.81,0.9,24061,6649,1938,3342,0.29,0.5,0.02,1,2,5,5,3,1
"A82027","Station House Surgery",1,200,202,125,161,96,110,0.99,0.78,0.87,25799,10003,2734,4986,0.27,0.5,0.02,1,3,5,5,3,1
"A82629","The Family Practice",1,31,31,25,31,16,18,1,0.81,0.89,1857,3064,698,1370,0.23,0.45,0.01,5,1,2,4,1,1
"A82026","The James Cochrane Pract.",1,294,297,216,256,184,201,0.99,0.84,0.92,28878,17284,4557,8895,0.26,0.51,0.02,1,5,5,5,5,1
"A82068","Ulverston Community Health Centre",1,62,63,39,47,34,35,0.98,0.83,0.97,26462,4701,1129,2340,0.24,0.5,0.01,1,1,3,4,2,1
"A82003","Ulverston Health Centre (Murray)",1,182,182,115,145,118,132,1,0.79,0.89,26462,11959,3124,5996,0.26,0.5,0.02,1,4,4,5,3,1
"A82033","Waterloo House Surgery",0.81,130,148,76,150,62,84,0.88,0.51,0.74,5351,7928,2173,3975,0.27,0.5,0.02,4,3,5,5,3,1
"A82046","Windermere Health Centre",0.93,75,75,41,56,41,47,1,0.73,0.87,26941,4841,967,2232,0.2,0.46,0.02,1,1,4,3,1,1
"A82613","Wraysdale House Surgery",1,13,13,12,12,8,8,1,1,1,17849,1064,323,503,0.3,0.47,0.01,2,1,3,5,1,1
"N84035","15 Sefton Road",0.81,63,63,24,54,26,31,1,0.44,0.84,5791,3668,909,1840,0.25,0.5,0.02,4,1,5,5,3,1
"N84001","42 Kingsway",1,146,146,108,128,65,71,1,0.84,0.92,21124,8934,2294,4565,0.26,0.51,0.02,2,3,4,5,4,1
"N84002","Aintree Road Medical Centre",1,25,25,12,15,9,10,1,0.8,0.9,4527,2494,399,1194,0.16,0.48,0.01,4,1,2,2,1,1
"N84020","Blundellsands Surgery",1,178,180,141,168,99,106,0.99,0.84,0.93,22959,10449,2669,5460,0.26,0.52,0.02,2,4,5,5,5,1
"N84015","Bootle Village Surgery",0.76,78,80,71,99,22,26,0.98,0.72,0.85,1031,5893,1107,3038,0.19,0.52,0.01,5,2,3,3,5,1
"N84023","Bridge Road Medical Centre",1,81,83,86,101,33,44,0.98,0.85,0.75,3083,7966,1365,4038,0.17,0.51,0.01,5,3,2,3,4,1
"N84038","Concept House Surgery",0.99,84,85,75,85,26,26,0.99,0.88,1,1031,5813,966,2909,0.17,0.5,0.01,5,2,4,3,3,1
"N84011","Eastview Surgery",1,98,98,49,70,46,56,1,0.7,0.82,12672,6489,1553,3217,0.24,0.5,0.02,3,2,4,4,2,1
"N84029","Ford Medical Practice",1,76,77,64,72,27,28,0.99,0.89,0.96,864,5807,992,3014,0.17,0.52,0.01,5,2,3,3,5,1
"N84004","Glovers Lane Surgery",1,123,133,79,111,52,59,0.92,0.71,0.88,2087,7749,1396,4055,0.18,0.52,0.02,5,3,5,3,5,1
"N84621","Great Crosby And Thornton",0.9,110,112,59,96,60,77,0.98,0.61,0.78,2990,8195,1834,4072,0.22,0.5,0.01,5,3,4,4,2,1
"N84003","High Pastures Surgery",1,208,210,98,120,109,117,0.99,0.82,0.93,25663,10178,2894,5205,0.28,0.51,0.02,1,3,5,5,4,1
"N84626","Hightown Village Surgery",0.67,37,37,6,15,20,30,1,0.4,0.67,28863,1839,583,934,0.32,0.51,0.02,1,1,5,5,4,1
"N84041","Kingsway Surgery",0.95,69,72,49,65,27,28,0.96,0.75,0.96,21124,5866,1192,2979,0.2,0.51,0.01,2,2,3,4,4,1
"N84605","Litherland Practice",0.84,69,69,57,101,19,24,1,0.56,0.79,18917,8670,1021,4260,0.12,0.49,0.01,2,3,2,2,2,1
"N84007","Liverpool Rd Medical Practice",1,91,93,69,75,35,39,0.98,0.92,0.9,18303,6142,1324,3069,0.22,0.5,0.02,2,2,4,4,3,1
"N84010","Maghull Family Surgery",1,71,78,36,38,30,30,0.91,0.95,1,25663,5631,1366,2793,0.24,0.5,0.01,1,2,4,4,2,1
"Y00446","Maghull Practice",0.78,51,51,29,46,21,32,1,0.63,0.66,25663,3136,721,1568,0.23,0.5,0.02,1,1,4,4,3,1
"N84016","Moore Street Medical Centre",1,83,83,86,100,32,33,1,0.86,0.97,399,5694,1066,2883,0.19,0.51,0.01,5,2,4,3,4,1
"N84019","North Park Health Centre",0.81,90,90,65,96,30,39,1,0.68,0.77,231,6553,1034,3118,0.16,0.48,0.01,5,2,4,2,1,1
"N84027","Orrell Park Medical Centre",1,46,46,35,44,13,15,1,0.8,0.87,7835,5677,596,2775,0.1,0.49,0.01,4,2,2,1,2,1
"N84034","Park Street Surgery",0.99,101,101,69,91,41,44,1,0.76,0.93,1031,7567,1125,3662,0.15,0.48,0.01,5,2,3,2,1,1
"N84615","Rawson Road Medical Centre",1,40,40,33,40,14,16,1,0.82,0.88,4551,3282,472,1600,0.14,0.49,0.01,4,1,3,2,2,1
"N84028","The Strand Medical Centre",1,93,94,90,112,33,35,0.99,0.8,0.94,800,7674,1253,3861,0.16,0.5,0.01,5,3,3,3,3,1
"N84025","Westway Medical Centre",0.93,178,183,100,133,95,107,0.97,0.75,0.89,25663,9985,2765,5259,0.28,0.53,0.02,1,3,5,5,5,1
"N84012","Ainsdale Medical Centre",1,210,213,132,161,113,130,0.99,0.82,0.87,17603,11392,3698,5845,0.32,0.51,0.02,2,4,5,5,5,1
"N84014","Ainsdale Village Surgery",1,66,66,38,44,32,35,1,0.86,0.91,15326,3781,901,1915,0.24,0.51,0.02,3,1,5,4,4,1
"N84006","Chapel Lane Surgery",1,209,212,136,148,137,145,0.99,0.92,0.94,29007,11635,3597,6013,0.31,0.52,0.02,1,4,5,5,5,1
"N84013","Christiana Hartley Medical Practice",1,208,214,140,174,89,102,0.97,0.8,0.87,22476,11037,2760,5582,0.25,0.51,0.02,2,4,5,5,4,1
"N84017","Churchtown Medical Centre",1,177,179,118,133,108,117,0.99,0.89,0.92,25775,9212,2811,4622,0.31,0.5,0.02,1,3,5,5,3,1
"N84005","Cumberland House Surgery",1,223,225,156,190,107,119,0.99,0.82,0.9,8664,12447,2674,6418,0.21,0.52,0.02,4,4,5,4,5,1
"N84024","Grange Surgery",1,217,222,121,153,144,155,0.98,0.79,0.93,19011,9438,3438,4942,0.36,0.52,0.02,2,3,5,5,5,1
"N84617","Kew Surgery",0.94,57,58,37,52,21,24,0.98,0.71,0.88,8738,5239,886,2653,0.17,0.51,0.01,4,1,3,3,4,1
"N84008","Norwood Surgery",1,180,184,119,150,89,101,0.98,0.79,0.88,20355,9793,2682,5062,0.27,0.52,0.02,2,3,5,5,5,1
"N84021","St Marks Medical Centre (Tcg Medical)",1,284,291,189,240,162,180,0.98,0.79,0.9,7274,16120,3468,7615,0.22,0.47,0.02,4,5,5,4,1,1
"N84613","The Corner Surgery (Dr Mulla)",1,96,96,80,86,62,64,1,0.93,0.97,16611,4530,1390,2379,0.31,0.53,0.02,2,1,5,5,5,1
"N84625","The Family Surgery",1,61,62,51,63,28,31,0.98,0.81,0.9,18573,5931,1100,3031,0.19,0.51,0.01,2,2,2,3,4,1
"N84614","The Marshside Surgery",1,71,72,47,58,34,37,0.99,0.81,0.92,16611,3198,1037,1714,0.32,0.54,0.02,2,1,5,5,5,1
"N84018","The Village Surgery Formby",1,299,306,146,197,169,191,0.98,0.74,0.88,29007,14740,4321,7596,0.29,0.52,0.02,1,5,5,5,5,1
"P88014","Adshall Road Medical Prac",1,60,61,59,71,24,25,0.98,0.83,0.96,22079,4900,928,2499,0.19,0.51,0.01,2,1,3,3,4,1
"P88019","Alvanley Family Practice",0.99,85,87,53,65,43,45,0.98,0.82,0.96,1612,5499,1071,2845,0.19,0.52,0.02,5,2,4,3,5,1
"P88625","Archwood Medical Practice",1,141,143,96,114,58,65,0.99,0.84,0.89,1612,7789,1825,3933,0.23,0.5,0.02,5,3,5,4,3,1
"P88012","Beech House Medical Pract",1,151,153,98,118,93,107,0.99,0.83,0.87,14718,7882,2015,3978,0.26,0.5,0.02,3,3,5,5,3,1
"P88031","Bracondale Medical Centre",0.98,75,80,45,54,35,43,0.94,0.83,0.81,17122,5846,991,2996,0.17,0.51,0.01,2,2,4,3,5,1
"P88016","Bramhall & Shaw Heath Medical Group",1,174,176,137,155,108,113,0.99,0.88,0.96,32921,13744,2593,6890,0.19,0.5,0.01,1,4,3,3,3,1
"P88015","Bramhall Health Centre",1,269,272,136,163,182,203,0.99,0.83,0.9,27578,12042,3317,6158,0.28,0.51,0.02,1,4,5,5,4,1
"P88044","Bredbury Medical Centre",1,69,71,46,56,31,33,0.97,0.82,0.94,7127,5294,956,2614,0.18,0.49,0.01,4,1,3,3,2,1
"P88043","Brinnington Surgery",1,212,215,133,165,66,74,0.99,0.81,0.89,1351,9508,1181,4809,0.12,0.51,0.02,5,3,5,2,4,1
"P88013","Caritas General Practice Partnership",1,177,179,142,183,85,89,0.99,0.78,0.96,25256,12527,2544,6262,0.2,0.5,0.01,1,4,4,4,3,1
"P88017","Chadsfield Medical Practice",1,141,142,109,120,89,90,0.99,0.91,0.99,13778,6650,1870,3369,0.28,0.51,0.02,3,2,5,5,4,1
"P88007","Cheadle Hulme Medical Group",0.98,251,254,126,163,128,148,0.99,0.77,0.86,26383,14627,3172,7416,0.22,0.51,0.02,1,5,5,4,4,1
"P88020","Cheadle Medical Practice",1,206,212,144,170,85,97,0.97,0.85,0.88,19203,11714,2346,5993,0.2,0.51,0.02,2,4,5,3,4,1
"P88005","Family Surgery",1,174,178,134,163,64,66,0.98,0.82,0.97,6538,11495,1945,5803,0.17,0.5,0.02,4,4,4,3,3,1
"P88042","Finney Lane Surgery",0.95,109,113,59,70,69,82,0.96,0.84,0.84,29052,6914,1439,3529,0.21,0.51,0.02,1,2,4,4,4,1
"P88024","Gatley Medical Centre",1,175,177,113,140,79,88,0.99,0.81,0.9,24903,10273,2139,5214,0.21,0.51,0.02,1,4,5,4,4,1
"P88023","Heald Green Health Centre 2",0.98,101,103,68,82,60,65,0.98,0.83,0.92,29052,7531,1412,3793,0.19,0.5,0.01,1,2,4,3,3,1
"P88008","Heaton Mersey Med.Pract.",1,116,118,79,111,52,59,0.98,0.71,0.88,23757,8515,1743,4355,0.2,0.51,0.01,1,3,4,4,4,1
"P88026","Heaton Moor Medical Group",1,593,608,516,610,270,294,0.98,0.85,0.92,15268,54179,8430,26904,0.16,0.5,0.01,3,5,3,2,2,1
"P88011","Heaton Norris Medical Practice",0.98,149,152,115,156,55,59,0.98,0.74,0.93,4326,10623,1867,5161,0.18,0.49,0.01,5,4,4,3,2,1
"P88623","High Lane Medical Centre",1,106,109,85,101,63,68,0.97,0.84,0.93,29222,7390,2022,3763,0.27,0.51,0.01,1,2,4,5,4,1
"P88025","Hulme Hall Medical Group",1,146,150,104,120,100,108,0.97,0.87,0.93,26383,10487,2435,5234,0.23,0.5,0.01,1,4,4,4,3,1
"P88003","Manor Medical Practice",1,225,228,133,173,78,88,0.99,0.77,0.89,22262,9690,1793,4837,0.19,0.5,0.02,2,3,5,3,3,1
"P88002","Marple Bridge Surgery",1,129,130,86,96,92,95,0.99,0.9,0.97,21731,6295,1814,3218,0.29,0.51,0.02,2,2,5,5,4,1
"P88006","Marple Cottage Surgery",1,176,177,131,160,109,118,0.99,0.82,0.92,12851,11470,2748,5919,0.24,0.52,0.02,3,4,4,4,5,1
"P88021","Marple Medical Practice",1,161,165,115,133,98,109,0.98,0.86,0.9,21731,6902,1853,3471,0.27,0.5,0.02,2,2,5,5,3,1
"P88018","Park View Group Practice",1,112,113,95,122,46,52,0.99,0.78,0.88,6538,10350,1568,5276,0.15,0.51,0.01,4,4,3,2,4,1
"P88606","Springfield Surgery",1,104,105,75,83,62,67,0.99,0.9,0.93,12733,5771,1132,3000,0.2,0.52,0.02,3,2,5,3,5,1
"P88632","Stockport Medical Group",1,219,225,209,250,78,86,0.97,0.84,0.91,8737,18310,2049,9201,0.11,0.5,0.01,4,5,3,1,3,1
"P88041","The Village Surgery",1,126,128,63,78,67,72,0.98,0.81,0.93,27578,8449,1745,4365,0.21,0.52,0.02,1,3,4,4,5,1
"P88615","Vernon Park Surgery",0.94,43,43,35,40,13,14,1,0.88,0.93,7075,3441,514,1544,0.15,0.45,0.01,4,1,3,2,1,1
"P88009","Woodley Village Surgery",1,52,53,46,48,19,19,0.98,0.96,1,1612,3176,647,1453,0.2,0.46,0.02,5,1,4,4,1,1
"N83023","Atlas Medical Practice",1,167,169,129,154,69,77,0.99,0.84,0.9,403,11639,2523,5668,0.22,0.49,0.01,5,4,4,4,2,1
"N83008","Berrymead Family Med.Ctr.",1,93,95,85,103,25,25,0.98,0.83,1,3225,8210,1364,4031,0.17,0.49,0.01,5,3,3,3,2,1
"N83054","Bethany Medical Centre",0.97,46,47,43,52,17,19,0.98,0.83,0.89,7981,4241,812,2189,0.19,0.52,0.01,4,1,3,3,5,1
"N83019","Billinge Medical Practice",1,151,151,87,107,67,74,1,0.81,0.91,15914,7506,2196,3768,0.29,0.5,0.02,3,2,5,5,3,1
"N83027","Central Surgery",0.97,87,96,50,85,33,46,0.91,0.59,0.72,961,6635,1561,3419,0.24,0.52,0.01,5,2,4,4,5,1
"N83614","Eccleston Medical Centre",1,66,67,46,57,30,32,0.99,0.81,0.94,28624,6187,1038,3169,0.17,0.51,0.01,1,2,3,3,4,1
"N83021","Four Acre Health Centre",1,113,114,80,103,57,63,0.99,0.78,0.9,100,7869,1462,3916,0.19,0.5,0.01,5,3,4,3,2,1
"Y00475","Garswood Surgery",1,94,96,73,87,36,41,0.98,0.84,0.88,24558,5297,1319,2693,0.25,0.51,0.02,1,1,5,5,4,1
"N83017","Hall Street Medical Centre",1,86,87,59,74,41,46,0.99,0.8,0.89,403,6174,1267,3065,0.21,0.5,0.01,5,2,4,4,2,1
"N83049","Kenneth Macrae Med Centre",1,85,89,53,58,39,48,0.96,0.91,0.81,21926,4203,1140,2235,0.27,0.53,0.02,2,1,5,5,5,1
"N83007","Lingholme Health Centre",1,48,48,31,38,17,19,1,0.82,0.89,961,3136,615,1532,0.2,0.49,0.02,5,1,4,3,2,1
"N83053","Longton Medical Centre",1,156,159,92,117,75,84,0.98,0.79,0.89,13074,9022,1845,4633,0.2,0.51,0.02,3,3,5,4,5,1
"Y02510","Marshalls Cross Medical Centre",0.93,83,89,78,95,36,42,0.93,0.82,0.86,7491,6786,980,3525,0.14,0.52,0.01,4,2,3,2,5,1
"N83012","Mill Street Medical Ctr.",1,148,154,116,148,69,75,0.96,0.78,0.92,961,10299,2389,5167,0.23,0.5,0.01,5,4,4,4,3,1
"N83020","Modality St Helens",0.95,255,262,186,230,130,150,0.97,0.81,0.87,9365,17494,4007,8726,0.23,0.5,0.01,4,5,4,4,3,1
"N83637","Newholme Surgery",0.99,34,34,32,38,10,11,1,0.84,0.91,961,3286,716,1628,0.22,0.5,0.01,5,1,2,4,2,1
"N83045","Newton Practice",1,91,91,60,75,27,28,1,0.8,0.96,25561,10183,1319,5062,0.13,0.5,0.01,1,3,2,2,2,1
"N83003","Ormskirk House Surgery",1,98,99,88,104,52,57,0.99,0.85,0.91,961,7181,1669,3514,0.23,0.49,0.01,5,2,4,4,2,1
"N83026","Parkfield Surgery",1,44,44,35,48,16,18,1,0.73,0.89,961,2571,695,1210,0.27,0.47,0.02,5,1,5,5,1,1
"N83002","Patterdale Lodge Med Ctre",1,154,154,126,151,63,72,1,0.83,0.88,1532,11897,2230,5958,0.19,0.5,0.01,5,4,3,3,3,1
"N83006","Phoenix Medical Centre",0.97,33,35,34,47,14,16,0.94,0.72,0.88,961,3344,687,1617,0.21,0.48,0.01,5,1,2,4,1,1
"N83001","Rainbow Medical Centre",1,140,142,126,153,53,55,0.99,0.82,0.96,7491,14636,2408,7406,0.16,0.51,0.01,4,5,2,3,4,1
"N83041","Rainford Health Centre",1,69,70,61,73,36,38,0.99,0.84,0.95,29259,4711,1512,2348,0.32,0.5,0.01,1,1,4,5,3,1
"N83010","Rainhill Village Surgery",0.98,78,78,41,64,56,70,1,0.64,0.8,29693,6853,1819,3486,0.27,0.51,0.01,1,2,3,5,4,1
"N83050","The Bowery Medical Centre",1,45,46,33,39,19,20,0.98,0.85,0.95,1519,4925,727,2359,0.15,0.48,0.01,5,1,2,2,1,1
"N83035","The Spinney Medical Ctr.",1,107,108,85,113,50,53,0.99,0.75,0.94,6523,7103,1384,3605,0.19,0.51,0.02,4,2,4,3,4,1
"N83005","Vista Road Surgery",1,136,138,106,142,60,67,0.99,0.75,0.9,25561,8623,1766,4437,0.2,0.51,0.02,1,3,4,4,5,1
"N83620","Windermere Medical Centre",1,45,46,36,44,8,8,0.98,0.82,1,2107,3709,496,1810,0.13,0.49,0.01,5,1,3,2,2,1
"P89003","Albion Medical Practice",1,122,122,88,115,53,58,1,0.77,0.91,337,9977,2043,4999,0.2,0.5,0.01,5,3,3,4,3,1
"Y02586","Ashton Gp Service",0.99,18,18,23,31,5,5,1,0.74,1,337,5354,276,2604,0.05,0.49,0,5,2,1,1,2,1
"P89008","Ashton Medical Group",1,186,190,139,184,73,80,0.98,0.76,0.91,337,17082,3160,8415,0.18,0.49,0.01,5,5,3,3,2,1
"P89004","Awburn House Medical Practice",0.94,102,105,105,113,53,57,0.97,0.93,0.93,16992,6269,1632,3119,0.26,0.5,0.02,2,2,4,5,2,1
"P89012","Clarendon Medical Centre",1,107,109,82,108,49,54,0.98,0.76,0.91,1826,6837,1404,3415,0.21,0.5,0.02,5,2,4,4,3,1
"P89018","Denton Medical Practice",0.99,128,130,99,120,71,77,0.98,0.82,0.92,12521,8650,1478,4327,0.17,0.5,0.02,3,3,4,3,3,1
"P89016","Donneybrook Medical Centre",1,111,114,112,141,49,57,0.97,0.79,0.86,1826,8039,1672,3996,0.21,0.5,0.01,5,3,4,4,2,1
"Y02663","Droylsden Medical Practice",1,47,50,36,49,19,22,0.94,0.73,0.86,10464,4414,527,2325,0.12,0.53,0.01,3,1,3,2,5,1
"P89021","Dukinfield Medical Practice",1,150,151,139,162,66,72,0.99,0.86,0.92,11856,11085,2127,5705,0.19,0.51,0.01,3,4,4,3,5,1
"P89011","Gordon Street Medical Centre",0.84,37,37,31,47,12,14,1,0.66,0.86,1685,5265,640,2606,0.12,0.49,0.01,5,1,1,2,2,1
"P89026","Grosvenor Medical Centre",1,86,86,72,94,25,27,1,0.77,0.93,15091,6399,1246,3210,0.19,0.5,0.01,3,2,3,3,3,1
"Y02713","Guide Bridge Medical Practice",1,36,41,34,45,8,10,0.88,0.76,0.8,6342,4654,525,2290,0.11,0.49,0.01,4,1,2,1,2,1
"P89013","Hattersley Group Practice",1,64,64,64,82,19,22,1,0.78,0.86,669,4961,659,2392,0.13,0.48,0.01,5,1,3,2,1,1
"P89014","Haughton Thornley Medical Centres",0.98,179,183,150,180,66,73,0.98,0.83,0.9,8798,12693,2104,6350,0.17,0.5,0.01,4,4,4,3,3,1
"P89020","Ht Practice",1,79,79,83,95,23,24,1,0.87,0.96,3708,7687,1264,3615,0.16,0.47,0.01,5,3,2,3,1,1
"P89022","King Street Medical Centre",0.99,39,39,39,46,10,11,1,0.85,0.91,1636,3360,539,1582,0.16,0.47,0.01,5,1,3,2,1,1
"P89005","Lockside Medical Centre",1,78,80,87,92,44,47,0.98,0.95,0.94,7014,8404,1413,4290,0.17,0.51,0.01,4,3,2,3,4,1
"P89029","Market Street Medical Practice",1,97,97,87,114,37,37,1,0.76,1,5286,7385,1182,3714,0.16,0.5,0.01,4,2,3,2,3,1
"P89010","Medlock Vale Medical Practice",1,108,110,106,121,42,44,0.98,0.88,0.95,5286,7561,1682,3809,0.22,0.5,0.01,4,2,4,4,3,1
"Y02936","Millbrook Medical Practice",1,33,34,23,28,12,13,0.97,0.82,0.92,28946,3551,352,1764,0.1,0.5,0.01,1,1,2,1,2,1
"P89015","Millgate Healthcare Partnership",0.93,399,411,245,343,133,154,0.97,0.71,0.86,6150,20863,4205,10621,0.2,0.51,0.02,4,5,5,4,4,1
"P89612","Mossley Medical Practice",0.96,23,24,24,31,5,5,0.96,0.77,1,11376,2243,359,1126,0.16,0.5,0.01,3,1,3,2,3,1
"P89618","Pike Medical Practice",1,35,36,38,45,13,13,0.97,0.84,1,11376,3068,454,1533,0.15,0.5,0.01,3,1,3,2,3,1
"P89023","St. Andrew's House Surgery",0.88,87,89,72,111,44,49,0.98,0.65,0.9,2944,5804,1154,2823,0.2,0.49,0.02,5,2,4,3,2,1
"P89609","Stamford House",1,45,45,40,48,17,17,1,0.83,1,1685,4926,661,2410,0.13,0.49,0.01,5,1,2,2,2,1
"P89007","Staveleigh Medical Centre",1,107,108,90,103,55,58,0.99,0.87,0.95,2944,7767,1513,3914,0.19,0.5,0.01,5,3,4,3,3,1
"P89002","The Brooke Surgery",0.83,203,205,168,214,58,66,0.99,0.79,0.88,2362,20260,2588,10501,0.13,0.52,0.01,5,5,2,2,5,1
"P89602","The Smithy Surgery",0.91,54,58,51,70,13,23,0.93,0.73,0.57,10718,3859,850,1923,0.22,0.5,0.02,3,1,4,4,3,1
"P89025","Town Hall Surgery",1,28,28,22,28,15,16,1,0.79,0.94,2045,2919,515,1422,0.18,0.49,0.01,5,1,2,3,2,1
"P89613","Waterloo Medical Centre",1,30,30,31,40,11,11,1,0.78,1,9208,3509,511,1728,0.15,0.49,0.01,4,1,2,2,2,1
"P89030","West End Medical Centre",1,48,48,51,57,16,17,1,0.89,0.94,1394,3926,754,1772,0.19,0.45,0.01,5,1,3,3,1,1
"P91004","Altrincham Medical Practice",0.98,68,70,50,60,46,52,0.97,0.83,0.88,28797,8526,1217,4313,0.14,0.51,0.01,1,3,2,2,4,1
"P91603","Barrington Medical Centre",1,96,98,67,86,44,47,0.98,0.78,0.94,28797,7544,1132,3738,0.15,0.5,0.01,1,2,3,2,2,1
"P91017","Bodmin Road Health Centre",0.89,119,122,84,118,65,77,0.98,0.71,0.84,9421,8920,1675,4492,0.19,0.5,0.01,4,3,4,3,3,1
"P91013","Boundary House Medical Centre",1,106,107,113,130,51,57,0.99,0.87,0.89,21555,11491,1972,5875,0.17,0.51,0.01,2,4,2,3,4,1
"P91035","Conway Road Medical Practice",1,151,153,130,154,89,94,0.99,0.84,0.95,27194,13517,2276,6830,0.17,0.51,0.01,1,4,3,3,3,1
"P91009","Davyhulme Medical Centre",1,247,251,135,181,118,133,0.98,0.75,0.89,24290,10925,2704,5570,0.25,0.51,0.02,1,4,5,5,4,1
"P91018","Delamere Medical Practice",0.83,143,166,110,145,60,66,0.86,0.76,0.91,13482,14817,2123,7328,0.14,0.49,0.01,3,5,3,2,2,1
"P91617","Family Surgery",1,26,26,18,21,13,14,1,0.86,0.93,29473,2413,339,1144,0.14,0.47,0.01,1,1,3,2,1,1
"P91021","Firsway Health Centre",1,245,249,161,199,125,141,0.98,0.81,0.89,19645,15246,2962,7643,0.19,0.5,0.02,2,5,4,3,3,1
"P91029","Flixton Road Medical Centre",0.85,158,183,139,179,82,93,0.86,0.78,0.88,26685,11835,2128,5944,0.18,0.5,0.02,1,4,4,3,3,1
"P91020","Limelight Health And Wellbeing Hub",1,94,96,90,115,41,44,0.98,0.78,0.93,3933,9551,998,4382,0.1,0.46,0.01,5,3,2,1,1,1
"P91627","Lostock Medical Centre",0.94,92,102,76,110,45,60,0.9,0.69,0.75,7169,8734,1315,4483,0.15,0.51,0.01,4,3,3,2,5,1
"P91629","North Trafford Group Practice",1,115,117,99,133,44,51,0.98,0.74,0.86,8904,15247,1658,7304,0.11,0.48,0.01,4,5,2,1,1,1
"P91003","Park Medical Practice",1,87,89,69,87,48,51,0.98,0.79,0.94,27642,7926,1503,3995,0.19,0.5,0.01,1,3,3,3,3,1
"P91019","Partington Central Surgery",0.86,55,58,37,57,22,30,0.95,0.65,0.73,9586,3672,544,1827,0.15,0.5,0.02,4,1,4,2,2,1
"P91026","Partington Family Practice",1,83,85,94,115,30,35,0.98,0.82,0.86,9586,6525,944,3376,0.14,0.52,0.01,4,2,3,2,5,1
"P91012","Primrose Surgery",1,114,114,90,108,67,73,1,0.83,0.92,14999,7532,1665,3924,0.22,0.52,0.02,3,2,4,4,5,1
"P91631","Riddings Family Health Centre",1,37,38,29,32,31,32,0.97,0.91,0.97,33623,3648,638,1849,0.17,0.51,0.01,1,1,2,3,4,1
"P91008","Shay Lane Medical Centre (Kelman)",1,89,90,52,74,67,77,0.99,0.7,0.87,32063,6224,1550,3173,0.25,0.51,0.01,1,2,4,5,4,1
"P91011","Shay Lane Medical Centre (Patel)",1,68,70,46,57,51,58,0.97,0.81,0.88,32063,5582,1267,2779,0.23,0.5,0.01,1,2,3,4,2,1
"P91604","St Johns Medical Centre",0.97,208,212,117,165,111,137,0.98,0.71,0.81,28797,16563,3486,8375,0.21,0.51,0.01,1,5,3,4,4,1
"P91007","Timperley Health Centre (Westwood)",1,88,90,55,69,59,63,0.98,0.8,0.94,33549,6313,1164,3144,0.18,0.5,0.01,1,2,4,3,2,1
"P91006","Urmston Group Practice",0.99,200,201,129,167,105,115,1,0.77,0.91,7610,13257,2782,6770,0.21,0.51,0.02,4,4,4,4,4,1
"P91623","Village Surgery",0.99,102,103,61,85,56,70,0.99,0.72,0.8,33549,7646,1697,3986,0.22,0.52,0.01,1,2,3,4,5,1
"P91014","Washway Road Medical Centre",1,226,228,144,177,134,149,0.99,0.81,0.9,14671,16394,2894,8260,0.18,0.5,0.01,3,5,4,3,3,1
"P91016","West Timperley Medical Centre",1,106,109,88,100,49,53,0.97,0.88,0.92,26108,9392,1441,4744,0.15,0.51,0.01,1,3,3,2,3,1
"N81645","4 Seasons Medical Centre",0.96,25,28,22,29,7,7,0.89,0.76,1,3667,2330,284,1064,0.12,0.46,0.01,5,1,3,2,1,1
"N81114","Birchwood Medical Centre",0.94,220,228,155,193,45,50,0.96,0.8,0.9,6673,10950,2428,5360,0.22,0.49,0.02,4,4,5,4,2,1
"N81014","Brookfield Surgery",0.99,111,112,51,66,75,83,0.99,0.77,0.9,28346,9374,2179,4796,0.23,0.51,0.01,1,3,3,4,4,1
"N81028","Causeway Medical Centre",1,92,93,82,94,39,39,0.99,0.87,1,12776,9314,1499,4601,0.16,0.49,0.01,3,3,2,2,2,1
"Y04925","Chapelford Primary Care Centre",0.96,58,62,52,62,23,24,0.94,0.84,0.96,29075,8134,724,4134,0.09,0.51,0.01,1,3,2,1,4,1
"N81637","Cockhedge Medical Centre",1,17,17,20,23,7,7,1,0.87,1,2887,2982,254,1335,0.09,0.45,0.01,5,1,1,1,1,1
"N81059","Culcheth Medical Centre",1,183,187,129,144,112,122,0.98,0.9,0.92,13992,12516,3031,6428,0.24,0.51,0.01,3,4,4,4,5,1
"N81097","Dallam Lane Medical Centre",1,50,51,46,57,14,17,0.98,0.81,0.82,2887,4435,628,2204,0.14,0.5,0.01,5,1,3,2,2,1
"Y01108","Fairfield Surgery",0.83,34,39,35,43,11,11,0.87,0.81,1,9943,3789,533,1877,0.14,0.5,0.01,3,1,2,2,2,1
"N81048","Fearnhead Cross Med.Ctr.",1,188,192,129,173,67,74,0.98,0.75,0.91,25384,13205,2485,6584,0.19,0.5,0.01,1,4,4,3,3,1
"N81056","Folly Lane Medical Centre",1,124,125,105,118,34,35,0.99,0.89,0.97,11477,9847,1555,4846,0.16,0.49,0.01,3,3,3,2,2,1
"N81089","Greenbank Surgery",1,162,164,79,93,96,101,0.99,0.85,0.95,9943,8233,1829,4123,0.22,0.5,0.02,3,3,5,4,3,1
"N81012","Guardian Street Med/Ctr",0.97,155,158,122,147,59,68,0.98,0.83,0.87,7966,12064,1921,6056,0.16,0.5,0.01,4,4,3,2,3,1
"N81041","Helsby Street Med/Ctr",1,120,123,89,104,64,67,0.98,0.86,0.96,4926,8616,1715,4288,0.2,0.5,0.01,4,3,4,3,2,1
"N81007","Holes Lane Medical Ltd.",1,163,164,126,139,64,70,0.99,0.91,0.91,29039,10178,2359,4970,0.23,0.49,0.02,1,3,4,4,2,1
"N81065","Latchford Medical Centre",1,75,75,62,73,40,43,1,0.85,0.93,9643,8227,1066,4176,0.13,0.51,0.01,4,3,2,2,4,1
"N81107","Manchester Road Surgery",1,46,46,35,42,15,16,1,0.83,0.94,9943,3619,577,1892,0.16,0.52,0.01,3,1,3,2,5,1
"N81109","Padgate Medical Centre",0.99,89,90,55,75,38,44,0.99,0.73,0.86,26198,6866,1202,3375,0.18,0.49,0.01,1,2,3,3,2,1
"N81083","Parkview Medical Centre",1,58,60,44,53,12,14,0.97,0.83,0.86,3667,5085,662,2467,0.13,0.49,0.01,5,1,3,2,1,1
"N81020","Penketh Health Centre",1,259,266,148,175,149,169,0.97,0.85,0.88,28403,12441,3677,6321,0.3,0.51,0.02,1,4,5,5,4,1
"N81036","Springfields Medical Centre",1,119,120,85,102,63,67,0.99,0.83,0.94,7966,8500,1559,4243,0.18,0.5,0.01,4,3,4,3,3,1
"N81075","Stockton Heath Med.Centre",1,244,250,137,171,157,173,0.98,0.8,0.91,24767,16408,4214,8353,0.26,0.51,0.02,1,5,4,5,4,1
"N81623","Stretton Medical Centre",0.48,96,108,68,90,43,56,0.89,0.76,0.77,30272,9406,1842,4771,0.2,0.51,0.01,1,3,3,3,4,1
"N81628","The Eric Moore Partnership",1,103,103,95,113,32,32,1,0.84,1,2887,12796,1222,5920,0.1,0.46,0.01,5,4,2,1,1,1
"N81108","The Lakeside Surgery",1,91,91,68,76,62,66,1,0.89,0.94,30624,10841,2492,5596,0.23,0.52,0.01,1,4,2,4,5,1
"N81122","Westbrook Medical Centre",0.93,146,148,84,125,50,61,0.99,0.67,0.82,32620,10467,2173,5321,0.21,0.51,0.01,1,4,4,4,4,1
"P81201","Ashurst Primary Care",1,59,59,50,63,20,20,1,0.79,1,9949,6063,988,2900,0.16,0.48,0.01,3,2,2,3,1,1
"P81695","Aughton Surgery",1,94,95,49,65,56,66,0.99,0.75,0.85,20295,6372,1536,3261,0.24,0.51,0.01,2,2,4,4,4,1
"P81112","Beacon Primary Care",1,247,247,185,235,119,129,1,0.79,0.92,13360,16857,3009,8700,0.18,0.52,0.01,3,5,4,3,5,1
"P81138","Burscough Family Practice",1,56,56,48,60,29,32,1,0.8,0.91,17547,3190,796,1573,0.25,0.49,0.02,2,1,5,5,2,1
"P81136","Dr A Bisarya",1,40,41,38,40,20,20,0.98,0.95,1,13360,2902,660,1452,0.23,0.5,0.01,3,1,4,4,3,1
"P81208","Excel Primary Care",1,243,246,197,220,92,100,0.99,0.9,0.92,1565,18086,2913,8942,0.16,0.49,0.01,5,5,4,2,2,1
"P81084","Hall Green Surgery",1,105,108,69,87,68,77,0.97,0.79,0.88,22846,8260,2056,4165,0.25,0.5,0.01,2,3,3,5,3,1
"P81646","Lathom House Surgery",1,66,67,43,53,35,40,0.99,0.81,0.88,17547,4229,1165,2126,0.28,0.5,0.02,2,1,4,5,3,1
"P81039","Manor Primary Care",1,53,54,44,55,18,20,0.98,0.8,0.9,4061,5640,736,2818,0.13,0.5,0.01,5,2,2,2,3,1
"P81014","Ormskirk Medical Practice",0.74,161,188,88,123,72,99,0.86,0.72,0.73,13327,9694,2608,5032,0.27,0.52,0.02,3,3,5,5,5,1
"P81096","Parbold Surgery",1,100,102,69,78,57,64,0.98,0.88,0.89,27427,7008,2010,3629,0.29,0.52,0.01,1,2,4,5,5,1
"P81041","Parkgate Surgery",1,158,160,88,102,68,75,0.99,0.86,0.91,28985,9539,2498,4910,0.26,0.51,0.02,1,3,4,5,5,1
"P81674","Stanley Court Surgery",1,85,86,62,72,59,63,0.99,0.86,0.94,17547,5701,1471,2955,0.26,0.52,0.02,2,2,4,5,5,1
"P81710","Tarleton Group Practice",1,193,196,148,164,105,109,0.98,0.9,0.96,25159,10020,2801,5025,0.28,0.5,0.02,1,3,5,5,3,1
"P81045","The Elms Practice",1,82,82,58,64,54,56,1,0.91,0.96,13327,4734,1320,2388,0.28,0.5,0.02,3,1,5,5,3,1
"P92015","Aspull Surgery",1,92,94,77,91,45,47,0.98,0.85,0.96,23182,6066,1467,3057,0.24,0.5,0.02,2,2,4,4,3,1
"P92637","Astley General Practice",1,27,27,34,36,7,8,1,0.94,0.88,23185,4110,513,2090,0.12,0.51,0.01,2,1,1,2,4,1
"P92633","Bee Fold Medical Centre",1,30,30,29,33,14,14,1,0.88,1,12350,3489,532,1771,0.15,0.51,0.01,3,1,2,2,4,1
"P92010","Beech Hill Medical Practice",1,205,207,152,178,84,95,0.99,0.85,0.88,21111,11605,2599,5814,0.22,0.5,0.02,2,4,5,4,3,1
"P92605","Boothstown Medical Centre",0.91,49,49,47,54,31,32,1,0.87,0.97,16500,7935,1147,3997,0.14,0.5,0.01,2,3,1,2,3,1
"P92008","Bradshaw Medical Centre",1,140,140,120,133,89,97,1,0.9,0.92,9957,8713,1952,4349,0.22,0.5,0.02,3,3,4,4,3,1
"P92002","Braithwaite Rd Surgery",1,73,74,72,79,29,32,0.99,0.91,0.91,26802,5156,1267,2573,0.25,0.5,0.01,1,1,4,5,3,1
"P92023","Brookmill Medical Centre",1,162,164,125,144,77,85,0.99,0.87,0.91,14410,8889,2013,4514,0.23,0.51,0.02,3,3,5,4,4,1
"P92034","Bryn Cross Surgery",1,116,117,72,91,59,68,0.99,0.79,0.87,16041,5561,1372,2798,0.25,0.5,0.02,2,2,5,5,3,1
"Y02378","Bryn Street Surgery",1,90,90,68,77,42,43,1,0.88,0.98,11075,6336,1192,3169,0.19,0.5,0.01,3,2,4,3,3,1
"P92006","Dr Ahmad & Ptnrs",1,80,82,78,93,42,48,0.98,0.84,0.88,1176,6145,1273,3049,0.21,0.5,0.01,5,2,3,4,2,1
"P92042","Dr Kk Chan & Partners",1,152,155,131,149,76,80,0.98,0.88,0.95,5122,9077,2029,4538,0.22,0.5,0.02,4,3,5,4,3,1
"P92030","Dr Seabrook",1,48,48,45,51,20,20,1,0.88,1,14024,4510,807,2147,0.18,0.48,0.01,3,1,3,3,1,1
"P92004","Dr Tun & Partners",0.9,97,99,65,95,44,51,0.98,0.68,0.86,9951,7425,1698,3662,0.23,0.49,0.01,3,2,3,4,2,1
"P92646","Dr Vardhan's Surgery",1,41,41,34,41,22,22,1,0.83,1,31479,3576,763,1817,0.21,0.51,0.01,1,1,3,4,4,1
"P92635","Dr Vasanth",0.79,26,26,21,29,7,8,1,0.72,0.88,12350,2004,468,918,0.23,0.46,0.01,3,1,3,4,1,1
"P92028","Elliott Street Surgery",1,62,62,54,59,23,23,1,0.92,1,5730,4827,957,2473,0.2,0.51,0.01,4,1,3,3,5,1
"P92602","Foxleigh Family Surgery",1,40,41,31,35,17,18,0.98,0.89,0.94,14410,2474,461,1175,0.19,0.47,0.02,3,1,4,3,1,1
"P92630","Golborne Surgery",1,28,28,26,28,12,13,1,0.93,0.92,10399,2924,532,1396,0.18,0.48,0.01,3,1,2,3,1,1
"P92607","Grasmere Surgery",0.97,139,148,110,124,62,65,0.94,0.89,0.95,25709,7889,1767,3996,0.22,0.51,0.02,1,3,5,4,4,1
"P92012","High Street Surgery",0.96,82,82,50,62,28,31,1,0.81,0.9,10399,4528,964,2224,0.21,0.49,0.02,3,1,5,4,2,1
"P92620","Ince Surgery",1,68,69,68,78,21,23,0.99,0.87,0.91,3633,8043,967,3955,0.12,0.49,0.01,5,3,2,2,2,1
"P92024","Kumar Family Practice",1,72,72,68,69,22,22,1,0.99,1,7552,5146,885,2547,0.17,0.49,0.01,4,1,4,3,2,1
"Y02322","Leigh Family Practice",1,80,82,69,73,26,29,0.98,0.95,0.9,14410,9545,1127,4729,0.12,0.5,0.01,3,3,2,2,2,1
"Y02886","Leigh Sports Village",1,27,27,34,39,7,7,1,0.87,1,24430,4527,517,2246,0.11,0.5,0.01,1,1,1,2,2,1
"Y00050","Lilford & Pennington Park Surgery",1,83,83,80,91,28,29,1,0.88,0.97,14410,7023,1003,3397,0.14,0.48,0.01,3,2,3,2,1,1
"P92026","Longshoot Medical Practice",1,91,93,81,96,40,47,0.98,0.84,0.85,8104,7467,1344,3677,0.18,0.49,0.01,4,2,3,3,2,1
"P92651","Lowton & Platt Bridge Surgery",1,49,50,54,62,27,28,0.98,0.87,0.96,8253,5620,950,2740,0.17,0.49,0.01,4,2,2,3,2,1
"Y02885","Marsh Green Medical Practice",1,26,26,30,32,4,4,1,0.94,1,1437,4084,245,2034,0.06,0.5,0.01,5,1,1,1,2,1
"P92642","Marus Bridge Practice",1,68,69,65,78,31,33,0.99,0.83,0.94,7552,5390,1039,2801,0.19,0.52,0.01,4,2,3,3,5,1
"P92626","Meadowview Surgery",1,86,88,84,89,41,44,0.98,0.94,0.93,12350,6256,1229,3186,0.2,0.51,0.01,3,2,4,3,4,1
"P92001","Medicentre",1,99,100,74,88,39,43,0.99,0.84,0.91,11075,5566,1299,2775,0.23,0.5,0.02,3,2,5,4,3,1
"P92634","Mesnes View Surgery",1,64,65,58,67,25,28,0.98,0.87,0.89,14024,4878,916,2252,0.19,0.46,0.01,3,1,3,3,1,1
"P92021","Newtown Medical Practice",0.99,95,99,83,91,40,44,0.96,0.91,0.91,4407,6053,1392,3050,0.23,0.5,0.02,4,2,4,4,3,1
"P92007","Old Henry Street Med Ctr",1,104,106,102,107,51,52,0.98,0.95,0.98,14410,6358,1271,3175,0.2,0.5,0.02,3,2,4,3,3,1
"P92019","Pemberton Surgery",1,141,144,126,137,58,63,0.98,0.92,0.92,4407,10475,1636,5153,0.16,0.49,0.01,4,4,4,2,2,1
"P92016","Pennygate Medical Centre",1,299,312,223,273,116,123,0.96,0.82,0.94,17033,19073,3634,9594,0.19,0.5,0.02,2,5,4,3,3,1
"P92031","Platt House Surgery",1,39,40,47,50,23,25,0.98,0.94,0.92,1176,4565,813,2290,0.18,0.5,0.01,5,1,2,3,3,1
"Y02321","Poplar Street Surgery",1,59,60,49,59,22,24,0.98,0.83,0.92,5730,5778,726,2925,0.13,0.51,0.01,4,2,2,2,4,1
"P92621","Premier Health Team",1,56,56,53,58,26,26,1,0.91,1,14410,4353,787,2100,0.18,0.48,0.01,3,1,3,3,1,1
"Y02274","Rivington Way Surgery",1,22,22,29,31,7,7,1,0.94,1,3633,3886,275,1934,0.07,0.5,0.01,5,1,1,1,2,1
"P92038","Saxena L",0.99,37,38,27,35,12,14,0.97,0.77,0.86,26057,3191,588,1574,0.18,0.49,0.01,1,1,3,3,2,1
"P92639","Shahbazi Ss",1,41,42,32,36,17,18,0.98,0.89,0.94,10399,3072,538,1498,0.18,0.49,0.01,3,1,4,3,2,1
"P92017","Shevington Surgery",1,223,224,149,175,142,148,1,0.85,0.96,27863,13249,3330,6766,0.25,0.51,0.02,1,4,4,5,4,1
"P92020","Sivakumar & Partner",1,56,56,50,61,40,43,1,0.82,0.93,31479,5004,1077,2455,0.22,0.49,0.01,1,1,3,4,2,1
"P92648","Slag Lane Mc",1,79,79,56,60,40,42,1,0.93,0.95,25756,5679,1035,2885,0.18,0.51,0.01,1,2,4,3,4,1
"P92647","South Wigan Medical Practice",1,135,138,98,118,54,57,0.98,0.83,0.95,7552,6456,1352,3286,0.21,0.51,0.02,4,2,5,4,4,1
"P92041","Ssp Health Limited Ashton Medical Centre",1,118,120,101,115,62,69,0.98,0.88,0.9,16041,8552,1671,4216,0.2,0.49,0.01,2,3,4,3,2,1
"P92014","Standish Medical Practice",1,198,200,141,153,102,107,0.99,0.92,0.95,24857,13365,2940,6793,0.22,0.51,0.01,1,4,4,4,4,1
"P92011","Sullivan Way Surgery",1,141,141,109,128,48,53,1,0.85,0.91,32,8021,1541,3937,0.19,0.49,0.02,5,3,5,3,2,1
"P92615","The Avenue Surgery",1,68,69,54,62,26,29,0.99,0.87,0.9,25709,4862,961,2510,0.2,0.52,0.01,1,1,4,3,5,1
"P92003","The Dicconson Group Practice",1,124,124,122,137,64,67,1,0.89,0.96,2043,9715,1834,4825,0.19,0.5,0.01,5,3,3,3,2,1
"P92033","The Surgery, Tyldesley",0.92,49,50,40,48,25,27,0.98,0.83,0.93,5730,4778,942,2290,0.2,0.48,0.01,4,1,2,3,1,1
"P92029","Westleigh Medical Practice",1,64,64,48,56,16,16,1,0.86,1,2833,4477,710,2188,0.16,0.49,0.01,5,1,4,2,2,1
"P92005","Zaman",1,101,101,73,89,35,35,1,0.82,1,7552,4264,983,2162,0.23,0.51,0.02,4,1,5,4,4,1
"P81037","Ansdell Medical Centre",1,298,301,175,208,163,182,0.99,0.84,0.9,19682,12522,4332,6521,0.35,0.52,0.02,2,4,5,5,5,1
"P81129","Ash Tree House Surgery",1,210,212,132,152,109,112,0.99,0.87,0.97,11624,12025,2734,6189,0.23,0.51,0.02,3,4,5,4,5,1
"P81742","Beechwood Surgery",1,57,58,43,52,30,33,0.98,0.83,0.91,20950,2598,786,1290,0.3,0.5,0.02,2,1,5,5,2,1
"P81086","Broadway Medical Centre",1,215,218,127,152,82,85,0.99,0.84,0.96,1029,9741,2228,4931,0.23,0.51,0.02,5,3,5,4,4,1
"P81157","Fernbank Surgery",1,226,237,145,189,102,114,0.95,0.77,0.89,28168,11331,3515,5815,0.31,0.51,0.02,1,4,5,5,5,1
"P81668","Fleetwood Surgery",1,113,114,107,120,38,42,0.99,0.89,0.9,1029,6422,1338,3007,0.21,0.47,0.02,5,2,5,4,1,1
"P81006","Garstang Medical Practice",1,448,458,289,359,222,243,0.98,0.81,0.91,20218,20649,6186,10453,0.3,0.51,0.02,2,5,5,5,4,1
"P81059","Great Eccleston Hlth Ctr",1,124,124,86,100,59,64,1,0.86,0.92,19904,7790,2258,3905,0.29,0.5,0.02,2,3,4,5,3,1
"P81077","Holland House Surgery",1,233,236,166,187,138,146,0.99,0.89,0.95,28168,10973,3790,5686,0.35,0.52,0.02,1,4,5,5,5,1
"P81128","Kirkham Health Centre",1,135,139,93,116,60,64,0.97,0.8,0.94,11624,9852,2172,4931,0.22,0.5,0.01,3,3,4,4,3,1
"P81149","Lockwood Gp Surgery",1,153,155,109,132,93,99,0.99,0.83,0.94,20580,8947,2533,4641,0.28,0.52,0.02,2,3,5,5,5,1
"P81150","Parcliffe Medical Centre",1,304,313,175,243,158,171,0.97,0.72,0.92,6695,12187,3905,6187,0.32,0.51,0.03,4,4,5,5,4,1
"P81031","Poplar House Surgery",0.9,124,146,88,114,63,70,0.85,0.77,0.9,6695,6778,1996,3304,0.29,0.49,0.02,4,2,5,5,2,1
"P81191","Queensway Medical Centre",1,187,188,128,153,97,110,0.99,0.84,0.88,30016,9774,2957,5045,0.3,0.52,0.02,1,3,5,5,5,1
"P81089","The Mount View Practice",1,208,214,177,207,79,84,0.97,0.86,0.94,118,12418,2865,6169,0.23,0.5,0.02,5,4,5,4,2,1
"P81087","The Over-Wyre Med.Ctr.",1,311,326,228,253,151,159,0.95,0.9,0.95,17125,11572,4341,5824,0.38,0.5,0.03,2,4,5,5,3,1
"P81079","The Thornton Practice",1,241,243,169,186,134,136,0.99,0.91,0.99,11964,12922,3606,6655,0.28,0.52,0.02,3,4,5,5,5,1
"P81133","The Village Practice",1,201,206,121,145,101,110,0.98,0.83,0.92,11964,8962,2485,4619,0.28,0.52,0.02,3,3,5,5,5,1
"C85003","Ashville Medical Centre PMS Practice",1,231,235,179,214,75,87,0.98,0.84,0.86,4208,13140,2333,6645,0.18,0.51,0.02,5,4,5,3,4,1
"Y05363","Bhf Highgate Surgery",1,42,43,31,35,12,14,0.98,0.89,0.86,2658,3116,475,1574,0.15,0.51,0.01,5,1,4,2,3,1
"Y05364","Bhf Lundwood Surgery",1,53,53,51,55,12,13,1,0.93,0.92,9639,3545,359,1818,0.1,0.51,0.01,4,1,4,1,5,1
"Y05248","Brierley Medical Centre",1,45,45,41,53,8,9,1,0.77,0.89,2658,3350,557,1651,0.17,0.49,0.01,5,1,3,3,2,1
"C85017","Burleigh Medical Centre",1,202,206,170,197,74,81,0.98,0.86,0.91,4483,11891,2175,5796,0.18,0.49,0.02,4,4,5,3,2,1
"C85614","Darton Health Centre Practice",1,68,69,45,60,29,31,0.99,0.75,0.94,10271,4393,805,2198,0.18,0.5,0.02,3,1,4,3,3,1
"Y00411","Dearne Valley Group Practice",0.84,173,177,130,132,48,53,0.98,0.98,0.91,2137,11801,1811,5916,0.15,0.5,0.01,5,4,4,2,3,1
"C85016","Garland House Surgery",1,255,256,223,276,84,95,1,0.81,0.88,8116,11043,2471,5588,0.22,0.51,0.02,4,4,5,4,4,1
"C85001","Goldthorpe Medical Centre PMS Practice",1,69,70,51,60,30,32,0.99,0.85,0.94,5973,4472,868,2180,0.19,0.49,0.02,4,1,4,3,2,1
"C85018","Grimethorpe Surgery",1,98,100,95,114,48,53,0.98,0.83,0.91,2658,7352,1360,3802,0.18,0.52,0.01,5,2,4,3,5,1
"C85024","High Street Practice",0.92,106,119,63,111,30,50,0.89,0.57,0.6,13919,6409,1527,3214,0.24,0.5,0.02,3,2,5,4,3,1
"C85010","Hill Brow Surgery PMS Practice",0.93,354,380,240,338,136,165,0.93,0.71,0.82,9864,16809,3801,8658,0.23,0.52,0.02,3,5,5,4,5,1
"C85023","Hollygreen Practice",0.83,182,207,99,168,65,83,0.88,0.59,0.78,5973,11318,2280,5734,0.2,0.51,0.02,4,4,5,4,4,1
"C85022","Hoyland Medical Practice",1,188,192,151,189,74,84,0.98,0.8,0.88,4104,12989,2490,6549,0.19,0.5,0.01,5,4,4,3,3,1
"C85020","Huddersfield Road Surgery",1,214,219,177,215,99,105,0.98,0.82,0.94,6047,12426,2872,6217,0.23,0.5,0.02,4,4,5,4,3,1
"C85623","Kingswell Surgery PMS Practice",1,59,59,67,73,16,17,1,0.92,0.94,24377,5284,1024,2703,0.19,0.51,0.01,1,1,3,3,4,1
"Y04809","Lakeside Surgery",0.84,27,29,21,28,4,7,0.93,0.75,0.57,5973,2419,285,1230,0.12,0.51,0.01,4,1,3,2,4,1
"C85028","Lundwood Medical Centre PMS Practice",0.8,62,66,41,70,16,24,0.94,0.59,0.67,9639,3943,758,1744,0.19,0.44,0.02,4,1,4,3,1,1
"C85622","Monk Bretton Health Centre Practice",0.77,41,43,27,48,12,16,0.95,0.56,0.75,1280,2253,448,1138,0.2,0.51,0.02,5,1,5,3,3,1
"C85004","Penistone Group PMS Practice",1,307,308,220,269,154,180,1,0.82,0.86,9649,16537,4111,8357,0.25,0.51,0.02,4,5,5,5,3,1
"C85005","Royston Group Practice",1,159,162,116,146,55,59,0.98,0.79,0.93,13919,7465,1644,3736,0.22,0.5,0.02,3,2,5,4,3,1
"C85619","St George's Medical Centre PMS Practice",1,124,125,93,102,45,52,0.99,0.91,0.87,953,8765,1239,4448,0.14,0.51,0.01,5,3,4,2,4,1
"C85007","The Dove Valley PMS Practice",1,188,189,132,155,79,84,0.99,0.85,0.94,6397,10631,2332,5351,0.22,0.5,0.02,4,4,5,4,3,1
"C85019","The Grove Medical Practice",1,146,149,117,150,69,73,0.98,0.78,0.95,5597,11065,2341,5333,0.21,0.48,0.01,4,4,3,4,1,1
"C85009","The Kakoty Practice",1,66,67,64,70,26,28,0.99,0.91,0.93,749,7410,767,3374,0.1,0.46,0.01,5,2,2,1,1,1
"C85014","The Rose Tree PMS Practice",0.9,173,179,155,189,65,79,0.97,0.82,0.82,7291,9804,2051,4962,0.21,0.51,0.02,4,3,5,4,4,1
"C85033","Victoria Medical Centre PMS Practice",0.91,130,143,97,130,58,68,0.91,0.75,0.85,10067,11527,2066,5880,0.18,0.51,0.01,3,4,3,3,4,1
"C85008","Walderslade Surgery",1,251,256,190,244,100,112,0.98,0.78,0.89,4104,12901,3095,6525,0.24,0.51,0.02,5,4,5,4,4,1
"C85013","Wombwell Gms Practice",1,229,234,177,202,83,92,0.98,0.88,0.9,5869,11207,1961,5663,0.17,0.51,0.02,4,4,5,3,3,1
"C85030","Wombwell Medical Centre Practice",0.99,171,173,134,158,66,73,0.99,0.85,0.9,7313,10140,1853,5013,0.18,0.49,0.02,4,3,5,3,2,1
"C85006","Woodland Drive Medical Centre",1,74,76,62,73,37,38,0.97,0.85,0.97,17352,5406,1314,2695,0.24,0.5,0.01,2,2,4,4,3,1
"C84101","Bawtry And Blyth Medical",1,63,64,40,48,38,39,0.98,0.83,0.97,27794,3741,1108,1923,0.3,0.51,0.02,1,1,5,5,5,1
"C84035","Crown House Surgery",1,198,198,151,172,109,120,1,0.88,0.91,21460,11641,3142,5888,0.27,0.51,0.02,2,4,4,5,4,1
"C84013","Kingfisher Family Practice",0.91,262,293,152,211,111,135,0.89,0.72,0.82,21460,15584,3839,8067,0.25,0.52,0.02,2,5,5,5,5,1
"C84001","Larwood Surgery",1,551,559,328,415,199,225,0.99,0.79,0.88,6573,31079,5941,15803,0.19,0.51,0.02,4,5,5,3,4,1
"C84024","Newgate Medical Group",0.99,397,403,250,343,201,219,0.99,0.73,0.92,4647,30236,6431,14734,0.21,0.49,0.01,4,5,3,4,2,1
"C84692","North Leverton Surgery",1,53,53,44,48,21,22,1,0.92,0.95,18497,2685,850,1343,0.32,0.5,0.02,2,1,5,5,3,1
"C84094","Riverside Health Centre",1,361,371,217,286,170,196,0.97,0.76,0.87,7361,23487,4820,11821,0.21,0.5,0.02,4,5,4,4,3,1
"C84008","Tuxford Medical Centre",1,78,79,71,87,38,42,0.99,0.82,0.9,9613,6113,1542,3054,0.25,0.5,0.01,4,2,3,5,3,1
"Y05346","Westwood Primary Care Centre",1,41,41,29,37,4,4,1,0.78,1,722,3594,395,1826,0.11,0.51,0.01,5,1,3,1,4,1
"B84016","Bankfield Surgery",0.86,171,173,128,185,72,89,0.99,0.69,0.81,1896,11353,2159,5767,0.19,0.51,0.02,5,4,4,3,4,1
"B84613","Beechwood Medical Centre",1,107,108,122,145,34,38,0.99,0.84,0.89,4342,10306,1347,5298,0.13,0.51,0.01,5,4,2,2,5,1
"B84007","Brig Royd Surgery",1,173,176,150,179,69,76,0.98,0.84,0.91,18630,10715,2363,5422,0.22,0.51,0.02,2,4,4,4,4,1
"B84618","Caritas Group Practice",0.99,85,103,77,120,31,41,0.83,0.64,0.76,3385,8320,1235,4082,0.15,0.49,0.01,5,3,3,2,2,1
"B84011","Church Lane Surgery",1,149,159,127,153,112,123,0.94,0.83,0.91,8416,11058,2801,5627,0.25,0.51,0.01,4,4,4,5,4,1
"B84004","Hebden Bridge Group Practice",1,258,265,216,254,113,123,0.97,0.85,0.92,14812,18541,4339,9466,0.23,0.51,0.01,3,5,4,4,4,1
"B84010","Keighley Road Surgery",0.9,136,139,112,141,51,56,0.98,0.79,0.91,7300,10358,1959,5215,0.19,0.5,0.01,4,4,3,3,3,1
"B84021","King Cross Practice",0.98,123,124,107,128,79,84,0.99,0.84,0.94,3675,8801,1837,4541,0.21,0.52,0.01,5,3,4,4,5,1
"B84612","Lister Lane Surgery",1,76,77,81,97,29,30,0.99,0.84,0.97,931,8937,1109,4188,0.12,0.47,0.01,5,3,2,2,1,1
"B84623","Longroyde Surgery",1,51,51,47,61,28,31,1,0.77,0.9,14901,5028,820,2626,0.16,0.52,0.01,3,1,2,3,5,1
"B84013","Plane Trees Group Practice",1,181,186,136,157,71,79,0.97,0.87,0.9,3139,9231,1895,4729,0.21,0.51,0.02,5,3,5,4,5,1
"B84014","Rastrick Health Centre",1,92,92,66,78,51,57,1,0.85,0.89,19188,5368,1452,2718,0.27,0.51,0.02,2,2,5,5,4,1
"B84003","Rydings Hall Surgery",0.73,110,117,73,100,45,57,0.94,0.73,0.79,8416,7821,1846,3931,0.24,0.5,0.01,4,3,4,4,3,1
"B84012","Spring Hall Group Practice",1,318,320,306,360,171,189,0.99,0.85,0.9,2587,28628,4580,13906,0.16,0.49,0.01,5,5,3,2,2,1
"B84009","Stainland Road Medical Centre",1,140,143,117,134,66,73,0.98,0.87,0.9,10600,11541,2518,5900,0.22,0.51,0.01,3,4,3,4,4,1
"B84001","Station Road Surgery",1,143,147,123,162,38,44,0.97,0.76,0.86,4999,10263,1768,5023,0.17,0.49,0.01,4,4,4,3,2,1
"B84019","The Boulevard Medical Practice",1,174,179,161,200,67,71,0.97,0.8,0.94,19824,17040,2335,8417,0.14,0.49,0.01,2,5,2,2,2,1
"B84008","The Northolme Practice",1,282,290,172,221,135,159,0.97,0.78,0.85,20591,16193,3871,8350,0.24,0.52,0.02,2,5,5,4,5,1
"B84006","Todmorden Group Practice",0.9,197,215,190,226,98,109,0.92,0.84,0.9,9068,16209,3286,8242,0.2,0.51,0.01,4,5,3,4,4,1
"C86609","Asa Medical Group",0.99,298,304,189,236,90,102,0.98,0.8,0.88,11133,20197,3658,10034,0.18,0.5,0.02,3,5,4,3,2,1
"C86605","Askern Medical Practice",1,59,59,70,84,17,18,1,0.83,0.94,10724,7595,1367,3641,0.18,0.48,0.01,3,2,2,3,1,1
"C86606","Barnburgh Surgery",1,39,39,34,42,17,18,1,0.81,0.94,16826,2344,609,1157,0.26,0.49,0.02,2,1,4,5,2,1
"C86024","Conisbrough Group Practice",0.98,234,256,181,233,81,97,0.91,0.78,0.84,3244,11985,2481,6119,0.21,0.51,0.02,5,4,5,4,4,1
"C86625","Conisbrough Medical Practice",1,15,15,14,16,9,10,1,0.88,0.9,3244,1627,216,771,0.13,0.47,0.01,5,1,2,2,1,1
"C86616","Denaby Medical Practice",1,30,30,25,33,10,11,1,0.76,0.91,2159,3654,593,1782,0.16,0.49,0.01,5,1,2,3,2,1
"C86023","Don Valley Healthcare",1,235,238,171,196,72,80,0.99,0.87,0.9,7331,14072,2391,7152,0.17,0.51,0.02,4,5,4,3,4,1
"C86611","Dunsville Medical Centre",0.92,132,145,90,113,51,54,0.91,0.8,0.94,25720,6839,1441,3576,0.21,0.52,0.02,1,2,5,4,5,1
"C86026","Edlington Health Centre Practice",1,70,71,59,75,25,27,0.99,0.79,0.93,1601,5003,819,2426,0.16,0.48,0.01,5,1,4,3,1,1
"C86037","Field Road Surgery",0.94,165,166,144,158,67,75,0.99,0.91,0.89,2062,9428,2033,4654,0.22,0.49,0.02,5,3,5,4,2,1
"C86025","Frances Street Medical Centre",1,99,100,80,84,28,28,0.99,0.95,1,381,6738,1071,3001,0.16,0.45,0.01,5,2,4,2,1,1
"C86001","Great North Medical Group",1,292,298,231,258,106,112,0.98,0.9,0.95,874,16768,3368,8388,0.2,0.5,0.02,5,5,5,3,3,1
"C86003","Hatfield Health Centre",1,186,191,117,135,69,79,0.97,0.87,0.87,2666,9699,2293,4910,0.24,0.51,0.02,5,3,5,4,4,1
"C86017","Kingthorne Group Practice",1,190,191,159,183,86,89,0.99,0.87,0.97,2744,15320,2394,7513,0.16,0.49,0.01,5,5,3,2,2,1
"C86005","Mexborough Health Centre",1,71,73,75,90,39,42,0.97,0.83,0.93,3902,4803,1161,2377,0.24,0.49,0.02,5,1,4,4,2,1
"C86011","Mount Group Practice",1,190,191,146,167,86,89,0.99,0.87,0.97,11609,13940,2690,6961,0.19,0.5,0.01,3,4,4,3,3,1
"C86018","Northfield Surgery",0.85,134,140,99,126,56,61,0.96,0.79,0.92,6853,9986,2031,4911,0.2,0.49,0.01,4,3,4,4,2,1
"C86626","Park View Surgery",1,27,27,15,18,15,17,1,0.83,0.88,21506,2680,551,1388,0.21,0.52,0.01,2,1,2,4,5,1
"C86038","Petersgate Medical Centre",1,151,151,109,126,57,63,1,0.87,0.9,8868,9344,1769,4830,0.19,0.52,0.02,4,3,4,3,5,1
"C86006","Regent Square Group Practice",1,160,164,105,120,74,76,0.98,0.88,0.97,381,10493,1902,5198,0.18,0.5,0.02,5,4,4,3,2,1
"C86032","Scawsby Health Centre Practice",0.94,87,94,42,85,19,31,0.93,0.49,0.61,22928,5584,1222,2814,0.22,0.5,0.02,2,2,4,4,3,1
"C86029","St Vincent Medical Centre",1,212,213,170,184,94,99,1,0.92,0.95,2744,14188,2754,6952,0.19,0.49,0.02,5,5,4,3,2,1
"C86020","St. Johns Group Practice",1,140,144,114,128,60,66,0.97,0.89,0.91,8795,8885,1717,4392,0.19,0.49,0.02,4,3,4,3,2,1
"C86007","The Burns Practice",1,238,246,204,247,95,101,0.97,0.83,0.94,381,18190,3753,9244,0.21,0.51,0.01,5,5,3,4,4,1
"Y05167","The Flying Scotsman Health Centre",1,53,53,47,61,7,8,1,0.77,0.88,17,13281,549,5681,0.04,0.43,0,5,4,1,1,1,1
"C86016","The Lakeside Practice",1,141,144,120,150,60,66,0.98,0.8,0.91,10724,9146,1882,4730,0.21,0.52,0.02,3,3,4,4,5,1
"C86009","The Mayflower Medical Practice",0.97,156,156,107,127,62,66,1,0.84,0.94,27794,7448,1884,3828,0.25,0.51,0.02,1,2,5,5,5,1
"C86033","The Nayar Practice",0.97,64,65,53,61,27,29,0.98,0.87,0.93,1601,5269,825,2712,0.16,0.51,0.01,5,1,3,2,5,1
"C86034","The New Surgery",1,143,146,117,137,49,53,0.98,0.85,0.92,3902,7638,1482,3913,0.19,0.51,0.02,5,2,5,3,5,1
"C86012","The Oakwood Surgery",1,98,98,64,78,37,45,1,0.82,0.82,3604,5584,1427,2756,0.26,0.49,0.02,5,2,5,5,2,1
"C86002","The Ransome Practice",1,117,120,94,108,40,44,0.98,0.87,0.91,1578,8289,1327,4034,0.16,0.49,0.01,5,3,4,2,2,1
"C86015","The Rossington Practice",0.75,104,115,65,111,35,57,0.9,0.59,0.61,5782,8340,1703,4214,0.2,0.51,0.01,4,3,4,4,3,1
"C86019","The Scott Practice",1,238,245,152,170,93,104,0.97,0.89,0.89,8795,16690,2859,8255,0.17,0.49,0.01,4,5,4,3,2,1
"C86013","The Tickhill & Colliery Medical Practice",0.99,194,202,111,146,102,119,0.96,0.76,0.86,25716,8701,2690,4481,0.31,0.51,0.02,1,3,5,5,5,1
"C86614","Thorne Moor Medical Practice",1,139,140,150,166,62,67,0.99,0.9,0.93,6853,9677,1969,4882,0.2,0.5,0.01,4,3,4,4,3,1
"C86621","West End Clinic",1,60,62,46,58,17,19,0.97,0.79,0.89,11382,4586,790,2311,0.17,0.5,0.01,3,1,3,3,3,1
"C86021","White House Farm Medical Centre",1,123,131,46,88,62,84,0.94,0.52,0.74,21711,6255,1573,3192,0.25,0.51,0.02,2,2,5,5,4,1
"B81068","Bartholomew Medical Group",1,300,300,190,221,121,133,1,0.86,0.91,29625,17719,3641,8785,0.21,0.5,0.02,1,5,4,4,2,1
"B81100","Dr Ac Milner",0.97,80,81,56,69,53,62,0.99,0.81,0.85,16717,4215,1341,2211,0.32,0.52,0.02,2,1,5,5,5,1
"B81666","Dr Mitchell",1,27,27,18,22,30,31,1,0.82,0.97,30969,2537,730,1293,0.29,0.51,0.01,1,1,3,5,4,1
"B81069","Drs Reddy And Nunn",1,683,701,534,642,273,293,0.97,0.83,0.93,5454,29390,9054,14946,0.31,0.51,0.02,4,5,5,5,4,1
"B81004","Eastgate Medical Group, Hornsea",1,205,210,177,223,106,121,0.98,0.79,0.88,23401,12427,4356,6316,0.35,0.51,0.02,1,4,4,5,4,1
"B81041","Gilberdyke Health Centre",1,104,107,86,98,37,40,0.97,0.88,0.92,20369,6192,1636,3111,0.26,0.5,0.02,2,2,5,5,3,1
"B81101","Greengates Medical Group",1,386,403,218,296,196,212,0.96,0.74,0.92,4160,23568,5648,12101,0.24,0.51,0.02,5,5,5,4,5,1
"B81025","Holderness Health",1,546,561,421,516,270,304,0.97,0.82,0.89,1844,33774,10221,16944,0.3,0.5,0.02,5,5,4,5,3,1
"B81088","Howden Medical Practice",1,118,120,93,107,63,66,0.98,0.87,0.95,17484,8176,1994,4108,0.24,0.5,0.01,2,3,4,4,3,1
"B81006","Humber Primary Care",1,263,267,192,225,158,172,0.99,0.85,0.92,165,12387,4174,6151,0.34,0.5,0.02,5,4,5,5,2,1
"B81653","King Street Medical Centre",1,128,129,76,99,88,97,0.99,0.77,0.91,24920,7497,2105,3780,0.28,0.5,0.02,1,2,5,5,3,1
"B81034","Leven & Beeford Medical Practice",1,165,172,137,165,90,101,0.96,0.83,0.89,27497,11501,3712,5751,0.32,0.5,0.01,1,4,4,5,3,1
"B81042","Manor Road Surgery",1,260,265,147,163,114,121,0.98,0.9,0.94,8237,13805,3932,7277,0.28,0.53,0.02,4,4,5,5,5,1
"B81009","Market Weighton Group Practice",0.93,105,111,73,97,52,61,0.95,0.75,0.85,25317,9049,2155,4565,0.24,0.5,0.01,1,3,3,4,3,1
"B81013","Montague Medical Practice",1,112,115,82,93,57,62,0.97,0.88,0.92,6379,8904,1487,4276,0.17,0.48,0.01,4,3,3,3,1,1
"B81082","North Beverley Medical Centre",1,85,87,65,81,53,67,0.98,0.8,0.79,33267,6536,1587,3391,0.24,0.52,0.01,1,2,3,4,5,1
"B81051","Old Fire Station Surgery",1,132,132,112,126,99,110,1,0.89,0.9,18612,10502,3475,5400,0.33,0.51,0.01,2,4,3,5,5,1
"B81619","Park View Surgery",1,37,37,23,23,25,25,1,1,1,22788,2703,619,1329,0.23,0.49,0.01,2,1,4,4,2,1
"B81092","The Medical Centre, Driffield",1,236,242,181,223,118,131,0.98,0.81,0.9,19737,12360,3418,6322,0.28,0.51,0.02,2,4,5,5,4,1
"B81037","The Park Surgery",1,229,235,194,234,165,188,0.97,0.83,0.88,20217,14504,4374,7394,0.3,0.51,0.02,2,5,4,5,4,1
"B81061","The Ridings Medical Group",1,649,652,430,501,362,393,1,0.86,0.92,22561,47818,11160,24626,0.23,0.51,0.01,2,5,4,4,5,1
"B81029","The Snaith And Rawcliffe Medical Group",1,199,204,157,204,82,93,0.98,0.77,0.88,24066,11808,2713,5972,0.23,0.51,0.02,1,4,5,4,4,1
"B81024","Willerby And Swanland Surgery",1,173,174,81,105,110,144,0.99,0.77,0.76,17052,10845,3253,5582,0.3,0.51,0.02,2,4,4,5,5,1
"B81085","Burnbrae Medical Practice",1,73,74,51,61,24,27,0.99,0.84,0.89,10494,5453,1138,2775,0.21,0.51,0.01,3,2,3,4,4,1
"B81104","Campus Health Centre",0.71,17,19,22,29,9,11,0.89,0.76,0.82,24758,7655,367,3576,0.05,0.47,0,1,3,1,1,1,1
"B81074","City Health Practice Ltd",1,148,154,118,158,65,76,0.96,0.75,0.86,1157,12189,2766,6046,0.23,0.5,0.01,5,4,3,4,2,1
"B81054","Clifton House Medical Centre",1,98,100,92,112,40,45,0.98,0.82,0.89,1796,7976,1657,3771,0.21,0.47,0.01,5,3,3,4,1,1
"B81097","Delta Healthcare",1,23,23,17,22,16,16,1,0.77,1,11500,2649,491,1260,0.19,0.48,0.01,3,1,2,3,1,1
"B81616","Dr Gt Hendow's Practice",1,47,51,34,50,16,19,0.92,0.68,0.84,541,2923,575,1428,0.2,0.49,0.02,5,1,5,3,2,1
"B81040","Dr Jad Weir & Partners",0.96,146,149,125,166,54,64,0.98,0.75,0.84,542,15747,2466,7839,0.16,0.5,0.01,5,5,2,2,2,1
"B81631","Drs Raut And Thoufeeq",0.95,48,48,48,60,14,15,1,0.8,0.93,1235,4678,801,2270,0.17,0.49,0.01,5,1,2,3,2,1
"B81645","East Park Practice",1,17,17,14,18,4,6,1,0.78,0.67,3659,2341,298,1087,0.13,0.46,0.01,5,1,2,2,1,1
"B81119","Goodheart Surgery",1,50,53,45,66,13,16,0.94,0.68,0.81,541,6401,921,3233,0.14,0.51,0.01,5,2,2,2,3,1
"B81075","Hastings Medical Centre",0.98,34,35,37,51,16,19,0.97,0.73,0.84,15026,3713,991,1880,0.27,0.51,0.01,3,1,2,5,4,1
"Y02747","Haxby Group Hull",0.99,89,91,86,100,25,26,0.98,0.86,0.96,23534,18735,1421,9548,0.08,0.51,0,1,5,1,1,4,1
"B81008","Hull Family Practice",1,452,458,334,422,178,201,0.99,0.79,0.89,1157,37959,6706,18705,0.18,0.49,0.01,5,5,3,3,2,1
"B81112","James Alexander Family Practice",1,169,171,136,173,77,89,0.99,0.79,0.87,541,13118,2007,6635,0.15,0.51,0.01,5,4,3,2,4,1
"B81011","Kingston Health (Hull)",1,86,86,97,109,31,33,1,0.89,0.94,3152,10517,1931,5330,0.18,0.51,0.01,5,4,2,3,4,1
"B81635","Laurbel Surgery",0.85,63,64,42,51,23,26,0.98,0.82,0.88,11359,3599,1043,1792,0.29,0.5,0.02,3,1,5,5,2,1
"B81048","Modality Partnership (Hull)",1,584,627,492,611,230,268,0.93,0.81,0.86,3058,56568,9442,27874,0.17,0.49,0.01,5,5,3,3,2,1
"B81675","Newington Surgery",1,101,104,88,102,31,32,0.97,0.86,0.97,1270,14159,1388,6857,0.1,0.48,0.01,5,5,2,1,1,1
"B81018","Orchard 2000 Group",0.7,96,101,85,110,24,30,0.95,0.77,0.8,428,9294,1377,4641,0.15,0.5,0.01,5,3,3,2,3,1
"B81052","Princes Medical Centre",1,48,48,38,43,27,28,1,0.88,0.96,7770,8358,870,3968,0.1,0.47,0.01,4,3,1,1,1,1
"B81027","St Andrews Surgery",1,96,99,73,91,28,32,0.97,0.8,0.88,538,7929,1297,3811,0.16,0.48,0.01,5,3,3,3,1,1
"B81035","The Avenues Medical Centre",0.95,81,86,52,79,38,46,0.94,0.66,0.83,14794,7129,1418,3549,0.2,0.5,0.01,3,2,3,3,2,1
"B81046","The Bridge Group Practice",1,108,109,94,119,34,42,0.99,0.79,0.81,428,8840,1444,4370,0.16,0.49,0.01,5,3,3,3,2,1
"B81038","The Oaks Medical Centre",1,96,97,83,95,30,43,0.99,0.87,0.7,4113,8207,1788,4193,0.22,0.51,0.01,5,3,3,4,4,1
"B81017","The Quays Medical Practice",1,93,103,114,140,25,30,0.9,0.81,0.83,3659,17138,1438,6616,0.08,0.39,0.01,5,5,1,1,1,1
"B81020","The Sutton Manor Surgery",1,114,114,83,103,49,52,1,0.81,0.94,1106,8396,1871,4420,0.22,0.53,0.01,5,3,3,4,5,1
"B81032","Wilberforce Surgery",0.95,35,35,26,38,3,3,1,0.68,1,3659,5618,456,2580,0.08,0.46,0.01,5,2,1,1,1,1
"B81047","Wolseley Medical Centre",1,86,88,84,99,26,28,0.98,0.85,0.93,1718,7532,1134,3342,0.15,0.44,0.01,5,2,3,2,1,1
"B81003","Beacon Medical",1,318,324,210,253,136,146,0.98,0.83,0.93,5987,12816,3449,6542,0.27,0.51,0.03,4,4,5,5,4,1
"B81087","Birkwood Medical Centre",0.89,112,126,54,93,48,58,0.89,0.58,0.83,15254,7878,1723,3944,0.22,0.5,0.02,3,3,4,4,3,1
"B81015","Clee Medical Centre",1,386,389,266,328,125,134,0.99,0.81,0.93,9304,16960,3568,8406,0.21,0.5,0.02,4,5,5,4,2,1
"B81663","Core Care Family Practice",1,49,50,52,59,12,12,0.98,0.88,1,9743,2930,540,1374,0.18,0.47,0.02,3,1,5,3,1,1
"B81108","Dr A Sinha",0.98,72,73,45,60,25,26,0.99,0.75,0.96,9743,4538,938,2318,0.21,0.51,0.02,3,1,4,4,4,1
"B81012","Dr Ap Kumar",1,69,69,66,70,13,13,1,0.94,1,19,3283,675,1543,0.21,0.47,0.02,5,1,5,4,1,1
"B81642","Dr Oz Qureshi",0.96,110,119,58,78,54,62,0.92,0.74,0.87,17386,4312,1268,2218,0.29,0.51,0.03,2,1,5,5,5,1
"B81697","Dr P Suresh Babu",1,48,48,45,50,23,26,1,0.9,0.88,8037,2873,543,1412,0.19,0.49,0.02,4,1,4,3,2,1
"B81655","Greenlands Surgery",1,50,50,37,46,24,25,1,0.8,0.96,19,3210,512,1616,0.16,0.5,0.02,5,1,4,2,3,1
"B81665","Healing Partnership",1,30,30,29,30,10,10,1,0.97,1,28576,2381,434,1150,0.18,0.48,0.01,1,1,3,3,1,1
"B81091","Littlefield Surgery",1,68,68,60,65,47,49,1,0.92,0.96,16561,5313,1217,2658,0.23,0.5,0.01,2,2,3,4,3,1
"Y01948","Open Door",1,13,13,13,14,1,1,1,0.93,1,20,2538,110,994,0.04,0.39,0.01,5,1,1,1,1,1
"B81016","Pelham Medical Group",1,177,179,120,139,60,62,0.99,0.86,0.97,4635,10185,1757,5183,0.17,0.51,0.02,4,3,5,3,4,1
"Y02684","Quayside Medical Centre",1,17,17,16,20,1,1,1,0.8,1,20,3794,308,1760,0.08,0.46,0,5,1,1,1,1,1
"B81656","Raj Medical Centre",1,103,106,77,101,23,25,0.97,0.76,0.92,3024,6775,867,3367,0.13,0.5,0.02,5,2,4,2,2,1
"B81030","Slc Medical Group",1,633,652,375,463,300,327,0.97,0.81,0.92,6966,24569,6521,12595,0.27,0.51,0.03,4,5,5,5,5,1
"B81606","Stirling Medical Centre (Mathews)",1,65,65,45,45,16,16,1,1,1,19,4365,665,2088,0.15,0.48,0.01,5,1,4,2,1,1
"B81039","The Roxton Practice",1,744,766,526,641,285,319,0.97,0.82,0.89,2071,34782,7085,17223,0.2,0.5,0.02,5,5,5,4,2,1
"B81031","Woodfield Medical",1,366,372,278,344,136,147,0.98,0.81,0.93,16561,21190,4606,10707,0.22,0.51,0.02,2,5,5,4,3,1
"B81026","Ancora Medical Practice",1,338,345,237,267,112,120,0.98,0.89,0.93,28062,20377,3425,9811,0.17,0.48,0.02,1,5,4,3,1,1
"B81045","Ashby Turn Primary Care Partners",1,231,235,159,181,68,76,0.98,0.88,0.89,10272,12454,2715,6280,0.22,0.5,0.02,3,4,5,4,3,1
"B81628","Barnetby Medical Centre",1,39,40,32,40,24,25,0.98,0.8,0.96,15065,2828,803,1426,0.28,0.5,0.01,3,1,4,5,3,1
"B81063","Bridge Street Surgery",1,121,121,94,103,63,72,1,0.91,0.88,6027,7290,2102,3737,0.29,0.51,0.02,4,2,4,5,5,1
"B81022","Cambridge Avenue & Messingham Mc",0.99,277,281,147,185,122,138,0.99,0.79,0.88,25284,12721,3426,6474,0.27,0.51,0.02,1,4,5,5,4,1
"B81113","Cedar Medical Practice",1,161,163,128,151,45,50,0.99,0.85,0.9,28062,10101,1873,5119,0.19,0.51,0.02,1,3,4,3,4,1
"B81064","Church Lane Medical Centre",0.95,159,173,96,116,72,83,0.92,0.83,0.87,18478,10563,2029,5382,0.19,0.51,0.02,2,4,4,3,4,1
"B81109","Riverside Surgery",0.78,216,247,151,218,84,118,0.87,0.69,0.71,6027,11907,3178,5976,0.27,0.5,0.02,4,4,5,5,3,1
"B81043","South Axholme Practice",1,320,330,208,245,145,157,0.97,0.85,0.92,25688,14955,4269,7548,0.29,0.5,0.02,1,5,5,5,3,1
"B81617","The Birches Medical Practice",1,126,129,88,111,38,42,0.98,0.79,0.9,1956,9728,1028,4664,0.11,0.48,0.01,5,3,3,1,1,1
"B81005","The Central Surgery Barton",0.98,294,308,193,247,121,132,0.95,0.78,0.92,19868,16922,4243,8502,0.25,0.5,0.02,2,5,5,5,3,1
"B81648","The Killingholme Surgery",1,17,17,17,20,7,7,1,0.85,1,8748,1630,363,772,0.22,0.47,0.01,4,1,2,4,1,1
"B81099","The Kirton Lindsey And Scotter Surgery",0.93,176,189,109,155,76,88,0.93,0.7,0.86,18544,10583,2814,5347,0.27,0.51,0.02,2,4,5,5,3,1
"Y02787","The Oak Tree Medical Practice",1,45,45,41,49,2,2,1,0.84,1,1956,7212,332,3265,0.05,0.45,0.01,5,2,1,1,1,1
"B81090","The Oswald Road Medical Surgery",0.98,73,73,49,64,26,29,1,0.77,0.9,1956,4670,777,2305,0.17,0.49,0.02,5,1,4,3,2,1
"B81065","Trent View Medical Practice",0.74,194,216,126,179,76,92,0.9,0.7,0.83,4968,11090,2820,5557,0.25,0.5,0.02,4,4,5,5,3,1
"B81118","West Common Lane Teaching Practice",1,135,137,99,115,53,55,0.99,0.86,0.96,453,7750,1450,3849,0.19,0.5,0.02,5,3,5,3,2,1
"B81647","West Town Surgery",1,41,42,45,53,14,16,0.98,0.85,0.88,10053,3094,787,1589,0.25,0.51,0.01,3,1,3,5,5,1
"B81007","Winterton Medical Practice",1,197,203,103,131,92,98,0.97,0.79,0.94,19479,9827,2750,4987,0.28,0.51,0.02,2,3,5,5,4,1
"C87616","Blyth Road Medical Centre",1,90,92,77,94,54,57,0.98,0.82,0.95,1748,6319,1340,3241,0.21,0.51,0.01,5,2,4,4,5,1
"C87009","Brinsworth Medical Centre",1,148,152,117,141,79,85,0.97,0.83,0.93,25415,10667,1936,5356,0.18,0.5,0.01,1,4,4,3,3,1
"C87012","Broom Lane Medical Centre",0.97,191,207,140,209,92,109,0.92,0.67,0.84,6858,15384,2899,7750,0.19,0.5,0.01,4,5,3,3,3,1
"C87017","Clifton Medical Centre",0.92,164,177,151,197,82,89,0.93,0.77,0.92,154,13142,2509,6553,0.19,0.5,0.01,5,4,3,3,3,1
"C87030","Crown Street Surgery",0.94,179,180,121,167,82,96,0.99,0.72,0.85,6382,9503,2211,4817,0.23,0.51,0.02,4,3,5,4,4,1
"C87002","Dinnington Group Practice",1,430,437,259,327,169,191,0.98,0.79,0.88,22201,21011,4928,10612,0.23,0.51,0.02,2,5,5,4,3,1
"C87031","Dr Raolu's Practice",0.85,65,75,59,74,35,37,0.87,0.8,0.95,12317,3991,831,1979,0.21,0.5,0.02,3,1,5,4,2,1
"C87622","Gateway Primary Care",1,73,75,78,97,24,24,0.97,0.8,1,154,10341,941,4612,0.09,0.45,0.01,5,4,2,1,1,1
"C87603","Greasbrough Medical Centre",1,60,61,53,68,17,18,0.98,0.78,0.94,938,4052,607,1999,0.15,0.49,0.02,5,1,4,2,2,1
"C87020","Greenside Surgery",1,74,78,67,81,40,47,0.95,0.83,0.85,938,5173,1214,2592,0.23,0.5,0.02,5,1,4,4,3,1
"C87018","High Street Surgery",1,119,120,106,126,47,50,0.99,0.84,0.94,3402,7813,1677,3994,0.21,0.51,0.02,5,3,4,4,4,1
"C87004","Kiveton Park Medical Practice",1,178,179,122,162,100,114,0.99,0.75,0.88,28148,11955,2717,6115,0.23,0.51,0.01,1,4,4,4,4,1
"C87620","Manor Field Surgery",1,116,123,101,125,36,43,0.94,0.81,0.84,12317,7102,1369,3553,0.19,0.5,0.02,3,2,5,3,3,1
"C87029","Market Surgery",1,186,189,167,189,87,97,0.98,0.88,0.9,1891,12503,2387,6468,0.19,0.52,0.02,5,4,4,3,5,1
"C87016","Morthen Road Surgery",1,186,190,133,181,88,104,0.98,0.73,0.85,20033,12243,2828,6268,0.23,0.51,0.02,2,4,4,4,4,1
"C87013","Parkgate Medical Centre",1,95,100,71,110,38,39,0.95,0.65,0.97,3883,6565,1287,3317,0.2,0.51,0.02,5,2,4,3,3,1
"C87024","Rawmarsh Health Centre",0.97,46,46,42,50,20,23,1,0.84,0.87,5648,4036,619,1999,0.15,0.5,0.01,4,1,3,2,2,1
"C87608","Shakespeare Road Surgery",1,49,50,60,69,14,16,0.98,0.87,0.88,349,5914,402,2808,0.07,0.47,0.01,5,2,2,1,1,1
"C87005","St Ann's Medical Centre",0.92,283,309,245,322,123,160,0.92,0.76,0.77,154,19058,3419,9474,0.18,0.5,0.02,5,5,4,3,2,1
"C87007","Stag Medical Centre",1,231,234,152,191,127,145,0.99,0.8,0.88,24840,11624,3132,5995,0.27,0.52,0.02,1,4,5,5,5,1
"C87008","Swallownest Health Centre",0.91,233,235,200,234,125,138,0.99,0.85,0.91,6905,16137,3716,8176,0.23,0.51,0.01,4,5,4,4,4,1
"C87006","The Magna Group Practice",0.94,239,240,177,238,89,96,1,0.74,0.93,12621,14914,2786,7461,0.19,0.5,0.02,3,5,4,3,3,1
"C87604","Thorpe Hesley Surgery",0.99,66,67,65,68,31,33,0.99,0.96,0.94,24181,5898,1232,2936,0.21,0.5,0.01,1,2,3,4,2,1
"C87014","Treeton Medical Centre",0.96,97,101,71,88,46,53,0.96,0.81,0.87,3952,9151,1247,4707,0.14,0.51,0.01,5,3,3,2,5,1
"C87022","Village Surgery",0.99,123,124,94,118,71,77,0.99,0.8,0.92,13443,8593,1496,4437,0.17,0.52,0.01,3,3,4,3,5,1
"C87015","Wickersley Health Centre",1,113,114,69,86,60,66,0.99,0.8,0.91,25612,6821,1633,3482,0.24,0.51,0.02,1,2,4,4,4,1
"C87003","Woodstock Bower Group Practice",0.92,151,152,135,163,58,66,0.99,0.83,0.88,15,11490,1808,5515,0.16,0.48,0.01,5,4,3,2,1,1
"C87010","York Road Surgery",1,60,61,57,63,25,26,0.98,0.9,0.96,10,4662,732,2242,0.16,0.48,0.01,5,1,3,2,1,1
"C88091","Barnsley Road Surgery",1,22,22,22,23,12,12,1,0.96,1,3788,2428,350,1190,0.14,0.49,0.01,5,1,2,2,2,1
"C88046","Beauchief Medical Practice",1,103,106,59,72,64,72,0.97,0.82,0.89,20525,6885,1405,3481,0.2,0.51,0.02,2,2,4,4,4,1
"C88025","Birley Health Centre",1,156,157,117,140,74,82,0.99,0.84,0.9,12148,9222,1763,4652,0.19,0.5,0.02,3,3,4,3,3,1
"C88028","Broomhill Surgery",1,153,155,122,148,117,124,0.99,0.82,0.94,30103,9827,2248,4928,0.23,0.5,0.02,1,3,4,4,3,1
"C88011","Buchanan Road Surgery",0.97,89,93,76,89,27,33,0.96,0.85,0.82,2035,4783,659,2391,0.14,0.5,0.02,5,1,5,2,3,1
"C88048","Burngreave Surgery",1,70,71,61,67,21,23,0.99,0.91,0.91,630,8000,758,3702,0.09,0.46,0.01,5,3,2,1,1,1
"C88082","Carrfield Medical Centre",0.98,32,32,33,42,15,15,1,0.79,1,5656,5956,331,2776,0.06,0.47,0.01,4,2,1,1,1,1
"C88016","Carterknowle & Dore Medical Practice",1,308,313,173,201,150,164,0.98,0.86,0.91,12592,13636,3065,6746,0.22,0.49,0.02,3,4,5,4,2,1
"C88010","Chapelgreen Practice",0.97,397,407,218,272,151,172,0.98,0.8,0.88,7619,14227,3891,7184,0.27,0.5,0.03,4,5,5,5,3,1
"C88032","Charnock Health Primary Care Centre",1,98,100,71,86,66,79,0.98,0.83,0.84,26076,5589,1539,2866,0.28,0.51,0.02,1,2,5,5,5,1
"Y05349","Clover City Practice",0.97,13,13,15,16,2,2,1,0.94,1,11764,5596,147,2474,0.03,0.44,0,3,2,1,1,1,1
"C88069","Clover Group Practice",1,136,141,95,121,54,61,0.96,0.79,0.89,6328,15948,1223,7027,0.08,0.44,0.01,4,5,2,1,1,1
"C88084","Clover North Darnall Health Centre",0.93,39,39,30,37,17,22,1,0.81,0.77,592,3132,408,1431,0.13,0.46,0.01,5,1,3,2,1,1
"C88079","Crookes Practice",1,78,80,56,70,37,43,0.98,0.8,0.86,27685,8527,1073,4253,0.13,0.5,0.01,1,3,2,2,3,1
"C88648","Crystal Peaks Medical Centre",0.99,146,146,104,145,59,73,1,0.72,0.81,11976,7109,1839,3684,0.26,0.52,0.02,3,2,5,5,5,1
"C88074","Deepcar Medical Centre",1,98,100,77,88,40,42,0.98,0.88,0.95,19785,5184,1103,2556,0.21,0.49,0.02,2,1,5,4,2,1
"C88076","Devonshire Green Medical Centre",1,51,52,50,57,27,28,0.98,0.88,0.96,14382,9241,776,4071,0.08,0.44,0.01,3,3,1,1,1,1
"C88087","Dovercourt Group Practice",1,139,140,120,147,46,52,0.99,0.82,0.88,2454,9411,1466,4680,0.16,0.5,0.01,5,3,4,2,2,1
"C88030","Duke Medical Centre",0.97,107,110,112,133,41,43,0.97,0.84,0.95,6838,8304,1097,4016,0.13,0.48,0.01,4,3,3,2,1,1
"C88045","Dykes Hall Medical Centre",1,151,152,114,141,65,72,0.99,0.81,0.9,21452,8876,1817,4485,0.2,0.51,0.02,2,3,5,4,3,1
"C88088","East Bank Medical Centre",1,101,103,79,106,32,35,0.98,0.75,0.91,354,7486,828,3890,0.11,0.52,0.01,5,2,4,1,5,1
"C88039","Ecclesfield Group Pract",1,203,207,138,168,96,103,0.98,0.82,0.93,21289,8840,1936,4528,0.22,0.51,0.02,2,3,5,4,4,1
"C88049","Elm Lane Surgery",1,115,119,80,94,74,79,0.97,0.85,0.94,6762,5928,1185,3031,0.2,0.51,0.02,4,2,5,3,4,1
"C88053","Falkland House Surgery",1,64,64,32,37,34,38,1,0.86,0.89,32294,4059,957,2028,0.24,0.5,0.02,1,1,4,4,3,1
"C88021","Far Lane Medical Centre",0.95,119,122,114,151,56,62,0.98,0.75,0.9,20845,7571,1807,3747,0.24,0.49,0.02,2,2,4,4,2,1
"C88035","Firth Park Surgery",1,113,114,110,141,31,38,0.99,0.78,0.82,2377,10771,1193,5416,0.11,0.5,0.01,5,4,2,1,3,1
"C88008","Forge Health Group",0.98,169,170,139,170,77,84,0.99,0.82,0.92,1940,14463,1604,6920,0.11,0.48,0.01,5,5,3,1,1,1
"C88009","Foxhill Medical Centre",1,89,90,77,92,37,40,0.99,0.84,0.92,3290,6101,1021,3073,0.17,0.5,0.01,5,2,4,3,3,1
"C88019","Gleadless Medical Centre",1,111,114,91,121,36,40,0.97,0.75,0.9,991,8724,1225,4363,0.14,0.5,0.01,5,3,3,2,3,1
"C88077","Green Cross Group Practice",0.99,123,126,91,120,52,57,0.98,0.76,0.91,1309,7905,1192,4006,0.15,0.51,0.02,5,3,4,2,4,1
"C88054","Grenoside Surgery",1,133,134,83,98,73,79,0.99,0.85,0.92,25184,7892,1727,3987,0.22,0.51,0.02,1,3,4,4,3,1
"C88652","Greystones Medical Centre",1,45,46,34,41,25,26,0.98,0.83,0.96,26690,4089,536,2013,0.13,0.49,0.01,1,1,3,2,2,1
"C88036","Handsworth Medical Practice",0.94,172,176,122,145,107,115,0.98,0.84,0.93,8703,10605,1897,5468,0.18,0.52,0.02,4,4,4,3,5,1
"C88059","Harold Street Medical Centre",0.9,26,27,18,24,9,11,0.96,0.75,0.82,2921,2603,358,981,0.14,0.38,0.01,5,1,2,2,1,1
"C88073","Heeley Green Surgery",1,75,79,69,87,30,33,0.95,0.79,0.91,8070,5403,896,2694,0.17,0.5,0.01,4,2,4,3,3,1
"C88052","Hollies Medical Centre",1,156,160,93,113,90,102,0.98,0.82,0.88,23712,10808,1966,5455,0.18,0.5,0.01,1,4,4,3,3,1
"C88050","Jaunty Springs Health Centre",1,75,76,49,61,44,47,0.99,0.8,0.94,6256,3622,920,1801,0.25,0.5,0.02,4,1,5,5,2,1
"C88044","Manchester Road Surgery",1,98,98,54,63,57,64,1,0.86,0.89,33156,5501,1073,2759,0.2,0.5,0.02,1,2,5,3,3,1
"C88090","Manor And Park Group Practice",0.97,113,117,110,128,44,46,0.97,0.86,0.96,2238,8137,1093,3892,0.13,0.48,0.01,5,3,4,2,1,1
"C88015","Meadowgreen Health Centre",1,354,371,243,300,181,204,0.95,0.81,0.89,1343,19006,4262,9608,0.22,0.51,0.02,5,5,5,4,3,1
"C88095","Mill Road Surgery",1,142,145,74,99,73,83,0.98,0.75,0.88,21289,5566,1384,2871,0.25,0.52,0.03,2,2,5,5,5,1
"C88078","Mosborough Health Centre",1,136,140,102,128,60,71,0.97,0.8,0.85,22233,7107,1544,3635,0.22,0.51,0.02,2,2,5,4,4,1
"C88034","Nethergreen Surgery",1,185,188,113,142,92,104,0.98,0.8,0.88,26430,9125,2470,4728,0.27,0.52,0.02,1,3,5,5,5,1
"C88006","Norfolk Park Health Centre",1,79,81,74,96,27,30,0.98,0.77,0.9,1744,5831,698,2926,0.12,0.5,0.01,5,2,4,2,3,1
"C88014","Norwood Medical Centre",1,137,137,123,152,58,65,1,0.81,0.89,1471,9509,1469,4890,0.15,0.51,0.01,5,3,4,2,5,1
"C88040","Oughtibridge Surgery",1,122,124,90,109,59,67,0.98,0.83,0.88,17750,6054,1403,3062,0.23,0.51,0.02,2,2,5,4,4,1
"C88051","Page Hall Medical Centre",1,82,88,68,82,34,38,0.93,0.83,0.89,22,8336,601,3999,0.07,0.48,0.01,5,3,2,1,1,1
"C88007","Porter Brook Medical Centre",1,91,91,67,83,51,55,1,0.81,0.93,12667,27649,1089,11450,0.04,0.41,0,3,5,1,1,1,1
"C88085","Richmond Medical Centre",0.93,178,199,148,183,86,94,0.89,0.81,0.91,934,9693,1547,4944,0.16,0.51,0.02,5,3,5,2,4,1
"C88062","Rustlings Road Medical Centre",1,69,69,45,54,46,47,1,0.83,0.98,23722,4657,733,2375,0.16,0.51,0.01,1,1,4,2,4,1
"C88083","Selborne Road Medical Centre",1,55,55,36,43,28,29,1,0.84,0.97,27257,2454,694,1206,0.28,0.49,0.02,1,1,5,5,2,1
"C88060","Sharrow Lane Medical Centre",1,56,57,45,51,25,27,0.98,0.88,0.93,3812,4875,434,2203,0.09,0.45,0.01,5,1,3,1,1,1
"C88622","Sheffield Medical Centre",0.85,21,24,18,25,13,13,0.88,0.72,1,7492,2747,200,1188,0.07,0.43,0.01,4,1,2,1,1,1
"C88070","Shiregreen Medical Centre",1,115,117,96,119,54,55,0.98,0.81,0.98,4357,7952,1004,4002,0.13,0.5,0.01,5,3,4,2,3,1
"C88026","Sloan Medical Centre",1,206,212,141,166,86,92,0.97,0.85,0.93,16846,13911,1950,7063,0.14,0.51,0.02,2,4,4,2,4,1
"C88023","Sothall & Beighton Health Centres",0.95,185,189,151,188,66,76,0.98,0.8,0.87,25713,9674,2081,4843,0.22,0.5,0.02,1,3,5,4,3,1
"C88086","Southey Green Medical Ctr",1,30,31,20,27,12,12,0.97,0.74,1,2035,2595,387,1264,0.15,0.49,0.01,5,1,3,2,2,1
"C88037","Steel City General Practice",1,289,294,167,193,117,124,0.98,0.87,0.94,27241,14314,2492,7019,0.17,0.49,0.02,1,5,5,3,2,1
"C88022","Stonecroft Medical Centre",0.84,120,121,100,115,69,76,0.99,0.87,0.91,19685,5167,1361,2617,0.26,0.51,0.02,2,1,5,5,4,1
"C88038","The Mathews Practice Belgrave",1,76,84,72,83,56,57,0.9,0.87,0.98,12056,6266,1142,2745,0.18,0.44,0.01,3,2,3,3,1,1
"C88655","The Medical Centre Dr Okorie",1,16,17,10,12,8,10,0.94,0.83,0.8,5277,1171,166,565,0.14,0.48,0.01,4,1,4,2,1,1
"C88647","The Thorpe Practice",1,258,263,176,204,110,121,0.98,0.86,0.91,18138,10763,2410,5419,0.22,0.5,0.02,2,4,5,4,3,1
"C88043","Tramways And Middlewood Medical Centres",1,152,153,129,148,54,57,0.99,0.87,0.95,28118,10901,1603,5411,0.15,0.5,0.01,1,4,4,2,2,1
"C88018","Tramways Medical Centre (O'Connell)",1,176,176,122,153,101,113,1,0.8,0.89,15279,8803,1934,4451,0.22,0.51,0.02,3,3,5,4,4,1
"C88031","Upperthorpe Medical Centre",0.99,211,214,136,188,110,134,0.99,0.72,0.82,1535,13845,2476,6733,0.18,0.49,0.02,5,4,4,3,2,1
"C88027","Upwell Street Surgery",1,66,67,67,78,35,37,0.99,0.86,0.95,2661,5050,549,2475,0.11,0.49,0.01,5,1,3,1,2,1
"C88092","Valley Medical Centre",1,226,229,148,171,91,103,0.99,0.87,0.88,19785,9461,2495,4788,0.26,0.51,0.02,2,3,5,5,4,1
"C88631","Veritas Health Centre",1,12,12,8,13,3,4,1,0.62,0.75,16846,1512,232,622,0.15,0.41,0.01,2,1,2,2,1,1
"C88005","Walkley House & Stannington M.C",0.99,253,259,174,208,135,151,0.98,0.84,0.89,21249,16161,3193,8237,0.2,0.51,0.02,2,5,4,3,4,1
"C88020","White House Surgery",1,103,103,104,117,41,43,1,0.89,0.95,1316,7620,942,3855,0.12,0.51,0.01,5,2,3,2,4,1
"C88047","Wincobank Medical Centre",1,104,105,87,106,47,52,0.99,0.82,0.9,9019,7759,1300,3819,0.17,0.49,0.01,4,3,3,3,2,1
"C88072","Woodhouse Medical Centre",1,333,338,206,248,153,165,0.99,0.83,0.93,73,12008,2654,6095,0.22,0.51,0.03,5,4,5,4,4,1
"C88041","Woodseats Medical Centre",1,303,306,170,199,118,132,0.99,0.85,0.89,20525,12696,2489,6560,0.2,0.52,0.02,2,4,5,3,5,1
"B82021","Dalton Terrace Surgery",0.93,131,134,97,116,75,87,0.98,0.84,0.86,27216,9924,2098,5178,0.21,0.52,0.01,1,3,3,4,5,1
"B82081","Elvington Medical Practice",1,117,117,76,102,89,101,1,0.75,0.88,29329,7224,1844,3748,0.26,0.52,0.02,1,2,4,5,5,1
"B82100","Front Street Surgery",1,160,163,130,158,65,69,0.98,0.82,0.94,7714,8508,2235,4473,0.26,0.53,0.02,4,3,5,5,5,1
"B82026","Haxby Group Practice",1,588,603,357,452,362,400,0.98,0.79,0.9,32004,32190,9307,16620,0.29,0.52,0.02,1,5,5,5,5,1
"B82098","Jorvik Gillygate Practice",1,283,290,246,331,149,173,0.98,0.74,0.86,6515,26661,4558,13465,0.17,0.51,0.01,4,5,3,3,3,1
"B82080","My Health Group",1,430,439,228,274,191,218,0.98,0.83,0.88,24953,18838,4941,9693,0.26,0.51,0.02,1,5,5,5,5,1
"B81036","Pocklington Group Practice",1,273,277,232,276,183,196,0.99,0.84,0.93,26489,18820,4739,9660,0.25,0.51,0.01,1,5,4,5,5,1
"B82005","Priory Medical Group",1,587,601,493,627,319,367,0.98,0.79,0.87,7450,58481,8845,29232,0.15,0.5,0.01,4,5,2,2,3,1
"B82071","The Old School Medical Practice",0.98,128,134,90,106,76,89,0.96,0.85,0.85,29424,7458,2152,3784,0.29,0.51,0.02,1,2,5,5,4,1
"B82047","Unity Health",0.98,98,101,73,76,72,76,0.97,0.96,0.95,30333,18587,1282,9815,0.07,0.53,0.01,1,5,1,1,5,1
"B82083","York Medical Group",0.9,555,564,375,489,253,286,0.98,0.77,0.88,24047,44877,7066,22773,0.16,0.51,0.01,1,5,3,2,4,1
"B87044","Alverthorpe",1,26,26,39,42,13,13,1,0.93,1,15529,2462,517,1173,0.21,0.48,0.01,3,1,2,4,1,1
"B87021","Ash Grove",0.98,160,163,127,150,69,79,0.98,0.85,0.87,3399,12868,2440,6407,0.19,0.5,0.01,5,4,3,3,2,1
"B87025","Castleford Medical Practice",1,100,102,88,98,39,43,0.98,0.9,0.91,4841,8399,1362,4217,0.16,0.5,0.01,4,3,3,3,3,1
"B87020","Chapelthorpe",1,266,273,191,214,123,124,0.97,0.89,0.99,7396,13739,3454,7066,0.25,0.51,0.02,4,4,5,5,5,1
"B87003","College Lane Surgery",0.99,183,187,138,163,83,89,0.98,0.85,0.93,23139,10922,2569,5588,0.24,0.51,0.02,2,4,5,4,4,1
"B87028","Crofton And Sharlston Med Prac",1,198,198,157,169,95,103,1,0.93,0.92,17091,10989,2439,5582,0.22,0.51,0.02,2,4,5,4,4,1
"B87604","Eastmoor Health Centre",1,19,21,29,34,8,9,0.9,0.85,0.89,2850,2784,339,1335,0.12,0.48,0.01,5,1,2,2,1,1
"B87011","Friarwood Surgery",1,222,224,176,205,111,119,0.99,0.86,0.93,6467,13221,3018,6702,0.23,0.51,0.02,4,4,4,4,4,1
"B87030","Health Care First Partnership",1,456,460,354,416,192,213,0.99,0.85,0.9,19005,30382,5478,15130,0.18,0.5,0.02,2,5,4,3,2,1
"B87018","Henry Moore Clinic",1,139,140,109,118,57,61,0.99,0.92,0.93,5590,11582,1920,5736,0.17,0.5,0.01,4,4,3,3,2,1
"B87022","Homestead",1,106,108,100,113,30,31,0.98,0.88,0.97,3258,8933,933,4405,0.1,0.49,0.01,5,3,3,1,2,1
"B87039","King's Medical Practice",1,199,200,178,196,94,103,1,0.91,0.91,11218,14931,2338,7417,0.16,0.5,0.01,3,5,3,2,2,1
"B87036","Langthwaite Surgery",1,68,69,58,63,29,30,0.99,0.92,0.97,5986,4098,841,2025,0.21,0.49,0.02,4,1,4,4,2,1
"B87008","Lupset Health Centre",1,233,244,182,226,86,98,0.95,0.81,0.88,2580,13517,2475,6858,0.18,0.51,0.02,5,4,5,3,4,1
"B87012","Maybush Medical Centre",0.99,94,100,88,107,48,53,0.94,0.82,0.91,8577,9694,1487,4617,0.15,0.48,0.01,4,3,2,2,1,1
"B87001","Middlestown",1,142,146,83,113,63,74,0.97,0.73,0.85,11420,9713,2261,4922,0.23,0.51,0.02,3,3,4,4,4,1
"B87027","New Southgate Surgery",1,177,183,126,172,68,82,0.97,0.73,0.83,27449,14010,2650,7085,0.19,0.51,0.01,1,5,3,3,4,1
"B87033","Newland Surgery",1,84,86,61,75,25,26,0.98,0.81,0.96,4338,5504,1076,2720,0.2,0.49,0.02,5,2,4,3,2,1
"B87007","Northgate Surgery",1,211,216,170,212,89,100,0.98,0.8,0.89,2926,15622,2689,8024,0.17,0.51,0.01,5,5,4,3,5,1
"B87002","Orchard Croft",1,216,219,149,178,88,93,0.99,0.84,0.95,17826,10686,2495,5426,0.23,0.51,0.02,2,4,5,4,4,1
"B87031","Ossett Surgery",1,375,384,283,322,179,193,0.98,0.88,0.93,11645,22074,4808,11211,0.22,0.51,0.02,3,5,5,4,4,1
"B87013","Outwood Park Medical Centre",1,209,214,172,199,87,97,0.98,0.86,0.9,6246,14373,3268,7369,0.23,0.51,0.01,4,5,4,4,5,1
"B87006","Park Green Surgery",0.96,215,222,149,187,77,86,0.97,0.8,0.9,5986,10814,2052,5361,0.19,0.5,0.02,4,4,5,3,2,1
"B87602","Patience Lane Surgery",1,45,46,39,45,25,27,0.98,0.87,0.93,16676,3515,710,1815,0.2,0.52,0.01,2,1,3,4,5,1
"B87005","Riverside Medical Centre",1,233,240,170,207,58,69,0.97,0.82,0.84,14340,11585,2213,5840,0.19,0.5,0.02,3,4,5,3,3,1
"B87009","St Thomas Road Surgery",1,121,123,87,98,47,54,0.98,0.89,0.87,8449,6279,1385,3094,0.22,0.49,0.02,4,2,5,4,2,1
"B87019","Stanley",0.94,88,100,75,96,44,52,0.88,0.78,0.85,16555,7309,1506,3728,0.21,0.51,0.01,2,2,4,4,4,1
"B87032","Station Lane",1,102,104,111,125,52,56,0.98,0.89,0.93,8449,8079,1288,4061,0.16,0.5,0.01,4,3,3,2,3,1
"B87015","Stuart Road",1,110,114,75,104,56,62,0.96,0.72,0.9,19263,7612,1609,3781,0.21,0.5,0.01,2,2,4,4,2,1
"B87026","The Grange Medical Centre",0.9,239,244,191,223,96,106,0.98,0.86,0.91,3407,14599,2799,7189,0.19,0.49,0.02,5,5,4,3,2,1
"B87042","Tieve Tara",0.97,75,79,63,89,20,20,0.95,0.71,1,2730,5650,760,2822,0.13,0.5,0.01,5,2,4,2,3,1
"B87017","Trinity Medical Centre",1,321,325,299,339,157,171,0.99,0.88,0.92,785,27752,4203,12995,0.15,0.47,0.01,5,5,3,2,1,1
"B87004","Warrengate Medical Centre",1,133,134,118,142,52,56,0.99,0.83,0.93,2169,11605,1526,5515,0.13,0.48,0.01,5,4,3,2,1,1
"B87016","White Rose Surgery",1,355,365,357,410,158,171,0.97,0.87,0.92,1989,24557,4289,12339,0.17,0.5,0.01,5,5,4,3,3,1
"C82013","Bushloe Surgery",1,129,132,135,176,109,123,0.98,0.77,0.89,9676,13299,2939,6841,0.22,0.51,0.01,4,4,2,4,5,1
"C82002","Countesthorpe Health Centre",1,108,109,94,112,67,71,0.99,0.84,0.94,22167,10952,2645,5622,0.24,0.51,0.01,2,4,2,4,5,1
"C82044","Empingham Medical Centre",1,134,136,87,104,74,86,0.99,0.84,0.86,27666,9426,2567,4990,0.27,0.53,0.01,1,3,4,5,5,1
"C82631","Enderby Medical Centre",1,59,60,58,75,20,22,0.98,0.77,0.91,24843,7171,1010,3638,0.14,0.51,0.01,1,2,2,2,4,1
"C82066","Forest House Medical Ctr",1,203,207,125,169,116,137,0.98,0.74,0.85,25046,17007,3305,8626,0.19,0.51,0.01,1,5,3,3,4,1
"C82098","Hazelmere Medical Centre",0.99,102,102,77,91,44,47,1,0.85,0.94,16910,7297,1636,3705,0.22,0.51,0.01,2,2,4,4,4,1
"C82109","Husbands Bosworth Medical Centre",1,85,86,67,72,41,43,0.99,0.93,0.95,21012,5135,1230,2587,0.24,0.5,0.02,2,1,4,4,3,1
"C82039","Kingsway Surgery",0.93,94,96,82,102,42,50,0.98,0.8,0.84,24018,11065,1824,5550,0.16,0.5,0.01,1,4,2,3,3,1
"C82038","Latham House Medical Practice",0.99,396,406,348,428,270,302,0.98,0.81,0.89,8128,37047,8487,18767,0.23,0.51,0.01,4,5,3,4,4,1
"C82016","Long Clawson Medical Practice",1,124,126,87,108,53,61,0.98,0.81,0.87,26729,10988,2781,5593,0.25,0.51,0.01,1,4,3,5,4,1
"C82009","Market Harborough Med.Ctr",1,487,499,296,351,264,283,0.98,0.84,0.93,17485,29259,6760,14743,0.23,0.5,0.02,2,5,5,4,3,1
"C82649","Market Overton & Somerby Surgeries",1,72,74,55,66,43,46,0.97,0.83,0.93,25929,5680,1599,2997,0.28,0.53,0.01,1,2,3,5,5,1
"C82068","Northfield Medical Centre",1,189,193,125,147,117,123,0.98,0.85,0.95,21179,12387,3084,6394,0.25,0.52,0.02,2,4,4,5,5,1
"C82010","Oakham Medical Practice",1,310,310,154,193,195,220,1,0.8,0.89,19448,14999,4121,7679,0.27,0.51,0.02,2,5,5,5,4,1
"C82048","Rosemead Drive Surgery",1,68,68,56,67,47,51,1,0.84,0.92,10011,4959,1256,2504,0.25,0.5,0.01,3,1,4,5,3,1
"C82112","Severn Surgery",1,73,75,53,70,42,48,0.97,0.76,0.88,25673,9635,1329,5007,0.14,0.52,0.01,1,3,2,2,5,1
"C82001","South Leicestershire Medical Group",1,329,338,182,270,177,204,0.97,0.67,0.87,32083,25423,5955,12999,0.23,0.51,0.01,1,5,3,4,4,1
"C82079","South Wigston Health Ctr.",1,87,87,73,89,53,55,1,0.82,0.96,4950,6936,1347,3476,0.19,0.5,0.01,4,2,3,3,3,1
"C82022","The Billesdon Surgery",1,100,101,72,86,68,73,0.99,0.84,0.93,21465,7317,2033,3682,0.28,0.5,0.01,2,2,4,5,3,1
"C82021","The Central Surgery",1,99,101,57,76,58,63,0.98,0.75,0.92,21174,7592,1627,3816,0.21,0.5,0.01,2,2,3,4,3,1
"C82042","The County Practice",1,155,155,123,161,93,107,1,0.76,0.87,17389,12722,3169,6396,0.25,0.5,0.01,2,4,3,5,3,1
"C82067","The Croft Medical Centre",1,105,105,78,94,58,67,1,0.83,0.87,21996,8855,1980,4542,0.22,0.51,0.01,2,3,3,4,5,1
"C82056","The Glenfield Surgery",1,185,187,108,137,103,114,0.99,0.79,0.9,23743,14017,3362,7083,0.24,0.51,0.01,1,5,3,4,3,1
"C82078","The Jubilee Medical Practice",1,197,201,117,166,78,93,0.98,0.7,0.84,17389,12089,2779,6140,0.23,0.51,0.02,2,4,4,4,4,1
"C82055","The Limes Medical Centre",1,183,187,137,161,108,122,0.98,0.85,0.89,25434,14438,3323,7345,0.23,0.51,0.01,1,5,3,4,4,1
"C82611","The Masharani Practice",0.99,75,78,57,69,42,45,0.96,0.83,0.93,20922,6861,1359,3446,0.2,0.5,0.01,2,2,3,3,3,1
"C82077","The Uppingham Surgery",1,219,221,131,148,122,134,0.99,0.89,0.91,25750,12808,3443,6501,0.27,0.51,0.02,1,4,5,5,4,1
"C82025","The Wycliffe Medical Practice",1,175,178,87,118,85,100,0.98,0.74,0.85,20922,10787,2750,5401,0.25,0.5,0.02,2,4,4,5,3,1
"C82071","Wigston Central Surgery",1,173,174,123,155,101,110,0.99,0.79,0.92,9676,14079,2934,7117,0.21,0.51,0.01,4,5,3,4,3,1
"C82099","Al-Waqas Medical Centre",1,35,35,36,47,10,10,1,0.77,1,3145,4615,549,2181,0.12,0.47,0.01,5,1,2,2,1,1
"C82092","Aylestone Health Centre",1,49,49,44,50,19,20,1,0.88,0.95,12429,4723,654,2280,0.14,0.48,0.01,3,1,2,2,1,1
"C82094","Beaumont Lodge Medical Practice",1,50,55,56,66,13,14,0.91,0.85,0.93,1495,6834,905,3397,0.13,0.5,0.01,5,2,2,2,2,1
"Y02686","Bowling Green Street Surgery",1,12,12,20,25,1,1,1,0.8,1,4919,8863,217,4238,0.02,0.48,0,4,3,1,1,1,1
"C82671","Brandon Surgery Dr R Kapur & Partner",1,28,28,42,46,7,8,1,0.91,0.88,6558,8081,721,3956,0.09,0.49,0,4,3,1,1,2,1
"C82651","Broadhurst St Med Pract (Ks Morjaria)",0.96,13,13,34,40,9,9,1,0.85,1,4600,3818,664,1822,0.17,0.48,0,4,1,1,3,1,1
"C82643","Community Health Centre (Zs Osama)",1,63,64,90,103,24,24,0.98,0.87,1,4403,14228,1272,6952,0.09,0.49,0,4,5,1,1,2,1
"C82107","Cossington Park Surgery",1,50,50,65,74,30,31,1,0.88,0.97,6558,7905,1019,3996,0.13,0.51,0.01,4,3,1,2,3,1
"C82020","De Montfort Surgery",1,24,24,24,31,7,7,1,0.77,1,4712,21005,361,8450,0.02,0.4,0,4,5,1,1,1,1
"C82030","Downing Drive Surgery",1,102,104,70,82,58,63,0.98,0.85,0.92,25032,6933,1822,3597,0.26,0.52,0.02,1,2,4,5,5,1
"C82084","Dr B Modi",1,35,35,42,53,11,12,1,0.79,0.92,14872,3685,519,1743,0.14,0.47,0.01,3,1,2,2,1,1
"C82659","Dr R Kapur & Partners",0.97,22,22,22,25,5,5,1,0.88,1,1557,2965,292,1396,0.1,0.47,0.01,5,1,2,1,1,1
"C82620","Dr S Shafi",0.48,7,8,5,11,3,5,0.88,0.45,0.6,4374,2366,239,1018,0.1,0.43,0,4,1,1,1,1,1
"C82114","Dr U K Roy",1,5,5,9,9,2,2,1,1,1,5611,2513,255,1050,0.1,0.42,0,4,1,1,1,1,1
"C82063","East Leicester Med Pract(S Longworth)",1,90,92,92,119,40,44,0.98,0.77,0.91,6843,12490,1567,5923,0.13,0.47,0.01,4,4,2,2,1,1
"C82037","East Park Medical Centre (Rp Pandya)",1,71,72,85,98,40,43,0.99,0.87,0.93,4378,10486,2106,5001,0.2,0.48,0.01,4,4,1,3,1,1
"C82086","Fosse Medical Centre (Dr H Mukadam)",1,61,63,83,92,22,22,0.97,0.9,1,4648,10596,1010,5051,0.1,0.48,0.01,4,4,1,1,1,1
"C82005","Groby Road Medical Centre (Id Patchett)",0.79,93,94,76,101,33,39,0.99,0.75,0.85,3970,11090,1498,5484,0.14,0.49,0.01,5,4,2,2,2,1
"Y02469","Heron Gp Practice",1,43,43,55,63,7,7,1,0.87,1,3415,9870,711,4812,0.07,0.49,0,5,3,1,1,2,1
"C82642","Highfields Medical Centre",1,71,72,82,95,25,26,0.99,0.86,0.96,3415,9821,1028,4856,0.1,0.49,0.01,5,3,2,1,2,1
"C82116","Highfields Surgery (R Wadhwa)",1,33,33,41,48,18,19,1,0.85,0.95,1899,5113,498,2255,0.1,0.44,0.01,5,1,1,1,1,1
"C82053","Hockley Farm Med Pract (A Nana)",0.93,103,110,94,115,39,45,0.94,0.82,0.87,168,11035,1478,5527,0.13,0.5,0.01,5,4,2,2,3,1
"C82088","Horizon Healthcare",1,77,77,71,79,28,29,1,0.9,0.97,16586,10290,1518,4955,0.15,0.48,0.01,2,4,2,2,1,1
"C82033","Humberstone Medical Centre (Ip Jones)",1,106,106,102,108,43,44,1,0.94,0.98,5109,11721,1569,5929,0.13,0.51,0.01,4,4,2,2,4,1
"C82031","Johnson Medical Practice",1,89,89,108,128,29,32,1,0.84,0.91,13034,14919,1602,7516,0.11,0.5,0.01,3,5,1,1,3,1
"C82018","Manor Park Medical Practice",1,143,144,154,187,46,53,0.99,0.82,0.87,16660,14064,2348,6894,0.17,0.49,0.01,2,5,2,3,2,1
"C82073","Merridale Medical Centre (Rp Tew)",1,126,129,111,134,43,47,0.98,0.83,0.91,11416,14696,1647,6998,0.11,0.48,0.01,3,5,2,1,1,1
"C82119","Narborough Road Surgery",1,26,26,18,21,13,14,1,0.86,0.93,4218,3296,388,1493,0.12,0.45,0.01,5,1,2,2,1,1
"C82008","Oakmeadow Surgery (Gj Ingrams)",1,90,90,92,109,41,43,1,0.84,0.95,279,8498,1329,4320,0.16,0.51,0.01,5,3,2,2,4,1
"C82046","Saffron Group Practice",1,163,167,158,222,44,55,0.98,0.71,0.8,9598,17404,2321,8799,0.13,0.51,0.01,4,5,2,2,4,1
"C82080","Shefa Medical Practice",1,31,31,48,55,13,14,1,0.87,0.93,1557,4751,534,2202,0.11,0.46,0.01,5,1,1,1,1,1
"C82024","Spinney Hill Medical Centre",1,168,169,171,229,59,69,0.99,0.75,0.86,6504,20297,3221,9677,0.16,0.48,0.01,4,5,2,2,1,1
"C82614","Spirit Primary Care Limited-Asquith",0.88,37,39,21,34,22,25,0.95,0.62,0.88,27251,4577,707,2306,0.15,0.5,0.01,1,1,2,2,3,1
"C82624","Spirit Primary Care Ltd-Beaumont Leys",1,60,62,53,71,17,21,0.97,0.75,0.81,1571,8458,669,4221,0.08,0.5,0.01,5,3,2,1,3,1
"C82680","Spirit Primary Care Ltd-Rushey Mead",0.89,44,44,29,44,27,33,1,0.66,0.82,7580,4938,898,2408,0.18,0.49,0.01,4,1,2,3,2,1
"C82676","St Elizabeth's Medical Centre (Ja Wood)",0.99,50,51,63,73,29,29,0.98,0.86,1,5734,7265,1051,3647,0.14,0.5,0.01,4,2,1,2,3,1
"C82660","St Peter's Med Centre (Mansingh & Mehra)",1,43,44,76,81,28,30,0.98,0.94,0.93,1557,7166,931,3326,0.13,0.46,0.01,5,2,1,2,1,1
"C82019","Sturdee Road Health And Wellbeing Centre",1,45,45,57,64,18,20,1,0.89,0.9,4776,5933,933,2941,0.16,0.5,0.01,4,2,2,2,2,1
"C82667","The Charnwood Practice",0.98,49,49,63,80,19,20,1,0.79,0.95,3415,8067,962,4095,0.12,0.51,0.01,5,3,1,2,4,1
"C82100","The Hedges Medical Centre (Sa Bailey)",1,73,75,57,73,42,44,0.97,0.78,0.95,259,6088,1019,3124,0.17,0.51,0.01,5,2,3,3,5,1
"C82610","The Parks Medical Centre (B Hainsworth)",0.91,36,38,24,52,7,7,0.95,0.46,1,3044,6632,634,3325,0.1,0.5,0.01,5,2,1,1,3,1
"C82060","The Practice-Sayeed",1,23,23,27,33,6,6,1,0.82,1,4350,4213,360,2005,0.09,0.48,0.01,5,1,1,1,1,1
"C82669","The Surgery @ Aylestone",1,23,23,23,26,7,8,1,0.88,0.88,12429,4126,493,2027,0.12,0.49,0.01,3,1,1,2,2,1
"C82124","Victoria Park Health Centre",1,46,46,38,46,27,28,1,0.83,0.96,12779,25111,879,10984,0.04,0.44,0,3,5,1,1,1,1
"C82662","Walnut St Med Ctr",1,24,24,26,30,5,5,1,0.87,1,4712,8542,385,4129,0.05,0.48,0,4,3,1,1,1,1
"C82059","Westcotes Gp Surgery (One)",0.78,13,15,5,12,6,10,0.87,0.42,0.6,5611,1895,190,819,0.1,0.43,0.01,4,1,2,1,1,1
"C82639","Westend Medical Practice",1,99,99,76,93,51,56,1,0.82,0.91,9626,10582,1557,5000,0.15,0.47,0.01,4,4,2,2,1,1
"Y00137","Willows Health",1,325,328,241,304,156,183,0.99,0.79,0.85,1147,32990,4726,16176,0.14,0.49,0.01,5,5,2,2,2,1
"C82095","Alpine House Surgery",0.97,129,141,72,98,54,81,0.91,0.73,0.67,5918,9054,1934,4672,0.21,0.52,0.02,4,3,4,4,5,1
"C82062","Barrow Health Centre",0.91,113,113,87,111,46,48,1,0.78,0.96,26357,8965,2191,4616,0.24,0.51,0.01,1,3,3,4,5,1
"C82061","Barwell & Hollycroft Medical Centres",1,167,168,168,184,67,74,0.99,0.91,0.91,15623,15045,2536,7434,0.17,0.49,0.01,3,5,3,3,2,1
"C82091","Birstall Medical Centre",1,87,90,71,91,51,57,0.97,0.78,0.89,28315,9707,1417,4903,0.15,0.51,0.01,1,3,2,2,3,1
"C82026","Bridge Street Medical Practice",1,102,102,77,92,59,67,1,0.84,0.88,10082,8294,1718,4026,0.21,0.49,0.01,3,3,3,4,2,1
"C82072","Broom Leys Surgery",1,133,133,82,100,59,65,1,0.82,0.91,12219,8495,1661,4290,0.2,0.51,0.02,3,3,4,3,3,1
"C82111","Campus View Medical Centre",1,11,11,3,3,11,11,1,1,1,33732,17286,125,5998,0.01,0.35,0,1,5,1,1,1,1
"C82007","Castle Donington Surgery",0.95,171,177,124,154,67,77,0.97,0.81,0.87,19742,10614,2372,5335,0.22,0.5,0.02,2,4,4,4,3,1
"C82075","Castle Mead Medical Centre",1,165,165,141,166,81,87,1,0.85,0.93,8000,10867,2539,5499,0.23,0.51,0.02,4,4,4,4,4,1
"C82014","Castle Medical Group",1,240,245,165,192,111,129,0.98,0.86,0.86,28350,18089,4043,9231,0.22,0.51,0.01,1,5,3,4,4,1
"C82041","Charnwood Medical Group",1,164,164,123,158,69,76,1,0.78,0.91,20151,12981,2364,6341,0.18,0.49,0.01,2,4,3,3,2,1
"C82097","Charnwood Surgery",0.97,29,29,21,25,17,17,1,0.84,1,25721,2773,448,1345,0.16,0.49,0.01,1,1,2,3,1,1
"C82650","Desford Medical Centre",1,56,57,49,65,36,39,0.98,0.75,0.92,22081,5315,1067,2719,0.2,0.51,0.01,2,2,3,3,4,1
"C82103","Dishley Grange Medical Practice",1,94,94,79,100,36,40,1,0.79,0.9,24054,7199,1343,3516,0.19,0.49,0.01,1,2,3,3,2,1
"C82052","Dr Am Lewis' Practice",1,55,55,49,59,23,25,1,0.83,0.92,28139,3732,1003,1763,0.27,0.47,0.01,1,1,4,5,1,1
"C82644","Dr Mk Lakhani's Practice",1,55,55,49,59,19,21,1,0.83,0.9,15770,4994,745,2600,0.15,0.52,0.01,3,1,3,2,5,1
"Y00252","Dr Sjc Clay's Practice",1,41,41,27,32,26,28,1,0.84,0.93,26948,3112,727,1557,0.23,0.5,0.01,1,1,3,4,3,1
"C82656","Field Street Surgery",0.97,23,23,22,26,10,11,1,0.85,0.91,16004,2943,544,1507,0.18,0.51,0.01,3,1,2,3,4,1
"C82064","Forest House Surgery",0.93,157,161,113,145,100,112,0.98,0.78,0.89,31961,12333,2903,6316,0.24,0.51,0.01,1,4,3,4,4,1
"C82003","Greengate Medical Centre",1,139,141,105,126,93,99,0.99,0.83,0.94,29865,11582,2573,5942,0.22,0.51,0.01,1,4,3,4,5,1
"C82628","Groby Surgery",1,38,38,39,48,13,13,1,0.81,1,18280,3529,827,1742,0.23,0.49,0.01,2,1,3,4,2,1
"C82121","Heath Lane Surgery",1,279,280,162,198,101,111,1,0.82,0.91,12358,14882,3311,7509,0.22,0.5,0.02,3,5,5,4,3,1
"C82096","Hugglescote Surgery",1,105,107,85,108,36,39,0.98,0.79,0.92,23765,10121,1494,5059,0.15,0.5,0.01,1,3,2,2,3,1
"C82012","Ibstock & Barlestone Surgeries",1,137,138,107,138,55,63,0.99,0.78,0.87,9552,11877,2367,5964,0.2,0.5,0.01,4,4,3,3,3,1
"C82050","Long Lane Surgery",0.86,151,154,90,107,75,79,0.98,0.84,0.95,17606,14066,2881,6986,0.2,0.5,0.01,2,5,3,4,2,1
"C82102","Manor House Surgery",1,51,52,43,49,27,28,0.98,0.88,0.96,23589,4880,1198,2485,0.25,0.51,0.01,1,1,3,5,4,1
"C82047","Maples Family Med.Pract.",1,161,165,102,127,74,82,0.98,0.8,0.9,8000,10674,2201,5251,0.21,0.49,0.02,4,4,4,4,2,1
"C82028","Markfield Medical Centre",1,147,149,66,88,84,89,0.99,0.75,0.94,24630,7284,2089,3760,0.29,0.52,0.02,1,2,5,5,5,1
"C82017","Measham Medical Unit",1,246,251,172,207,103,113,0.98,0.83,0.91,6972,15770,3645,7864,0.23,0.5,0.02,4,5,4,4,3,1
"C82051","Newbold Verdon Med.Pract.",1,178,182,105,153,102,117,0.98,0.69,0.87,10316,11948,3177,6079,0.27,0.51,0.02,3,4,4,5,4,1
"C82035","Park View Surgery",1,114,120,72,87,44,50,0.95,0.83,0.88,1701,8023,1440,3813,0.18,0.48,0.01,5,3,4,3,1,1
"C82011","Pinfold Medical Practice",1,137,140,109,118,70,75,0.98,0.92,0.93,1701,12575,2127,6192,0.17,0.49,0.01,5,4,3,3,2,1
"C82034","Quorn Medical Centre",1,118,121,72,85,84,93,0.98,0.85,0.9,26542,9801,2276,5028,0.23,0.51,0.01,1,3,3,4,5,1
"C82634","Ratby Medical Centre",1,60,60,57,65,30,34,1,0.88,0.88,22786,6140,1031,3133,0.17,0.51,0.01,2,2,2,3,4,1
"C82627","Silverdale Medical Centre",1,62,68,67,81,32,39,0.91,0.83,0.82,24631,7874,1385,3887,0.18,0.49,0.01,1,3,2,3,2,1
"C82043","Station View Health Centre",1,146,146,105,122,75,78,1,0.86,0.96,18139,11148,2624,5480,0.24,0.49,0.01,2,4,3,4,2,1
"C82032","The Anstey Surgery",1,89,90,63,74,57,60,0.99,0.85,0.95,26599,7429,1730,3837,0.23,0.52,0.01,1,2,3,4,5,1
"C82600","The Banks Surgery",1,51,52,53,58,25,26,0.98,0.91,0.96,15770,6220,1062,3127,0.17,0.5,0.01,3,2,2,3,3,1
"C82054","The Burbage Surgery",1,165,166,121,137,103,109,0.99,0.88,0.94,31058,12210,2973,6290,0.24,0.52,0.01,1,4,3,4,5,1
"C82082","The Centre Surgery",1,94,94,57,63,44,48,1,0.9,0.92,8000,5507,1171,2678,0.21,0.49,0.02,4,2,5,4,2,1
"C82027","The Old School Surgery",1,106,112,72,91,61,65,0.95,0.79,0.94,12259,7547,1763,3852,0.23,0.51,0.01,3,2,4,4,4,1
"C82093","The Orchard Med Practice",1,132,133,125,151,66,73,0.99,0.83,0.9,24416,12564,2559,6340,0.2,0.5,0.01,1,4,2,4,3,1
"C82678","Thurmaston Health Centre",1,61,61,51,64,36,39,1,0.8,0.92,17203,5817,1118,2922,0.19,0.5,0.01,2,2,2,3,3,1
"C82120","Whitwick Health Centre",1,52,52,43,53,28,29,1,0.81,0.97,28139,3884,981,1970,0.25,0.51,0.01,1,1,3,5,4,1
"C82045","Whitwick Road Surgery",1,66,67,55,74,36,39,0.99,0.74,0.92,6003,8188,1342,4197,0.16,0.51,0.01,4,3,2,3,5,1
"C82070","Woodbrook Medical Centre",1,108,108,88,101,59,69,1,0.87,0.86,10082,10587,1857,5136,0.18,0.49,0.01,3,4,2,3,1,1
"M83738","Aelfgar Surgery",1,111,112,69,78,54,61,0.99,0.88,0.89,8085,6964,1668,3576,0.24,0.51,0.02,4,2,4,4,5,1
"M83107","Alderwood Medical Practice",0.93,93,95,56,69,36,39,0.98,0.81,0.92,8242,6723,1367,3331,0.2,0.5,0.01,4,2,4,4,2,1
"M83703","Brereton Surgery",1,78,78,65,77,31,34,1,0.84,0.91,6229,5626,1130,2867,0.2,0.51,0.01,4,2,4,3,4,1
"M83637","Chadsmoor Medical Practice",1,41,42,36,42,19,21,0.98,0.86,0.9,1875,4893,743,2413,0.15,0.49,0.01,5,1,2,2,2,1
"M83616","Dr I Rasib & Partners",1,56,57,50,61,15,18,0.98,0.82,0.83,10641,5083,852,2450,0.17,0.48,0.01,3,1,3,3,1,1
"M83109","Dr Manickam & Partner",1,51,51,39,47,20,23,1,0.83,0.87,18481,3899,848,2023,0.22,0.52,0.01,2,1,3,4,5,1
"Y02594","Essington Medical Centre",1,46,47,24,32,27,30,0.98,0.75,0.9,22799,2949,586,1572,0.2,0.53,0.02,2,1,4,3,5,1
"M83129","Heath Hayes Health Centre",0.92,134,138,84,106,45,55,0.97,0.79,0.82,14017,10881,2174,5522,0.2,0.51,0.01,3,4,3,3,4,1
"M83033","Hednesford Medical Practice",1,94,96,74,95,46,50,0.98,0.78,0.92,18481,7003,1323,3450,0.19,0.49,0.01,2,2,4,3,2,1
"M83016","High Street Surgery",1,113,114,101,115,63,68,0.99,0.88,0.93,22891,7299,2048,3719,0.28,0.51,0.02,2,2,4,5,4,1
"M83001","Horsefair Practice",1,147,148,116,136,62,69,0.99,0.85,0.9,16682,12085,2551,6113,0.21,0.51,0.01,2,4,3,4,4,1
"M83139","Moss Street Surgery",1,53,54,51,55,20,23,0.98,0.93,0.87,4534,5066,1010,2585,0.2,0.51,0.01,4,1,3,3,4,1
"M83063","Norton Canes Health Centre",1,33,33,33,39,12,13,1,0.85,0.92,18772,3850,657,1962,0.17,0.51,0.01,2,1,2,3,4,1
"M83727","Norton Canes Practice",1,56,56,36,48,27,29,1,0.75,0.93,18772,4189,1029,2108,0.25,0.5,0.01,2,1,3,5,3,1
"M83717","Norton Canes Surgery",1,38,38,33,36,10,11,1,0.92,0.91,18772,3643,612,1813,0.17,0.5,0.01,2,1,2,3,2,1
"M83608","Quinton Practice",1,87,89,60,72,48,51,0.98,0.83,0.94,21493,5360,1275,2719,0.24,0.51,0.02,2,2,4,4,4,1
"M83719","Rawnsley Surgery",1,46,46,34,42,23,25,1,0.81,0.92,18557,4348,867,2131,0.2,0.49,0.01,2,1,2,3,2,1
"M83130","Red Lion Surgery",0.96,55,55,48,60,26,30,1,0.8,0.87,10641,4017,898,1974,0.22,0.49,0.01,3,1,4,4,2,1
"Y02354","Sandy Lane Surgery",1,127,129,101,118,61,69,0.98,0.86,0.88,12070,9199,1995,4509,0.22,0.49,0.01,3,3,4,4,2,1
"M83698","Southfield Way Surgery",1,57,57,26,34,39,41,1,0.76,0.95,21493,3189,784,1603,0.25,0.5,0.02,2,1,5,5,3,1
"M83638","The Colliery Practice",1,180,185,134,178,74,82,0.97,0.75,0.9,6861,14303,2819,7477,0.2,0.52,0.01,4,5,3,3,5,1
"M83048","The Nile Practice",1,133,137,108,141,45,49,0.97,0.77,0.92,22891,9862,2069,4931,0.21,0.5,0.01,2,3,4,4,3,1
"M83059","Abbots Bromley Surgery",1,52,53,43,46,29,31,0.98,0.93,0.94,29193,3778,1156,1891,0.31,0.5,0.01,1,1,4,5,3,1
"M83681","All Saints Surgery",1,54,55,59,69,25,25,0.98,0.86,1,7648,10744,992,4917,0.09,0.46,0.01,4,4,1,1,1,1
"M83035","Alrewas",1,94,95,59,69,63,68,0.99,0.86,0.93,28229,7528,1805,3875,0.24,0.51,0.01,1,2,3,4,5,1
"M83074","Balance Street",0.97,183,184,117,149,84,95,0.99,0.79,0.88,24877,14322,3124,7096,0.22,0.5,0.01,1,5,3,4,2,1
"M83065","Barton",1,101,104,60,68,60,66,0.97,0.88,0.91,26209,7331,1913,3737,0.26,0.51,0.01,1,2,4,5,4,1
"M83042","Bridge Surgery",1,149,149,93,115,87,99,1,0.81,0.88,12805,9947,2644,5096,0.27,0.51,0.01,3,3,4,5,5,1
"M83026","Carlton Street Surgery",1,147,150,134,159,52,59,0.98,0.84,0.88,10990,17853,2021,8932,0.11,0.5,0.01,3,5,2,1,3,1
"C81018","Dove River",0.99,113,116,103,115,72,79,0.97,0.9,0.91,14613,9031,2440,4611,0.27,0.51,0.01,3,3,3,5,4,1
"M83010","Gordon Street Surgery",0.99,75,85,43,81,21,34,0.88,0.53,0.62,21442,10416,1192,5024,0.11,0.48,0.01,2,4,2,2,1,1
"M83641","Mill View Surgery",1,30,30,32,34,23,24,1,0.94,0.96,11369,2038,474,972,0.23,0.48,0.01,3,1,4,4,1,1
"M83680","Northgate Surgery",1,69,69,46,73,36,43,1,0.63,0.84,14392,7060,1401,3662,0.2,0.52,0.01,3,2,2,3,5,1
"M83718","Peel Croft",1,39,40,35,43,16,17,0.98,0.81,0.94,2098,4024,564,1943,0.14,0.48,0.01,5,1,2,2,1,1
"M83073","Stapenhill Medical Centre",0.97,120,129,67,87,73,75,0.93,0.77,0.97,13832,9286,1945,4585,0.21,0.49,0.01,3,3,4,4,2,1
"M83027","Trent Meadows",1,125,128,90,106,55,62,0.98,0.85,0.89,26632,10613,2104,5417,0.2,0.51,0.01,1,4,3,3,4,1
"M83037","Tutbury Health Centre",1,137,139,71,94,65,74,0.99,0.76,0.88,14613,8537,2053,4369,0.24,0.51,0.02,3,3,4,4,4,1
"M83051","Wetmore Road Surgery",1,139,140,116,139,83,88,0.99,0.83,0.94,18669,12481,2323,6154,0.19,0.49,0.01,2,4,3,3,2,1
"Y00078","Winshill",1,56,56,49,56,31,33,1,0.88,0.94,2369,5383,845,2667,0.16,0.5,0.01,5,2,2,2,2,1
"M83013","Yoxall",1,70,70,50,63,39,39,1,0.79,1,27561,4661,1487,2351,0.32,0.5,0.02,1,1,4,5,3,1
"M83103","Allen Street Clinic",1,103,103,69,76,45,50,1,0.91,0.9,9618,4743,1274,2411,0.27,0.51,0.02,4,1,5,5,4,1
"M83640","Alton Surgery",0.92,47,48,43,49,26,30,0.98,0.88,0.87,24390,2693,812,1342,0.3,0.5,0.02,1,1,5,5,3,1
"M83017","Ashley Surgery",1,99,100,60,76,44,47,0.99,0.79,0.94,20564,4958,1467,2498,0.3,0.5,0.02,2,1,5,5,3,1
"M83054","Audley Health Centre",1,216,217,128,164,89,96,1,0.78,0.93,16328,10285,2318,5200,0.23,0.51,0.02,2,4,5,4,4,1
"M83691","Betley Surgery",0.87,36,37,25,31,23,26,0.97,0.81,0.88,25801,1857,579,890,0.31,0.48,0.02,1,1,5,5,1,1
"M83089","Biddulph Doctors",1,172,177,122,163,101,107,0.97,0.75,0.94,15425,10791,2918,5435,0.27,0.5,0.02,3,4,4,5,3,1
"M83046","Biddulph Valley Surgery",1,174,176,133,149,95,104,0.99,0.89,0.91,15425,9710,2638,4970,0.27,0.51,0.02,3,3,5,5,4,1
"M83108","Dr Do Yates' Practice",1,151,151,122,134,66,73,1,0.91,0.9,9618,7697,1861,3937,0.24,0.51,0.02,4,3,5,4,4,1
"M83079","Dr J Greig & Partners",0.81,168,191,97,153,85,106,0.88,0.63,0.8,8536,9461,2328,4820,0.25,0.51,0.02,4,3,5,5,4,1
"M83084","Dr Robinson & Partners",1,132,136,97,107,67,73,0.97,0.91,0.92,11805,6556,1695,3350,0.26,0.51,0.02,3,2,5,5,4,1
"M83005","Heathcote Street Surgery",1,100,100,73,76,40,42,1,0.96,0.95,4910,5268,1236,2486,0.23,0.47,0.02,4,1,5,4,1,1
"M83140","Higherland Surgery",1,71,72,61,73,30,32,0.99,0.84,0.94,11963,4827,1009,2466,0.21,0.51,0.01,3,1,4,4,4,1
"M83670","Keele Practice",0.95,28,28,18,29,15,17,1,0.62,0.88,29705,7355,410,4112,0.06,0.56,0,1,2,1,1,5,1
"M83023","Kidsgrove Medical Centre",1,157,160,105,130,53,58,0.98,0.81,0.91,11805,9245,2316,4625,0.25,0.5,0.02,3,3,5,5,3,1
"M83141","Kingsbridge Medical Centre",1,175,180,114,133,96,108,0.97,0.86,0.89,6636,9132,2175,4673,0.24,0.51,0.02,4,3,5,4,4,1
"M83012","Leek Health Centre",1,133,133,61,95,68,88,1,0.64,0.77,8536,8256,2154,4137,0.26,0.5,0.02,4,3,4,5,3,1
"M83723","Loomer Medical Partnership",1,356,366,311,362,135,141,0.97,0.86,0.96,4895,23625,4095,11708,0.17,0.5,0.02,4,5,4,3,2,1
"M83067","Lyme Valley Medical Centre",1,95,97,68,80,50,51,0.98,0.85,0.98,10391,7938,1375,3855,0.17,0.49,0.01,3,3,3,3,2,1
"M83015","Madeley Practice",1,159,159,113,136,85,93,1,0.83,0.91,19837,7759,2081,3966,0.27,0.51,0.02,2,3,5,5,4,1
"M83697","Milehouse Medical Practice",1,53,53,36,39,30,31,1,0.92,0.97,6554,3437,547,1689,0.16,0.49,0.02,4,1,4,2,2,1
"M83025","Miller Street Surgery",0.99,124,125,75,89,57,63,0.99,0.84,0.9,9427,6003,1554,2931,0.26,0.49,0.02,4,2,5,5,2,1
"M83071","Park Medical Centre",1,178,180,167,196,128,141,0.99,0.85,0.91,10047,11663,3091,5799,0.27,0.5,0.02,3,4,4,5,2,1
"M83034","Silverdale Medical Centre",1,208,214,118,139,86,96,0.97,0.85,0.9,14050,11960,2669,6080,0.22,0.51,0.02,3,4,5,4,4,1
"M83701","Talke Pits Clinic",1,89,90,56,72,36,38,0.99,0.78,0.95,6774,4588,1010,2338,0.22,0.51,0.02,4,1,5,4,4,1
"M83096","Tardis Surgery",1,104,106,73,89,49,56,0.98,0.82,0.88,8008,5368,1444,2631,0.27,0.49,0.02,4,2,5,5,2,1
"M83121","Tean Surgery",1,112,114,77,101,47,52,0.98,0.76,0.9,23543,5907,1859,2960,0.31,0.5,0.02,1,2,5,5,3,1
"M83007","The Village Surgery",0.97,86,88,64,75,31,35,0.98,0.85,0.89,17214,7859,1286,3822,0.16,0.49,0.01,2,3,3,3,2,1
"M83122","Waterhouses Medical Pract",1,58,58,32,39,30,30,1,0.82,1,15038,3058,803,1492,0.26,0.49,0.02,3,1,5,5,2,1
"M83011","Werrington Village Surgery",1,137,139,91,108,76,86,0.99,0.84,0.88,30093,7956,2233,4080,0.28,0.51,0.02,1,3,5,5,5,1
"M83056","Wolstanton Medical Centre",1,226,231,126,150,98,112,0.98,0.84,0.88,27653,11046,2617,5602,0.24,0.51,0.02,1,4,5,4,4,1
"M83097","Bilbrook Medical Centre",0.71,94,105,57,76,70,89,0.9,0.75,0.79,8637,9096,2036,4745,0.22,0.52,0.01,4,3,3,4,5,1
"M83125","Claverley",1,48,48,30,34,27,30,1,0.88,0.9,14577,3431,943,1694,0.27,0.49,0.01,3,1,4,5,2,1
"M83117","Crown Medical Practice",1,101,103,71,97,32,36,0.98,0.73,0.89,12964,8419,1638,4130,0.19,0.49,0.01,3,3,3,3,2,1
"M83093","Dale Medical Practice",1,91,91,83,92,73,73,1,0.9,1,21706,6440,1721,3275,0.27,0.51,0.01,2,2,4,5,4,1
"M83617","Darwin Medical Centre",1,310,314,188,241,162,187,0.99,0.78,0.87,25953,23758,5083,12197,0.21,0.51,0.01,1,5,3,4,5,1
"M83113","Dr Khare's Surgery",1,16,16,14,17,7,8,1,0.82,0.88,3029,2483,393,1230,0.16,0.5,0.01,5,1,1,2,2,1
"M83715","Featherstone",1,65,66,60,66,23,25,0.98,0.91,0.92,4621,4953,971,2524,0.2,0.51,0.01,4,1,3,3,4,1
"M83018","Gravel Hill Surgery",1,139,139,88,113,82,86,1,0.78,0.95,19823,8762,2367,4514,0.27,0.52,0.02,2,3,4,5,5,1
"M83110","Heathview Medical Practice",1,142,142,160,200,41,46,1,0.8,0.89,3045,16215,2852,8079,0.18,0.5,0.01,5,5,2,3,2,1
"M83088","Hollies Practice",0.96,222,226,127,166,106,121,0.98,0.77,0.88,12964,15374,3635,7598,0.24,0.49,0.01,3,5,4,4,2,1
"M83132","Lakeside",1,59,59,59,67,26,28,1,0.88,0.93,6139,5650,1403,2835,0.25,0.5,0.01,4,2,2,5,3,1
"M83062","Laurel House Surgery",1,191,200,140,166,110,116,0.96,0.84,0.95,12964,12778,2931,6397,0.23,0.5,0.02,3,4,4,4,3,1
"M83111","Riverside Surgery",0.91,28,32,21,29,9,14,0.88,0.72,0.64,3035,2414,494,1150,0.2,0.48,0.01,5,1,3,4,1,1
"M83031","Russell House Surgery",1,149,150,91,110,86,89,0.99,0.83,0.97,12958,6355,1926,3312,0.3,0.52,0.02,3,2,5,5,5,1
"M83072","Salters Meadow Health Ctr",0.97,183,197,158,173,98,105,0.93,0.91,0.93,21742,11710,3322,5811,0.28,0.5,0.02,2,4,4,5,2,1
"M83668","Tamar Medical Centre",1,43,44,43,58,19,22,0.98,0.74,0.86,6139,5241,1131,2717,0.22,0.52,0.01,4,1,2,4,5,1
"M83032","The Aldergate Med.Pract.",1,194,195,174,205,90,103,0.99,0.85,0.87,12964,14141,2832,7083,0.2,0.5,0.01,3,5,4,3,3,1
"M83030","The Langton Medical Group",1,181,186,123,154,106,119,0.97,0.8,0.89,4738,13423,3049,6741,0.23,0.5,0.01,4,4,4,4,3,1
"M83148","The Peel Medical Practice",1,171,187,142,164,81,88,0.91,0.87,0.92,3035,14391,2521,7302,0.18,0.51,0.01,5,5,3,3,4,1
"M83006","The Westgate Practice",1,425,432,268,330,228,258,0.98,0.81,0.88,26520,31079,7768,15909,0.25,0.51,0.01,1,5,4,5,4,1
"M83693","Tri-Links Medical Practice",1,57,58,61,66,13,15,0.98,0.92,0.87,22341,7121,886,3560,0.12,0.5,0.01,2,2,2,2,3,1
"M83009","Brewood Medical Practice",0.93,209,229,97,150,117,131,0.91,0.65,0.89,21202,10919,3220,5502,0.29,0.5,0.02,2,4,5,5,3,1
"M83024","Castlefields",1,144,145,81,96,60,68,0.99,0.84,0.88,20270,10351,1869,5157,0.18,0.5,0.01,2,4,4,3,2,1
"M83092","Crown Surgery",0.99,195,196,93,113,95,104,0.99,0.82,0.91,21944,8610,2495,4356,0.29,0.51,0.02,2,3,5,5,4,1
"M83020","Cumberland House",1,171,175,123,155,96,102,0.98,0.79,0.94,13446,9652,2484,4903,0.26,0.51,0.02,3,3,5,5,4,1
"M83070","Gnosall",1,161,162,107,119,72,76,0.99,0.9,0.95,20055,8342,2209,3973,0.26,0.48,0.02,2,3,5,5,1,1
"M83022","Hazeldene House Surgery",1,135,136,108,127,70,76,0.99,0.85,0.92,23964,7965,2580,4094,0.32,0.51,0.02,1,3,5,5,5,1
"M83049","Holmcroft",0.98,157,160,90,138,69,88,0.98,0.65,0.78,26025,9466,2131,4693,0.23,0.5,0.02,1,3,4,4,2,1
"M83069","Mansion House",1,314,322,168,207,148,164,0.98,0.81,0.9,13446,15800,3898,8045,0.25,0.51,0.02,3,5,5,5,4,1
"M83057","Mill Bank",1,128,129,121,134,89,96,0.99,0.9,0.93,3292,10472,2127,5312,0.2,0.51,0.01,5,4,3,4,4,1
"M83045","Penkridge Medical Practice",1,172,173,110,139,90,97,0.99,0.79,0.93,18589,10592,2908,5431,0.27,0.51,0.02,2,4,4,5,5,1
"M83036","Rising Brook",1,101,101,65,84,50,57,1,0.77,0.88,4994,9014,1813,4553,0.2,0.51,0.01,4,3,3,3,3,1
"M83044","Stafford Health And Wellbeing",0.81,179,186,104,159,91,102,0.96,0.65,0.89,6122,13387,2418,6683,0.18,0.5,0.01,4,4,4,3,3,1
"M83052","Weeping Cross Health Centre",1,260,263,166,192,137,151,0.99,0.86,0.91,33115,21950,4193,10806,0.19,0.49,0.01,1,5,3,3,2,1
"M83050","Wolverhampton Road Surgery",1,160,163,131,138,73,77,0.98,0.95,0.95,9683,10162,2155,4908,0.21,0.48,0.02,4,3,4,4,1,1
"M83661","Adderley Green Surgery",1,93,94,88,102,28,30,0.99,0.86,0.93,2538,6862,977,3373,0.14,0.49,0.01,5,2,4,2,2,1
"M83627","Apsley Surgery",1,98,101,68,80,39,45,0.97,0.85,0.87,1525,8484,904,3853,0.11,0.45,0.01,5,3,3,1,1,1
"M83709","Baddeley Green Surgery",1,90,92,82,90,46,48,0.98,0.91,0.96,26129,5918,1284,2979,0.22,0.5,0.02,1,2,4,4,3,1
"M83068","Belgrave Medical Centre",1,182,186,149,182,63,72,0.98,0.82,0.88,4508,14958,2537,7461,0.17,0.5,0.01,4,5,3,3,3,1
"M83123","Birches Head Medical Ctr.",1,134,135,92,113,47,53,0.99,0.81,0.89,29663,10023,1585,5014,0.16,0.5,0.01,1,3,3,2,3,1
"M83725","Blurton Medical Practice",1,32,32,37,44,8,8,1,0.84,1,4121,4038,504,2000,0.12,0.5,0.01,5,1,2,2,2,1
"M83601","Brinsley Avenue Practice",1,145,147,98,117,105,112,0.99,0.84,0.94,28536,6012,1975,3100,0.33,0.52,0.02,1,2,5,5,5,1
"M83094","Brook Medical Centre",1,219,223,162,194,77,87,0.98,0.84,0.89,23790,14549,2830,7311,0.19,0.5,0.02,1,5,4,3,3,1
"M83624","Cambridge House",1,43,44,51,58,17,18,0.98,0.88,0.94,1209,3802,713,1871,0.19,0.49,0.01,5,1,3,3,2,1
"M83127","Cobridge Surgery",1,49,51,51,63,13,15,0.96,0.81,0.87,1525,7014,593,3417,0.08,0.49,0.01,5,2,2,1,2,1
"M83100","Dr P D Miles And Dr R Valasapalli",1,64,64,40,41,23,23,1,0.98,1,3465,4169,1027,2121,0.25,0.51,0.02,5,1,4,5,4,1
"M83138","Drs Shah & Talpur",1,96,99,79,88,50,58,0.97,0.9,0.86,10557,6864,1676,3425,0.24,0.5,0.01,3,2,4,4,3,1
"M83090","Dunrobin Street Medical Centre",1,87,87,68,84,36,37,1,0.81,0.97,2091,5322,1327,2487,0.25,0.47,0.02,5,2,4,5,1,1
"M83021","Furlong Medical Centre",1,141,144,110,134,45,51,0.98,0.82,0.88,7620,10237,1771,5044,0.17,0.49,0.01,4,4,4,3,2,1
"M83028","Glebedale Medical Practice",0.99,147,149,135,164,54,57,0.99,0.82,0.95,3491,11283,2004,5605,0.18,0.5,0.01,5,4,3,3,2,1
"M83143","Goldenhill Medical Centre",1,77,77,71,87,17,18,1,0.82,0.94,4464,5411,878,2705,0.16,0.5,0.01,4,2,4,3,3,1
"M83076","Harley Street Medical Ctr",1,112,116,83,110,38,43,0.97,0.75,0.88,3824,8853,1059,3632,0.12,0.41,0.01,5,3,3,2,1,1
"M83066","Hartshill Medical Centre",1,107,108,85,99,46,48,0.99,0.86,0.96,19140,7990,1344,4043,0.17,0.51,0.01,2,3,3,3,4,1
"M83619","Honeywall Medical Practice",1,54,54,37,43,23,24,1,0.86,0.96,4131,3611,613,1750,0.17,0.48,0.01,5,1,4,3,1,1
"M83126","Longton Hall Surgery",1,127,129,107,125,52,57,0.98,0.86,0.91,2893,8723,1677,4521,0.19,0.52,0.01,5,3,4,3,5,1
"M83682","Lucie Wedgewood Surgery Ltd",1,87,88,76,91,37,40,0.99,0.84,0.92,1186,5930,927,2788,0.16,0.47,0.01,5,2,4,2,1,1
"M83004","Mayfield Surgery",0.99,193,193,122,154,97,109,1,0.79,0.89,2091,9159,2777,4696,0.3,0.51,0.02,5,3,5,5,5,1
"M83713","Meir Medical Practice",1,91,93,58,77,37,39,0.98,0.75,0.95,3465,5253,1044,2641,0.2,0.5,0.02,5,1,5,3,3,1
"M83047","Meir Park & Weston Coyney Medical Pract",0.97,92,93,72,92,43,49,0.99,0.78,0.88,27582,6796,1463,3270,0.22,0.48,0.01,1,2,4,4,1,1
"Y02867","Middleport Medical Centre",1,68,70,67,84,25,26,0.97,0.8,0.96,855,4777,510,2224,0.11,0.47,0.01,5,1,4,1,1,1
"M83061","Millrise Medical Practice",0.98,176,177,118,149,80,87,0.99,0.79,0.92,29896,8042,2041,4040,0.25,0.5,0.02,1,3,5,5,3,1
"M83075","Norfolk Street Surgery",0.95,202,207,168,204,55,61,0.98,0.82,0.9,3039,20412,1670,9050,0.08,0.44,0.01,5,5,2,1,1,1
"M83038","Orchard Surgery",1,209,221,118,147,105,121,0.95,0.8,0.87,1991,10320,2577,5247,0.25,0.51,0.02,5,4,5,5,4,1
"M83102","Potteries Medical Centre",1,98,99,101,112,38,42,0.99,0.9,0.9,922,7297,1112,3772,0.15,0.52,0.01,5,2,3,2,5,1
"M83625","Prima Care Surgeries",1,122,125,115,148,41,43,0.98,0.78,0.95,364,11288,1771,5320,0.16,0.47,0.01,5,4,3,2,1,1
"M83146","The Moorcroft Medical Ctr",1,187,192,136,181,81,90,0.97,0.75,0.9,17152,13538,2028,6790,0.15,0.5,0.01,2,4,4,2,3,1
"M83014","Trent Vale Medical Practice",1,144,147,105,134,59,66,0.98,0.78,0.89,13956,10166,1576,5102,0.16,0.5,0.01,3,3,4,2,3,1
"M83711","Trentham Mews Medical Centre",1,70,77,61,71,40,44,0.91,0.86,0.91,30398,4160,1068,2186,0.26,0.53,0.02,1,1,5,5,5,1
"M83632","Trinity Medical Centre",0.89,61,61,42,52,29,33,1,0.81,0.88,28343,5253,1188,2686,0.23,0.51,0.01,1,1,3,4,4,1
"M83650","Tunstall Primary Care Centre",0.99,127,127,99,120,48,55,1,0.82,0.87,3090,13776,1664,6820,0.12,0.5,0.01,5,4,2,2,2,1
"Y02521","Willow Bank Surgery",1,92,93,107,118,33,35,0.99,0.91,0.94,3465,10342,1181,5209,0.11,0.5,0.01,5,4,2,1,3,1
"D81633","Acorn Surgery",1,91,91,83,92,43,46,1,0.9,0.93,12651,11416,1118,5600,0.1,0.49,0.01,3,4,2,1,2,1
"D81618","Ailsworth Medical Centre",1,18,19,30,34,11,12,0.95,0.88,0.92,22184,3579,585,1732,0.16,0.48,0.01,2,1,1,3,1,1
"D81004","Alconbury Surgery",1,149,152,135,162,87,99,0.98,0.83,0.88,29367,14252,2737,7329,0.19,0.51,0.01,1,5,3,3,5,1
"D81082","Almond Road Surgery",1,107,111,98,112,43,54,0.96,0.88,0.8,18768,7664,1459,3888,0.19,0.51,0.01,2,3,4,3,4,1
"D81016","Arbury Road Surgery",1,112,112,84,97,42,46,1,0.87,0.91,8331,12961,1543,6193,0.12,0.48,0.01,4,4,2,2,1,1
"D81026","Boroughbury Medical Centre",0.95,450,454,304,390,197,226,0.99,0.78,0.87,3520,33414,5726,16367,0.17,0.49,0.01,5,5,3,3,2,1
"Y00486","Botolph Bridge Community Health Centre",0.96,44,48,35,45,14,20,0.92,0.78,0.7,25061,7569,742,3688,0.1,0.49,0.01,1,2,1,1,2,1
"D81055","Bottisham Medical Practice",0.76,111,124,45,78,52,69,0.9,0.58,0.75,26612,5808,1549,2973,0.27,0.51,0.02,1,2,5,5,4,1
"D81041","Bourn Surgery",1,82,82,64,72,50,51,1,0.89,0.98,27709,6841,1431,3456,0.21,0.51,0.01,1,2,3,4,3,1
"Y07057","Bretton Medical Practice",0.86,120,122,78,106,44,49,0.98,0.74,0.9,6530,12169,1904,6001,0.16,0.49,0.01,4,4,2,2,2,1
"D81037","Bridge Street Medical Centre",0.86,39,43,34,39,24,27,0.91,0.87,0.89,21367,11580,823,4909,0.07,0.42,0,2,4,1,1,1,1
"D81045","Buckden Surgery",1,134,135,92,112,85,92,0.99,0.82,0.92,23693,10467,2535,5254,0.24,0.5,0.01,1,4,3,4,3,1
"D81051","Burwell Surgery",0.99,109,117,68,103,50,59,0.93,0.66,0.85,28632,9595,2097,4863,0.22,0.51,0.01,1,3,3,4,4,1
"Y00185","Cathedral Medical Centre",1,117,118,86,108,48,53,0.99,0.8,0.91,32038,11493,1645,5827,0.14,0.51,0.01,1,4,2,2,4,1
"D81631","Central Medical Centre",0.75,81,92,75,94,23,30,0.88,0.8,0.77,2553,15541,771,6820,0.05,0.44,0.01,5,5,1,1,1,1
"D81025","Cherry Hinton Medical Centre",1,85,85,75,91,46,49,1,0.82,0.94,21086,9513,1506,4468,0.16,0.47,0.01,2,3,2,2,1,1
"D81011","Clarkson Surgery",1,200,206,156,186,99,111,0.97,0.84,0.89,5588,9604,2542,4673,0.26,0.49,0.02,4,3,5,5,2,1
"D81035","Comberton Surgery",0.99,113,115,64,83,63,75,0.98,0.77,0.84,28770,10003,2249,5057,0.22,0.51,0.01,1,3,3,4,3,1
"D81052","Cornerstone Practice",0.97,148,151,85,124,73,84,0.98,0.69,0.87,9566,9650,2506,4947,0.26,0.51,0.02,4,3,4,5,5,1
"D81012","Cornford House Surgery",1,106,107,80,94,69,74,0.99,0.85,0.93,27083,11246,2181,5632,0.19,0.5,0.01,1,4,2,3,3,1
"D81086","East Barnwell Health Centre",0.87,54,57,34,63,20,32,0.95,0.54,0.62,4570,7808,1048,3786,0.13,0.48,0.01,4,3,2,2,1,1
"D81611","Fenland Group Practice",1,217,222,164,194,105,112,0.98,0.85,0.94,12785,13408,3010,6829,0.22,0.51,0.02,3,4,4,4,4,1
"D81028","Firs House Surgery",1,142,145,81,107,105,116,0.98,0.76,0.91,31808,12790,2935,6593,0.23,0.52,0.01,1,4,3,4,5,1
"D81061","George Clare Surgery",0.91,147,163,125,154,62,66,0.9,0.81,0.94,14539,12107,2589,6043,0.21,0.5,0.01,3,4,3,4,3,1
"D81043","Granta Medical Practices",0.99,719,737,404,485,375,434,0.98,0.83,0.86,31444,58787,13153,29631,0.22,0.5,0.01,1,5,3,4,3,1
"D81081","Great Staughton Surgery",1,60,61,63,73,39,42,0.98,0.86,0.93,25148,5349,1468,2745,0.27,0.51,0.01,1,2,3,5,5,1
"D81030","Grove Medical Practice",1,210,211,154,180,123,131,1,0.86,0.94,20741,15147,3850,7474,0.25,0.49,0.01,2,5,4,5,2,1
"D81062","Haddenham Surgery",1,114,114,88,110,45,49,1,0.8,0.92,15808,8079,1874,4062,0.23,0.5,0.01,3,3,4,4,3,1
"D81630","Hampton Medical Centre",0.92,66,66,54,67,25,27,1,0.81,0.93,23014,12315,821,6251,0.07,0.51,0.01,2,4,1,1,4,1
"D81058","Harston Surgery",0.99,86,88,67,80,58,72,0.98,0.84,0.81,31939,7778,1895,3912,0.24,0.5,0.01,1,3,3,4,3,1
"D81002","Huntingdon Road Surgery",1,126,127,96,108,94,102,0.99,0.89,0.92,31241,23316,2794,10735,0.12,0.46,0.01,1,5,1,2,1,1
"D81022","Jenner Healthcare",0.93,296,296,159,241,128,152,1,0.66,0.84,14445,17639,4144,8946,0.23,0.51,0.02,3,5,4,4,4,1
"D81038","Kimbolton Medical Centre",1,98,100,74,90,50,54,0.98,0.82,0.93,24128,7330,1921,3738,0.26,0.51,0.01,1,2,4,5,4,1
"D81057","Lakeside Healthcare St Neots",1,269,273,170,212,162,179,0.99,0.8,0.91,15795,21018,4463,10438,0.21,0.5,0.01,3,5,3,4,2,1
"D81001","Lensfield Medical Practice",1,85,86,59,67,47,50,0.99,0.88,0.94,19027,14770,1537,6753,0.1,0.46,0.01,2,5,1,1,1,1
"D81078","Maple Surgery Bar Hill Health Centre",1,29,29,20,23,15,16,1,0.87,0.94,25638,4288,719,2175,0.17,0.51,0.01,1,1,1,3,4,1
"D81064","Mercheford House",1,117,119,78,96,54,60,0.98,0.81,0.9,9566,6789,1859,3456,0.27,0.51,0.02,4,2,5,5,4,1
"D81017","Mill Road Surgery",1,62,63,44,48,31,31,0.98,0.92,1,27441,9215,782,4383,0.08,0.48,0.01,1,3,1,1,1,1
"D81612","Milton Surgery",1,48,48,41,48,33,36,1,0.85,0.92,14985,4986,962,2463,0.19,0.49,0.01,3,1,2,3,2,1
"D81060","Moat House Surgery",0.95,104,105,80,104,48,52,0.99,0.77,0.92,24518,7578,1894,3945,0.25,0.52,0.01,1,2,4,5,5,1
"D81637","Monkfield Medical Practice",1,55,56,53,67,24,26,0.98,0.79,0.92,15175,13773,825,6990,0.06,0.51,0,3,4,1,1,4,1
"Y07059","Nene Valley And Hodgson Medical Practice",1,210,215,159,186,99,104,0.98,0.85,0.95,8387,19234,3171,9603,0.16,0.5,0.01,4,5,3,3,3,1
"D81046","New Queen Street Surgery",1,230,232,155,198,100,109,0.99,0.78,0.92,13094,18975,3324,9515,0.18,0.5,0.01,3,5,3,3,3,1
"D81005","Newnham Walk Surgery",1,70,73,35,43,47,53,0.96,0.81,0.89,30036,15626,1497,6817,0.1,0.44,0,1,5,1,1,1,1
"D81065","Nightingale Medical Centre",0.94,39,44,38,46,12,14,0.89,0.83,0.86,3872,7025,598,3491,0.09,0.5,0.01,5,2,1,1,2,1
"D81008","North Brink Practice",0.92,256,265,193,248,121,144,0.97,0.78,0.84,8731,19764,4215,9544,0.21,0.48,0.01,4,5,3,4,1,1
"D81044","Nuffield Road Medical Centre",1,146,148,108,114,80,87,0.99,0.95,0.92,11275,14281,1977,6823,0.14,0.48,0.01,3,5,2,2,1,1
"D81029","Old Fletton Surgery",0.87,155,168,92,129,63,72,0.92,0.71,0.88,4813,13487,2355,6779,0.17,0.5,0.01,4,4,3,3,3,1
"D81018","Orchard Surgery,Melbourn",0.89,132,143,89,109,75,86,0.92,0.82,0.87,16989,8321,1872,4173,0.22,0.5,0.02,2,3,5,4,3,1
"D81033","Over Surgery",0.9,57,61,38,51,33,40,0.93,0.75,0.82,30756,4975,1127,2540,0.23,0.51,0.01,1,1,3,4,4,1
"D81085","Papworth Surgery",0.99,77,78,61,78,41,44,0.99,0.78,0.93,18804,7524,1321,3773,0.18,0.5,0.01,2,2,2,3,3,1
"Y07025","Park Medical Centre",0.77,109,119,66,102,34,48,0.92,0.65,0.71,8757,8220,1244,3980,0.15,0.48,0.01,4,3,4,2,1,1
"D81015","Parson Drove Surgery",0.73,108,125,97,141,35,49,0.86,0.69,0.71,8012,7253,1930,3591,0.27,0.5,0.02,4,2,5,5,2,1
"D81023","Paston Health Centre",0.95,163,163,133,177,71,75,1,0.75,0.95,664,13768,2096,6795,0.15,0.49,0.01,5,4,3,2,2,1
"D81056","Petersfield Medical Practice",1,29,29,28,32,18,20,1,0.88,0.9,24662,7100,636,3160,0.09,0.45,0,1,2,1,1,1,1
"D81036","Priors Field Surgery",0.66,44,51,43,60,25,29,0.86,0.72,0.86,27784,5122,1145,2565,0.22,0.5,0.01,1,1,2,4,3,1
"D81010","Priory Fields Surgery",1,145,146,89,110,69,76,0.99,0.81,0.91,18372,11399,2039,5457,0.18,0.48,0.01,2,4,3,3,1,1
"D81066","Queen Edith Medical Practice",1,96,98,51,62,61,66,0.98,0.82,0.92,25477,10780,1503,5586,0.14,0.52,0.01,1,4,2,2,5,1
"D81059","Ramsey Health Centre",0.9,117,120,85,100,55,59,0.98,0.85,0.93,13373,7599,1744,3823,0.23,0.5,0.02,3,2,4,4,3,1
"D81054","Red House Surgery",1,97,100,65,82,45,49,0.97,0.79,0.92,30632,21600,1827,9596,0.08,0.44,0,1,5,1,1,1,1
"D81606","Riverport Medical Practice",1,134,143,107,156,64,74,0.94,0.69,0.86,30580,13531,2930,6718,0.22,0.5,0.01,1,4,2,4,2,1
"D81603","Riverside Practice",1,98,99,97,97,40,40,0.99,1,1,10584,7432,1565,3703,0.21,0.5,0.01,3,2,3,4,2,1
"E82132","Roysia Surgery",0.93,46,47,35,48,23,27,0.98,0.73,0.85,13768,6093,1023,3069,0.17,0.5,0.01,3,2,2,3,3,1
"D81049","Spinney Surgery",1,170,173,98,119,82,91,0.98,0.82,0.9,26417,11785,2559,6030,0.22,0.51,0.01,1,4,4,4,4,1
"D81034","St Mary's Surgery",1,244,268,167,208,151,172,0.91,0.8,0.88,22271,18538,4385,9509,0.24,0.51,0.01,2,5,4,4,5,1
"Y02769","St Neots Health Centre",1,38,40,27,31,19,20,0.95,0.87,0.95,15795,8261,780,4131,0.09,0.5,0,3,3,1,1,3,1
"D81021","St. George's Medical Centre",1,154,154,117,140,73,81,1,0.84,0.9,9147,12807,2352,6334,0.18,0.49,0.01,4,4,3,3,2,1
"D81014","Staploe Medical Centre",1,228,229,160,201,104,115,1,0.8,0.9,19629,23618,3798,9943,0.16,0.42,0.01,2,5,2,2,1,1
"D81607","Swavesey Surgery",0.9,30,30,21,30,16,21,1,0.7,0.76,30329,3567,638,1765,0.18,0.49,0.01,1,1,2,3,2,1
"D81645","The Grange Medical Centre",0.96,27,27,17,21,9,9,1,0.81,1,5705,2938,327,1332,0.11,0.45,0.01,4,1,2,1,1,1
"D81050","The Hicks Group Practice",1,172,176,132,153,103,116,0.98,0.86,0.89,16984,17257,3080,8579,0.18,0.5,0.01,2,5,2,3,2,1
"D81625","Thistlemoor Medical Centre",1,141,144,165,195,31,31,0.98,0.85,1,1988,32079,2038,15246,0.06,0.48,0,5,5,1,1,1,1
"Y07060","Thomas Walker Westgate Healthcare",1,201,205,162,189,89,100,0.98,0.86,0.89,8757,24881,3400,11667,0.14,0.47,0.01,4,5,2,2,1,1
"D81615","Thorpe Road",1,98,101,71,93,45,50,0.97,0.76,0.9,16761,11831,1515,5955,0.13,0.5,0.01,2,4,2,2,3,1
"D81622","Trinity Surgery",1,157,157,171,185,77,82,1,0.92,0.94,5588,14329,1995,7253,0.14,0.51,0.01,4,5,3,2,4,1
"D81013","Trumpington Street Medical Practice",1,84,84,64,89,35,36,1,0.72,0.97,25969,21302,1340,9662,0.06,0.45,0,1,5,1,1,1,1
"K83017","Wansford",1,194,197,109,140,93,102,0.98,0.78,0.91,23329,10343,2706,5386,0.26,0.52,0.02,2,4,5,5,5,1
"D81042","Waterbeach And Cottenham Surgeries",0.93,92,94,50,67,54,63,0.98,0.75,0.86,22348,9753,1637,4860,0.17,0.5,0.01,2,3,2,3,3,1
"D81027","Wellside Surgery",1,128,131,73,93,55,64,0.98,0.78,0.86,25364,7957,1632,3992,0.21,0.5,0.02,1,3,4,4,3,1
"D81073","Westwood Clinic",1,40,46,31,46,14,16,0.87,0.67,0.88,5398,5846,646,2822,0.11,0.48,0.01,4,2,2,1,1,1
"D81084","Willingham Medical Practice",0.76,79,89,39,78,29,37,0.89,0.5,0.78,29005,12073,1570,6103,0.13,0.51,0.01,1,4,2,2,3,1
"D81629","Willow Tree Surgery",1,54,57,26,41,25,26,0.95,0.63,0.96,2561,6287,942,2993,0.15,0.48,0.01,5,2,2,2,1,1
"D81070","Woodlands Surgery",1,34,35,35,40,10,10,0.97,0.88,1,19027,11064,749,5144,0.07,0.46,0,2,4,1,1,1,1
"D81031","Yaxley Group Practice",1,219,221,156,190,120,133,0.99,0.82,0.9,23049,20482,3395,10256,0.17,0.5,0.01,2,5,3,3,3,1
"D81003","York Street Medical Practice",1,62,63,51,58,37,39,0.98,0.88,0.95,24180,11074,1284,5290,0.12,0.48,0.01,1,4,1,2,1,1
"E82042","Abbey Road Surgery",1,94,95,97,127,37,41,0.99,0.76,0.9,8747,9461,1335,4819,0.14,0.51,0.01,4,3,2,2,4,1
"E82061","Amwell Surgery",1,189,189,115,132,109,118,1,0.87,0.92,14976,14198,2751,7160,0.19,0.5,0.01,3,5,3,3,3,1
"D81047","Ashwell Surgery",1,92,94,68,86,49,54,0.98,0.79,0.91,20526,8114,1971,4115,0.24,0.51,0.01,2,3,3,4,4,1
"E82053","Bancroft Medical Centre",1,174,177,115,149,93,113,0.98,0.77,0.82,28792,17998,2922,9030,0.16,0.5,0.01,1,5,2,3,3,1
"E82093","Bedwell Medical Centre",1,142,145,115,142,68,82,0.98,0.81,0.83,9356,13653,2184,6723,0.16,0.49,0.01,4,4,3,2,2,1
"E82019","Bridge Cottage Surgery",1,199,204,142,188,128,147,0.98,0.76,0.87,26041,15699,4145,7953,0.26,0.51,0.01,1,5,3,5,4,1
"E82023","Burvill House Surgery",1,98,101,93,113,39,42,0.97,0.82,0.93,16222,12430,1307,5845,0.11,0.47,0.01,2,4,2,1,1,1
"E82100","Central Surgery",1,178,182,117,143,83,92,0.98,0.82,0.9,30530,13750,2845,6864,0.21,0.5,0.01,1,4,3,4,3,1
"E82067","Church Street Partnership",0.95,179,190,117,135,100,111,0.94,0.87,0.9,25485,16620,2895,8255,0.17,0.5,0.01,1,5,3,3,2,1
"E82079","Cromwell Medical Centre",0.87,97,97,80,93,44,50,1,0.86,0.88,13329,9024,1381,4582,0.15,0.51,0.01,3,3,3,2,4,1
"E82081","Cuffley And Goffs Oak Medical Practice",1,142,145,106,129,85,95,0.98,0.82,0.89,22513,13502,2974,6957,0.22,0.52,0.01,2,4,3,4,5,1
"E82092","Dolphin House Surgery",1,205,205,145,180,127,133,1,0.81,0.95,22569,16362,3020,8375,0.18,0.51,0.01,2,5,3,3,4,1
"E82088","Hailey View Surgery",1,118,120,82,101,65,77,0.98,0.81,0.84,21982,10039,1880,5137,0.19,0.51,0.01,2,3,3,3,4,1
"E82062","Hall Grove Group Practice",1,189,193,155,179,146,167,0.98,0.87,0.87,29151,16038,3337,8170,0.21,0.51,0.01,1,5,3,4,4,1
"E82007","Hanscombe House Surgery",1,115,116,91,106,53,57,0.99,0.86,0.93,27335,12258,2257,6325,0.18,0.52,0.01,1,4,2,3,5,1
"E82654","Helix Medical Centre",1,66,67,61,67,32,35,0.99,0.91,0.91,28496,10143,1132,5185,0.11,0.51,0.01,1,3,1,1,4,1
"E82133","High Street Surgery",0.9,59,72,47,64,35,38,0.82,0.73,0.92,10287,8848,1074,4473,0.12,0.51,0.01,3,3,2,2,3,1
"E82086","King George & Manor House Surgeries",0.95,206,207,160,231,109,121,1,0.69,0.9,13380,24259,3460,12015,0.14,0.5,0.01,3,5,2,2,2,1
"E82035","Knebworth & Marymead Practice",1,182,186,134,167,103,117,0.98,0.8,0.88,30498,12943,2606,6506,0.2,0.5,0.01,1,4,4,3,3,1
"E82024","Lea Wharf Medical",1,183,186,138,176,105,119,0.98,0.78,0.88,16880,17287,2968,8765,0.17,0.51,0.01,2,5,3,3,4,1
"E82018","Lister House Surgery",1,121,124,94,125,63,74,0.98,0.75,0.85,6113,14812,1977,7235,0.13,0.49,0.01,4,5,2,2,2,1
"E82021","Much Hadham Health Centre",0.92,75,87,66,78,47,53,0.86,0.85,0.89,24796,6664,1525,3326,0.23,0.5,0.01,1,2,3,4,3,1
"E82102","New River Health",1,183,187,139,164,114,131,0.98,0.85,0.87,22569,18048,3442,9069,0.19,0.5,0.01,2,5,2,3,3,1
"E82090","Park Lane Surgery",1,105,107,88,108,67,72,0.98,0.81,0.93,32015,10120,2409,5051,0.24,0.5,0.01,1,3,2,4,3,1
"E82040","Peartree Lane Surgery",1,241,243,198,251,120,130,0.99,0.79,0.92,10229,21247,3582,10491,0.17,0.49,0.01,3,5,3,3,2,1
"E82058","Potterells Medical Centre",1,124,126,85,100,82,89,0.98,0.85,0.92,25174,17247,2029,7906,0.12,0.46,0.01,1,5,2,2,1,1
"E82075","Regal Chambers Surgery",0.96,198,202,101,129,113,132,0.98,0.78,0.86,28792,12525,2382,6319,0.19,0.5,0.02,1,4,4,3,3,1
"E82056","Shephall Health Centre",0.98,104,111,75,112,42,48,0.94,0.67,0.88,16255,10235,1574,5134,0.15,0.5,0.01,2,4,3,2,3,1
"E82074","South Street Surgery",1,247,247,147,178,103,116,1,0.83,0.89,22291,22882,3514,11460,0.15,0.5,0.01,2,5,3,2,3,1
"Y02639","Spring House Health",1,39,44,38,47,18,20,0.89,0.81,0.9,14857,9806,792,4889,0.08,0.5,0,3,3,1,1,3,1
"E82638","Stanhope Surgery",1,61,62,52,66,23,25,0.98,0.79,0.92,10116,6845,776,3470,0.11,0.51,0.01,3,2,2,1,4,1
"E82005","Stanmore Medical Group",1,508,516,405,509,256,282,0.98,0.8,0.91,22530,49318,7452,24295,0.15,0.49,0.01,2,5,2,2,2,1
"E82115","Stockwell Lodge Med.Ctr.",0.94,109,109,99,128,50,57,1,0.77,0.88,9769,10384,2141,5092,0.21,0.49,0.01,3,4,2,4,2,1
"E82099","The Baldock Surgery",1,189,193,104,140,101,117,0.98,0.74,0.86,25143,12672,2713,6391,0.21,0.5,0.02,1,4,4,4,3,1
"E82082","The Birchwood And Sollershott Surgeries",0.92,248,274,168,222,122,156,0.91,0.76,0.78,30889,18540,4190,9615,0.23,0.52,0.01,1,5,4,4,5,1
"E82038","The Buntingford & Puckeridge Med Prac.",0.99,226,233,170,206,110,115,0.97,0.83,0.96,21364,20264,4474,10287,0.22,0.51,0.01,2,5,3,4,4,1
"E82041","The Garden City Practice",1,87,89,77,93,43,50,0.98,0.83,0.86,29305,12625,1734,6422,0.14,0.51,0.01,1,4,1,2,4,1
"E82661","The Garden City Surgery",0.65,60,69,33,75,30,40,0.87,0.44,0.75,28750,8223,1189,4135,0.14,0.5,0.01,1,3,2,2,3,1
"E82006","The Limes Surgery",0.98,89,95,67,86,64,78,0.94,0.78,0.82,28638,7740,1857,3777,0.24,0.49,0.01,1,3,3,4,2,1
"E82063","The Maples",1,99,102,97,124,52,60,0.97,0.78,0.87,13059,12600,1839,6539,0.15,0.52,0.01,3,4,2,2,5,1
"E82008","The Nevells Road Surgery",1,150,153,92,117,88,97,0.98,0.79,0.91,30889,11309,2147,5794,0.19,0.51,0.01,1,4,3,3,5,1
"E82044","The Portmill Surgery",1,169,174,111,134,94,106,0.97,0.83,0.89,28792,14343,2995,7394,0.21,0.52,0.01,1,5,3,4,5,1
"E82111","The Symonds Green Health Centre",0.96,38,39,44,55,16,21,0.97,0.8,0.76,11697,6447,970,3095,0.15,0.48,0.01,3,2,1,2,1,1
"E82123","Warden Lodge Medical Practice",1,119,121,65,77,69,79,0.98,0.84,0.87,22365,9528,2074,4880,0.22,0.51,0.01,2,3,3,4,4,1
"E82121","Watton Place Clinic",1,62,62,59,74,29,31,1,0.8,0.94,25146,5137,1178,2532,0.23,0.49,0.01,1,1,3,4,2,1
"E82626","Whitwell Surgery",0.97,32,32,30,36,14,15,1,0.83,0.93,18059,2901,651,1458,0.22,0.5,0.01,2,1,3,4,3,1
"E82002","Wrafton House Surgery",0.95,113,114,84,116,49,60,0.99,0.72,0.82,16430,10752,1459,5214,0.14,0.48,0.01,2,4,2,2,1,1
"D83059","Barrack Lane Medical Centre",1,258,258,180,202,102,111,1,0.89,0.92,6142,21437,2617,10307,0.12,0.48,0.01,4,5,3,2,1,1
"D83006","Bildeston Health Centre",1,110,112,72,92,63,71,0.98,0.78,0.89,12930,7373,2301,3801,0.31,0.52,0.02,3,2,4,5,5,1
"D83008","Burlington Primary Care",1,215,217,132,153,70,81,0.99,0.86,0.86,4267,16866,2535,7940,0.15,0.47,0.01,5,5,3,2,1,1
"D83050","Cardinal Medical Practice",1,440,444,255,303,172,196,0.99,0.84,0.88,5087,28417,5323,13898,0.19,0.49,0.02,4,5,4,3,2,1
"D83079","Combs Ford Surgery",1,151,156,112,141,62,73,0.97,0.79,0.85,16914,9362,2114,4698,0.23,0.5,0.02,2,3,4,4,3,1
"D83001","Constable Country Rural Medical Practice",1,204,208,118,146,88,100,0.98,0.81,0.88,26937,11084,3083,5572,0.28,0.5,0.02,1,4,5,5,3,1
"D83041","Debenham Group Practice",1,192,197,120,141,82,92,0.97,0.85,0.89,22498,9807,2720,5004,0.28,0.51,0.02,2,3,5,5,4,1
"D83073","Dr Solway And Dr Roy Practice",1,73,74,43,56,27,31,0.99,0.77,0.87,2191,5978,845,2763,0.14,0.46,0.01,5,2,3,2,1,1
"D83084","Embrace Medical Centre",0.98,123,125,57,71,71,79,0.98,0.8,0.9,17893,6513,1520,3259,0.23,0.5,0.02,2,2,5,4,3,1
"D83043","Eye Health Centre",0.93,97,100,61,70,60,64,0.97,0.87,0.94,16762,6222,1929,3079,0.31,0.49,0.02,2,2,4,5,2,1
"D83004","Felixstowe Road Medical Practice",1,156,156,90,109,64,72,1,0.83,0.89,24239,10252,2346,5080,0.23,0.5,0.02,1,4,4,4,2,1
"D83057","Framfield House Surgery",1,288,290,149,173,156,174,0.99,0.86,0.9,27545,14351,3939,7410,0.27,0.52,0.02,1,5,5,5,5,1
"D83026","Framlingham Surgery",1,178,179,88,108,124,136,0.99,0.81,0.91,17026,9292,2782,4729,0.3,0.51,0.02,2,3,5,5,4,1
"D83069","Fressingfield Medical Centre",1,95,96,61,80,54,62,0.99,0.76,0.87,15779,6432,2027,3257,0.32,0.51,0.01,3,2,4,5,4,1
"D83048","Grove Medical Centre",1,341,345,226,236,172,179,0.99,0.96,0.96,29145,17421,5202,8726,0.3,0.5,0.02,1,5,5,5,3,1
"D83037","Hadleigh Boxford Group Practice",1,325,330,177,211,171,187,0.98,0.84,0.91,10185,16271,4517,8428,0.28,0.52,0.02,3,5,5,5,5,1
"D83081","Haven Health",1,141,141,116,141,53,60,1,0.82,0.88,3591,8507,1885,4339,0.22,0.51,0.02,5,3,4,4,4,1
"D83056","Hawthorn Drive Surgery",1,159,160,79,128,74,87,0.99,0.62,0.85,6217,10822,1639,5520,0.15,0.51,0.01,4,4,4,2,4,1
"D83015","Howard House Surgery",1,203,209,93,105,110,125,0.97,0.89,0.88,14733,8477,2990,4423,0.35,0.52,0.02,3,3,5,5,5,1
"D83024","Ivry Street Medical Practice",1,176,180,109,141,89,105,0.98,0.77,0.85,29804,13820,2925,6899,0.21,0.5,0.01,1,4,3,4,3,1
"D83028","Leiston Surgery",1,199,202,111,132,109,116,0.99,0.84,0.94,8189,9513,2984,4924,0.31,0.52,0.02,4,3,5,5,5,1
"D83049","Little St John Street Surgery",1,162,166,94,113,103,113,0.98,0.83,0.91,21937,6902,2296,3663,0.33,0.53,0.02,2,2,5,5,5,1
"D83080","Martlesham Surgery",1,91,94,56,65,43,50,0.97,0.86,0.86,25121,5907,1600,2928,0.27,0.5,0.02,1,2,4,5,2,1
"D83019","Mendlesham Medical Group",1,147,149,103,124,62,69,0.99,0.83,0.9,17584,7828,2261,3919,0.29,0.5,0.02,2,3,5,5,3,1
"D83017","Needham Market Country Practice",1,232,235,147,169,112,124,0.99,0.87,0.9,29165,13847,3596,6984,0.26,0.5,0.02,1,4,4,5,3,1
"D83074","Orchard Medical Practice",1,161,161,95,112,74,77,1,0.85,0.96,2191,14420,1968,6782,0.14,0.47,0.01,5,5,3,2,1,1
"Y01794","Ravenswood Medical Practice",1,239,241,149,176,100,112,0.99,0.85,0.89,13111,15036,2987,7508,0.2,0.5,0.02,3,5,4,3,3,1
"D83053","Saxmundham Health Centre",0.99,188,190,134,156,97,109,0.99,0.86,0.89,14433,9425,2854,4832,0.3,0.51,0.02,3,3,5,5,5,1
"D83044","Stowhealth",1,308,312,189,233,162,175,0.99,0.81,0.93,17510,23206,4576,11807,0.2,0.51,0.01,2,5,3,3,4,1
"D83051","The Derby Road Practice",1,245,249,171,205,94,104,0.98,0.83,0.9,15463,19329,3305,9784,0.17,0.51,0.01,3,5,3,3,4,1
"D83020","The Holbrook And Shotley Practice",1,164,165,76,90,94,107,0.99,0.84,0.88,22267,8238,2309,4227,0.28,0.51,0.02,2,3,5,5,5,1
"D83054","The Peninsula Practice",1,178,183,79,88,99,105,0.97,0.9,0.94,12955,6767,2368,3395,0.35,0.5,0.03,3,2,5,5,3,1
"D83046","Two Rivers Medical Centre",1,409,415,235,287,188,207,0.99,0.82,0.91,22906,29831,5770,14955,0.19,0.5,0.01,2,5,4,3,3,1
"D83061","Wickham Market Medical Centre",1,186,188,111,133,100,110,0.99,0.83,0.91,13088,9953,2836,5010,0.28,0.5,0.02,3,3,5,5,3,1
"E82105","Abbotswood Medical Centre",1,29,29,31,41,16,18,1,0.76,0.89,26517,4913,670,2423,0.14,0.49,0.01,1,1,1,2,2,1
"E82098","Annandale Medical Centre",1,77,78,66,79,70,75,0.99,0.84,0.93,16451,7681,1794,3959,0.23,0.52,0.01,2,3,2,4,5,1
"E82643","Archway Surgery",0.94,23,23,19,23,13,13,1,0.83,1,27546,2772,578,1392,0.21,0.5,0.01,1,1,2,4,3,1
"E82124","Attenborough Surgery",1,215,219,201,262,157,169,0.98,0.77,0.93,29819,33240,5201,16826,0.16,0.51,0.01,1,5,1,2,4,1
"E82032","Bennetts End Surgery",1,123,124,132,154,67,73,0.99,0.86,0.92,16252,15280,2652,7644,0.17,0.5,0.01,2,5,2,3,3,1
"E82013","Bridgewater Surgeries",1,286,290,241,298,146,161,0.99,0.81,0.91,15506,35743,4473,18051,0.13,0.51,0.01,3,5,2,2,3,1
"E82064","Chorleywood Health Centre",1,79,81,56,68,63,71,0.98,0.82,0.89,32207,7504,1514,3801,0.2,0.51,0.01,1,2,3,4,4,1
"E82020","Consulting Rooms",0.89,54,56,54,69,27,29,0.96,0.78,0.93,11758,6680,1107,3206,0.17,0.48,0.01,3,2,2,3,1,1
"E82077","Davenport House Surgery",1,144,145,96,125,79,89,0.99,0.77,0.89,29146,12683,2311,6301,0.18,0.5,0.01,1,4,3,3,2,1
"E82071","Elms Medical Practice",1,205,209,107,139,84,97,0.98,0.77,0.87,33412,17197,2724,8569,0.16,0.5,0.01,1,5,3,2,2,1
"E82051","Everest House Surgery",1,118,120,118,136,73,79,0.98,0.87,0.92,6804,14451,2527,7204,0.17,0.5,0.01,4,5,2,3,3,1
"E82012","Fairbrook Medical Centre",1,114,117,112,140,74,82,0.97,0.8,0.9,8130,14444,2069,7252,0.14,0.5,0.01,4,5,2,2,3,1
"E82022","Fernville Surgery",1,185,186,135,165,72,78,0.99,0.82,0.92,13367,18346,2706,9207,0.15,0.5,0.01,3,5,2,2,3,1
"E82068","Gade Surgery",1,108,109,87,108,81,92,0.99,0.81,0.88,30109,12158,2347,6068,0.19,0.5,0.01,1,4,2,3,3,1
"E82017","Garston Medical Centre",1,76,78,71,86,46,51,0.97,0.83,0.9,27549,12902,1672,6369,0.13,0.49,0.01,1,4,1,2,2,1
"E82652","Gossoms End Surgery",1,38,39,27,34,18,20,0.97,0.79,0.9,28651,3218,566,1560,0.18,0.48,0.01,1,1,3,3,1,1
"E82059","Grange Street Surgery",1,71,71,57,66,63,68,1,0.86,0.93,25700,10591,1826,5422,0.17,0.51,0.01,1,4,1,3,4,1
"E82050","Grove Hill Medical Centre",1,41,46,38,53,17,17,0.89,0.72,1,8319,5218,836,2595,0.16,0.5,0.01,4,1,2,2,2,1
"E82084","Harvey Group Practice",1,128,128,96,113,63,70,1,0.85,0.9,25700,14103,2223,7027,0.16,0.5,0.01,1,5,2,2,2,1
"E82004","Hatfield Road Surgery",1,17,17,17,22,7,7,1,0.77,1,20573,5113,436,2286,0.09,0.45,0,2,1,1,1,1,1
"E82066","Haverfield Surgery",1,28,28,19,20,21,23,1,0.95,0.91,32698,3710,690,1854,0.19,0.5,0.01,1,1,2,3,3,1
"E82078","Highview Medical Centre",1,103,106,72,98,71,80,0.97,0.73,0.89,16451,10052,1869,5291,0.19,0.53,0.01,2,3,2,3,5,1
"E82129","Kings Langley Surgery",1,148,149,102,130,96,106,0.99,0.78,0.91,24867,15563,3079,7932,0.2,0.51,0.01,1,5,2,3,4,1
"E82009","Lincoln House Surgery",1,164,167,122,175,111,124,0.98,0.7,0.9,17441,23137,3186,11519,0.14,0.5,0.01,2,5,2,2,2,1
"E82657","Little Bushey Surgery",1,60,60,44,53,51,54,1,0.83,0.94,33256,6349,1452,3321,0.23,0.52,0.01,1,2,2,4,5,1
"E82014","Lodge,Highfield & Redbourn",1,221,224,154,193,124,140,0.99,0.8,0.89,29445,19783,3370,10015,0.17,0.51,0.01,1,5,3,3,4,1
"E82031","Maltings Surgery",1,121,122,84,114,77,86,0.99,0.74,0.9,19509,19024,2297,9381,0.12,0.49,0.01,2,5,1,2,2,1
"E82073","Manor View Practice",1,351,353,282,353,187,196,0.99,0.8,0.95,29819,48013,6482,24252,0.14,0.51,0.01,1,5,2,2,3,1
"E82055","Midway Surgery",1,148,152,117,146,92,104,0.97,0.8,0.88,30325,13546,3051,6856,0.23,0.51,0.01,1,4,3,4,4,1
"E82106","New Road Surgery",1,164,170,92,122,112,138,0.96,0.75,0.81,29763,14037,3069,7183,0.22,0.51,0.01,1,5,3,4,4,1
"E82060","Parkbury House Surgery",0.95,167,184,100,140,97,113,0.91,0.71,0.86,25813,22192,3298,11213,0.15,0.51,0.01,1,5,2,2,3,1
"E82027","Parkfield Medical Centre",1,175,175,115,137,129,141,1,0.84,0.91,25895,12775,2783,6476,0.22,0.51,0.01,1,4,4,4,4,1
"E82091","Parkwood Surgery",0.9,212,239,127,220,84,123,0.89,0.58,0.68,13773,17407,3208,8711,0.18,0.5,0.01,3,5,4,3,3,1
"E82001","Rothschild House Group",1,475,482,340,392,261,290,0.99,0.87,0.9,30321,43992,9093,22193,0.21,0.5,0.01,1,5,3,4,3,1
"E82043","Schopwick Surgery",1,203,205,139,163,124,135,0.99,0.85,0.92,14587,15073,3181,7722,0.21,0.51,0.01,3,5,4,4,5,1
"E82096","Sheepcot Medical Centre",1,84,86,57,74,49,55,0.98,0.77,0.89,26613,10705,1872,5498,0.17,0.51,0.01,1,4,2,3,5,1
"E82655","South Oxhey Surgery",0.99,26,26,33,36,11,12,1,0.92,0.92,11758,4161,515,2150,0.12,0.52,0.01,3,1,1,2,5,1
"E82107","Summerfield Health Centre",1,90,90,69,79,51,53,1,0.87,0.96,21586,10509,1607,5291,0.15,0.5,0.01,2,4,2,2,3,1
"E82015","Suthergrey House Medical Centre",1,58,59,72,83,47,48,0.98,0.87,0.98,15769,8765,1595,4262,0.18,0.49,0.01,3,3,1,3,2,1
"E82083","The Colne Practice",0.98,113,116,96,118,65,69,0.97,0.81,0.94,30109,10264,2086,5292,0.2,0.52,0.01,1,4,3,4,5,1
"E82069","The Elms Surgery",1,43,44,35,46,31,32,0.98,0.76,0.97,21409,9040,775,4385,0.09,0.49,0,2,3,1,1,1,1
"E82117","The Grove Medical Centre",1,111,113,96,124,58,67,0.98,0.77,0.87,6318,12847,1647,6375,0.13,0.5,0.01,4,4,2,2,2,1
"E82094","The Manor Street Surgery",1,117,119,77,96,69,79,0.98,0.8,0.87,28097,12404,2392,6364,0.19,0.51,0.01,1,4,2,3,5,1
"E82085","The Red House Group",1,173,175,128,159,119,133,0.99,0.81,0.89,26859,18831,3855,9379,0.2,0.5,0.01,1,5,2,4,2,1
"E82113","Verulam Medical Group",0.65,31,37,31,45,8,13,0.84,0.69,0.62,21787,7254,972,3542,0.13,0.49,0.01,2,2,1,2,2,1
"E82037","Village Surgery",1,210,212,119,140,134,141,0.99,0.85,0.95,29146,15597,3500,8004,0.22,0.51,0.01,1,5,3,4,5,1
"E82046","Vine House Health Centre",0.97,139,141,93,114,76,88,0.99,0.82,0.86,32064,10676,2299,5370,0.22,0.5,0.01,1,4,3,4,3,1
"E82045","Watford Health Centre",1,104,106,114,132,58,65,0.98,0.86,0.89,8996,19450,1815,8956,0.09,0.46,0.01,4,5,1,1,1,1
"E82070","Woodhall Farm Medical Ctr",1,22,22,22,23,4,4,1,0.96,1,16948,3400,350,1653,0.1,0.49,0.01,2,1,1,1,2,1
"F81114","Baddow Village Surgery",1,251,255,119,160,136,172,0.98,0.74,0.79,30457,13580,3228,6983,0.24,0.51,0.02,1,4,5,4,5,1
"F81100","Beacon Health Group-Danbury Medical Ctr",1,350,356,204,266,158,181,0.98,0.77,0.87,11468,24591,5453,12313,0.22,0.5,0.01,3,5,4,4,3,1
"F81083","Beauchamp House",0.99,179,183,103,119,87,98,0.98,0.87,0.89,15042,12137,2245,6126,0.18,0.5,0.02,3,4,4,3,3,1
"F81099","Blackwater Medical Centre",1,148,148,93,122,73,84,1,0.76,0.87,12698,12383,3468,6251,0.28,0.5,0.01,3,4,3,5,3,1
"F81132","Blandford Medical Centre",0.92,180,195,140,199,109,129,0.92,0.7,0.84,11865,17696,3674,8964,0.21,0.51,0.01,3,5,3,4,4,1
"F81683","Blyth's Meadow Surgery",0.96,100,111,58,91,42,45,0.9,0.64,0.93,15487,10415,1406,5286,0.13,0.51,0.01,3,4,3,2,4,1
"F81126","Burnham Surgery",1,167,169,119,144,82,90,0.99,0.83,0.91,22771,9819,2835,4958,0.29,0.5,0.02,2,3,5,5,3,1
"F81122","Chelmer Medical Partnership",0.81,450,464,309,413,190,215,0.97,0.75,0.88,4328,32369,6194,16301,0.19,0.5,0.01,5,5,4,3,3,1
"F81665","Chelmer Village Surgery",0.91,39,50,26,40,24,27,0.78,0.65,0.89,29877,5118,730,2517,0.14,0.49,0.01,1,1,2,2,2,1
"F81014","Church Lane Surgery",0.97,132,133,93,113,73,77,0.99,0.82,0.95,14614,12057,2202,5969,0.18,0.5,0.01,3,4,3,3,2,1
"F81635","Collingwood Road Surgery",0.61,30,39,20,32,12,17,0.77,0.62,0.71,20726,2579,375,1256,0.15,0.49,0.02,2,1,4,2,2,1
"F81173","Douglas Grove Surgery",0.88,57,61,42,66,18,19,0.93,0.64,0.95,12641,6475,915,3263,0.14,0.5,0.01,3,2,2,2,3,1
"F81030","Fern House Surgery",1,195,196,137,178,113,127,0.99,0.77,0.89,12874,16960,3614,8708,0.21,0.51,0.01,3,5,3,4,5,1
"F81674","Greenwood And Wyncroft Surgery",0.96,114,117,98,117,37,49,0.97,0.84,0.76,22490,11306,2444,5674,0.22,0.5,0.01,2,4,2,4,3,1
"Y00293","Hedingham Medical Centre",1,122,124,97,123,51,57,0.98,0.79,0.89,20024,9369,2246,4725,0.24,0.5,0.01,2,3,3,4,3,1
"F81011","Kelvedon & Feering Health Centre",0.99,99,99,72,92,41,45,1,0.78,0.91,26893,7993,1703,4018,0.21,0.5,0.01,1,3,3,4,3,1
"F81170","Kingsway Surgery",1,147,147,106,132,59,67,1,0.8,0.88,26373,13716,3125,6955,0.23,0.51,0.01,1,4,3,4,4,1
"F81105","Little Waltham & Gt Notley Surgery",0.98,223,228,190,204,96,104,0.98,0.93,0.92,17640,20957,3780,10779,0.18,0.51,0.01,2,5,3,3,5,1
"F81022","Longfield Medical Centre",1,254,261,151,191,154,175,0.97,0.79,0.88,12698,16245,4052,8408,0.25,0.52,0.02,3,5,4,5,5,1
"F81087","Mount Chambers Medical Practice",1,196,201,103,162,103,123,0.98,0.64,0.84,11865,13760,3017,6949,0.22,0.51,0.01,3,4,4,4,3,1
"Y02611","North Chelmsford Nhs Hcc",1,76,76,64,77,36,39,1,0.83,0.92,27399,16117,1189,8357,0.07,0.52,0,1,5,1,1,5,1
"F81071","Rivermead Gate Med.Ctr.",1,134,137,68,78,59,72,0.98,0.87,0.82,22220,14447,1802,7065,0.12,0.49,0.01,2,5,2,2,2,1
"Y05023","Silver End Surgery",0.87,41,41,34,41,24,25,1,0.83,0.96,10827,5007,937,2539,0.19,0.51,0.01,3,1,2,3,4,1
"F81040","Stock Surgery",1,94,96,44,59,53,61,0.98,0.75,0.87,13702,4739,1383,2397,0.29,0.51,0.02,3,1,5,5,4,1
"F81117","Sutherland Lodge Surgery",1,95,95,69,78,66,72,1,0.88,0.92,8036,9868,1726,4756,0.17,0.48,0.01,4,3,2,3,1,1
"F81730","The Coggeshall Surgery",0.99,109,112,80,94,50,53,0.97,0.85,0.94,12386,6959,1781,3572,0.26,0.51,0.02,3,2,4,5,5,1
"F81183","The Dengie Medical Partnership",0.98,114,120,72,88,51,62,0.95,0.82,0.82,10117,5770,1630,2878,0.28,0.5,0.02,3,2,5,5,3,1
"F81068","The Elizabeth Courtauld Surgery",0.95,272,299,124,205,132,172,0.91,0.6,0.77,15677,16808,3786,8653,0.23,0.51,0.02,3,5,5,4,5,1
"F81020","The Freshford Practice",1,120,123,98,120,48,55,0.98,0.82,0.87,17624,8119,2185,4063,0.27,0.5,0.02,2,3,4,5,3,1
"F81149","The Laurels Surgery",1,198,205,107,140,96,104,0.97,0.76,0.92,12500,11414,2556,5809,0.22,0.51,0.02,3,4,5,4,4,1
"F81119","The Pump House Surgery",0.75,109,125,74,107,39,51,0.87,0.69,0.76,26647,8280,2132,4221,0.26,0.51,0.02,1,3,4,5,4,1
"F81076","The Tollesbury Practice",1,54,55,44,50,30,32,0.98,0.88,0.94,12527,4667,1293,2342,0.28,0.5,0.01,3,1,3,5,3,1
"F81751","The Trinity Medical Practice",1,57,58,43,53,19,24,0.98,0.81,0.79,19939,4415,853,2185,0.19,0.49,0.01,2,1,3,3,2,1
"F81098","The Writtle Surgery",0.77,114,118,74,100,65,81,0.97,0.74,0.8,30645,8167,2074,4224,0.25,0.52,0.01,1,3,4,5,5,1
"F81057","Whitley House Surgery",1,192,199,97,119,93,110,0.96,0.82,0.85,24795,14911,2363,7543,0.16,0.51,0.01,1,5,3,2,4,1
"F81130","William Fisher Med.Ctr.",1,76,76,69,77,39,42,1,0.9,0.93,17511,6053,1470,3045,0.24,0.5,0.01,2,2,3,4,3,1
"F81193","Witham Health Centre",1,69,71,66,84,32,36,0.97,0.79,0.89,20726,7084,1169,3635,0.17,0.51,0.01,2,2,2,3,5,1
"F81095","Abbey Field Medical Centre",1,231,237,168,200,77,83,0.97,0.84,0.93,26492,21897,2895,10809,0.13,0.49,0.01,1,5,3,2,2,1
"F81067","Ambrose Avenue Group Practice",1,243,250,126,164,117,133,0.97,0.77,0.88,31381,14236,3496,7277,0.25,0.51,0.02,1,5,5,5,4,1
"F81746","Bluebell Surgery",0.71,12,12,8,12,6,6,1,0.67,1,21496,3714,272,1842,0.07,0.5,0,2,1,1,1,2,1
"F81026","Caradoc Surgery",0.93,205,211,93,125,126,146,0.97,0.74,0.86,19164,8573,3711,4576,0.43,0.53,0.02,2,3,5,5,5,1
"F81681","Clacton Community Practices",0.97,420,425,281,345,154,172,0.99,0.81,0.9,948,15946,6073,8109,0.38,0.51,0.03,5,5,5,5,4,1
"F81042","Colchester Medical Practice",1,421,425,298,364,173,191,0.99,0.82,0.91,10833,41280,6889,20909,0.17,0.51,0.01,3,5,2,3,4,1
"F81116","Colne Medical Centre",1,230,237,150,201,109,124,0.97,0.75,0.88,10889,10863,3136,5521,0.29,0.51,0.02,3,4,5,5,4,1
"F81115","Creffield Medical Group",0.9,388,447,220,306,177,216,0.87,0.72,0.82,19402,27780,6309,14197,0.23,0.51,0.02,2,5,4,4,4,1
"F81091","East Hill Surgery",1,96,97,71,81,70,74,0.99,0.88,0.95,10833,9477,1629,4807,0.17,0.51,0.01,3,3,2,3,4,1
"F81037","East Lynne Medical Centre",1,153,161,108,138,67,75,0.95,0.78,0.89,176,8582,1893,4299,0.22,0.5,0.02,5,3,5,4,3,1
"F81221","Fronks Rd Family Surgery",0.71,47,58,43,66,13,15,0.81,0.65,0.87,7977,5067,1234,2534,0.24,0.5,0.01,4,1,3,4,3,1
"F81021","Great Bentley Surgery",1,199,202,129,175,77,89,0.99,0.74,0.87,17866,11652,3330,5894,0.29,0.51,0.02,2,4,5,5,4,1
"F81606","Harewood Surgery",1,41,41,44,47,25,26,1,0.94,0.96,12456,2898,880,1501,0.3,0.52,0.01,3,1,4,5,5,1
"F81679","Highwoods Surgery",0.94,92,106,64,82,44,46,0.87,0.78,0.96,8181,7826,1155,3907,0.15,0.5,0.01,4,3,3,2,3,1
"F81633","Lawford Surgery",0.99,60,62,32,43,24,26,0.97,0.74,0.92,15697,4836,1031,2465,0.21,0.51,0.01,3,1,3,4,4,1
"F81019","Mayflower Medical Centre",1,294,303,199,258,132,154,0.97,0.77,0.86,3289,17655,4225,9096,0.24,0.52,0.02,5,5,5,4,5,1
"F81636","Mill Road Surgery",1,141,142,113,133,44,47,0.99,0.85,0.94,22932,18122,2063,9198,0.11,0.51,0.01,2,5,2,1,4,1
"F81741","North Clacton Medical Practice",0.94,196,201,151,180,103,110,0.98,0.84,0.94,11715,10920,3453,5553,0.32,0.51,0.02,3,4,5,5,4,1
"F81212","Old Road Surgery",0.96,163,177,141,174,38,44,0.92,0.81,0.86,176,9986,1948,4924,0.2,0.49,0.02,5,3,5,3,2,1
"F81156","Ranworth Surgery",0.98,169,173,114,138,76,83,0.98,0.83,0.92,176,9353,2176,4799,0.23,0.51,0.02,5,3,5,4,5,1
"F81141","Rowhedge Surgery",1,83,85,49,59,44,44,0.98,0.83,1,21466,16223,1063,6230,0.07,0.38,0.01,2,5,1,1,1,1
"F81052","St. James Surgery",1,311,314,203,274,150,192,0.99,0.74,0.78,9126,15246,4896,8054,0.32,0.53,0.02,4,5,5,5,5,1
"F81044","The Ardleigh Surgery",1,125,125,73,93,70,78,1,0.78,0.9,26363,7444,2008,3837,0.27,0.52,0.02,1,2,4,5,5,1
"F81757","The Riverside Health Ctr",0.99,84,87,71,93,44,50,0.97,0.76,0.88,17777,6710,1637,3515,0.24,0.52,0.01,2,2,3,4,5,1
"F81213","Thorpe Surgery",1,121,123,104,116,61,63,0.98,0.9,0.97,8488,7556,2366,3871,0.31,0.51,0.02,4,2,4,5,5,1
"F81133","Tiptree Medical Centre",1,176,178,126,156,84,95,0.99,0.81,0.88,21510,12120,3330,6247,0.27,0.52,0.01,2,4,4,5,5,1
"F81716","Tollgate Health Centre",0.96,92,99,65,84,48,53,0.93,0.77,0.91,20161,10213,1355,5344,0.13,0.52,0.01,2,4,2,2,5,1
"Y02646","Turner Road Surgery",0.99,44,44,47,60,8,9,1,0.78,0.89,17870,10539,543,5299,0.05,0.5,0,2,4,1,1,3,1
"F81017","Walton Medical Centre",0.86,153,167,137,176,103,117,0.92,0.78,0.88,2925,8262,3166,4331,0.38,0.52,0.02,5,3,5,5,5,1
"F81012","West Mersea Surgery",1,171,176,91,112,95,108,0.97,0.81,0.88,25238,7338,2744,3778,0.37,0.51,0.02,1,2,5,5,5,1
"F81069","Winstree Medical Practice",0.88,72,84,44,62,29,38,0.86,0.71,0.76,14810,8489,1573,4268,0.19,0.5,0.01,3,3,2,3,3,1
"F81028","Wivenhoe Surgery",0.97,97,104,55,88,55,67,0.93,0.62,0.82,28327,9129,2266,4688,0.25,0.51,0.01,1,3,3,5,5,1
"F81010","Aveley Medical Centre",0.94,114,125,103,122,48,49,0.91,0.84,0.98,14576,12376,1822,6151,0.15,0.5,0.01,3,4,2,2,2,1
"F81155","Balfour Medical Centre",1,63,63,52,70,29,30,1,0.74,0.97,22951,5480,840,2686,0.15,0.49,0.01,2,2,3,2,2,1
"F81113","Chafford Hundred Medical Centre",1,99,101,89,113,25,28,0.98,0.79,0.89,25229,14568,1297,7353,0.09,0.5,0.01,1,5,1,1,3,1
"F81206","Commonwealth Health Centre",1,56,56,66,67,13,13,1,0.99,1,5992,5983,563,3032,0.09,0.51,0.01,4,2,2,1,4,1
"F81219","Dell Medical Centre",1,94,94,77,90,35,40,1,0.86,0.88,12970,5396,1007,2725,0.19,0.51,0.02,3,2,5,3,3,1
"F81669","Derry Court Medical Practice",1,57,60,59,75,13,13,0.95,0.79,1,12715,7174,539,3621,0.08,0.5,0.01,3,2,2,1,3,1
"F81697","Dr Devaraja Vc Practice",1,29,29,46,49,20,22,1,0.94,0.91,20144,2960,683,1412,0.23,0.48,0.01,2,1,2,4,1,1
"F81211","Dr Yadava N Practice",1,46,47,37,43,13,14,0.98,0.86,0.93,18305,5198,674,2589,0.13,0.5,0.01,2,1,2,2,2,1
"F81632","Dr Yasin Sa Practice",0.98,50,51,51,66,13,14,0.98,0.77,0.93,5682,5714,524,2951,0.09,0.52,0.01,4,2,2,1,5,1
"F81153","Hassengate Medical Centre",0.94,176,195,167,208,85,94,0.9,0.8,0.9,13342,12984,2609,6749,0.2,0.52,0.02,3,4,4,3,5,1
"F81198","Horndon-On-The-Hill Surgery",0.88,44,45,34,42,16,17,0.98,0.81,0.94,23463,2657,605,1314,0.23,0.49,0.02,1,1,4,4,2,1
"F81623","Kadim Primecare Medical Centre",1,22,22,23,25,6,6,1,0.92,1,9406,2409,392,1131,0.16,0.47,0.01,4,1,2,3,1,1
"F81652","Medic House",1,102,103,79,81,65,65,0.99,0.98,1,5992,5331,1049,2742,0.2,0.51,0.02,4,2,5,3,5,1
"F81641","Milton Road Surgery",0.99,47,47,33,36,31,34,1,0.92,0.91,4632,7646,939,3666,0.12,0.48,0.01,4,2,1,2,1,1
"F81177","Neera Medical Centre",1,50,54,37,44,27,29,0.93,0.84,0.93,18465,4422,752,2225,0.17,0.5,0.01,2,1,3,3,3,1
"Y00999","Oddfellows Hall & St Clements",1,67,69,73,79,17,18,0.97,0.92,0.94,12970,11613,975,5798,0.08,0.5,0.01,3,4,1,1,3,1
"F81137","Orsett Surgery",1,86,88,90,109,47,52,0.98,0.83,0.9,21046,7343,1641,3759,0.22,0.51,0.01,2,2,3,4,4,1
"F81134","Peartree Surgery & West Horndon Surgery",1,108,109,83,94,36,43,0.99,0.88,0.84,9688,7647,1274,3894,0.17,0.51,0.01,4,2,4,3,4,1
"Y00033","Purfleet Care Centre",1,38,38,41,46,5,5,1,0.89,1,23843,6785,408,3316,0.06,0.49,0.01,1,2,1,1,2,1
"F81708","Sai Medical Centre",0.95,107,113,81,111,33,37,0.95,0.73,0.89,1580,11800,1385,5971,0.12,0.51,0.01,5,4,2,2,4,1
"F81197","Sancta Maria Medical Centre",1,19,19,20,26,3,3,1,0.77,1,5990,2637,385,1300,0.15,0.49,0.01,4,1,2,2,2,1
"F81088","Southend Road Surgery",0.78,34,39,29,41,9,10,0.87,0.71,0.9,25113,2673,498,1326,0.19,0.5,0.01,1,1,4,3,2,1
"F81192","Stifford Clays Medical Centre",1,200,203,149,180,82,87,0.99,0.83,0.94,14363,10253,2225,5224,0.22,0.51,0.02,3,4,5,4,4,1
"F81082","The Rigg-Milner Medical Centre",0.92,62,68,30,52,33,38,0.91,0.58,0.87,11661,4435,986,2145,0.22,0.48,0.02,3,1,4,4,1,1
"Y02807","Thurrock Health Centre",0.98,56,58,59,74,5,5,0.97,0.8,1,4632,12907,496,6346,0.04,0.49,0,4,4,1,1,2,1
"F81110","Tilbury Health Centre",1,127,133,128,135,40,40,0.95,0.95,1,3832,12181,1522,6224,0.12,0.51,0.01,5,4,3,2,4,1
"F81184","Abridge Surgery",1,54,54,39,49,33,37,1,0.8,0.89,16403,4178,1010,2061,0.24,0.49,0.01,2,1,3,4,2,1
"F81181","Addison House - Haque Practice",1,236,238,174,204,67,73,0.99,0.85,0.92,14823,23245,2615,11444,0.11,0.49,0.01,3,5,2,1,2,1
"F81090","Angel Lane Surgery",0.89,107,108,78,93,49,60,0.99,0.84,0.82,22301,11619,2481,5957,0.21,0.51,0.01,2,4,2,4,5,1
"F81062","Chigwell Medical Centre",1,78,80,60,79,48,49,0.98,0.76,0.98,18374,9050,1668,4638,0.18,0.51,0.01,2,3,2,3,5,1
"F81078","Church Langley Medical Practice",1,76,77,84,94,33,34,0.99,0.89,0.97,19270,11829,1552,5963,0.13,0.5,0.01,2,4,1,2,3,1
"F81015","Crocus Medical Practice",1,141,143,96,116,96,103,0.99,0.83,0.93,31063,12672,2596,6434,0.2,0.51,0.01,1,4,3,4,4,1
"F81152","Forest Practice",1,107,107,86,103,54,58,1,0.83,0.93,11983,11976,1972,6167,0.16,0.51,0.01,3,4,2,3,5,1
"F81072","High Street Surgery, Epping",0.92,81,89,54,77,41,45,0.91,0.7,0.91,17315,8186,1601,4167,0.2,0.51,0.01,2,3,3,3,4,1
"F81118","John Tasker House Surgery",0.97,165,170,136,175,89,101,0.97,0.78,0.88,22301,14481,2868,7321,0.2,0.51,0.01,2,5,3,3,3,1
"F81169","Kings Medical Centre",1,77,83,57,66,58,62,0.93,0.86,0.94,28853,8000,1592,4071,0.2,0.51,0.01,1,3,2,3,4,1
"F81027","Lister Medical Centre",1,152,153,142,160,72,74,0.99,0.89,0.97,12831,20991,2982,10287,0.14,0.49,0.01,3,5,2,2,2,1
"F81048","Loughton Health Centre",0.89,119,121,65,86,65,75,0.98,0.76,0.87,25762,10017,2108,5048,0.21,0.5,0.01,1,3,3,4,3,1
"F81749","Market Square Surgery",1,166,168,135,174,69,71,0.99,0.78,0.97,10728,14689,2541,7388,0.17,0.5,0.01,3,5,3,3,3,1
"F81725","Maynard Court Surgery",1,104,106,94,116,53,57,0.98,0.81,0.93,14554,9673,1616,4769,0.17,0.49,0.01,3,3,3,3,2,1
"F81034","Newport Surgery",0.99,112,114,75,95,74,84,0.98,0.79,0.88,25249,9596,2486,4866,0.26,0.51,0.01,1,3,3,5,4,1
"F81120","Nuffield House Health Centre",0.9,123,148,100,141,45,55,0.83,0.71,0.82,13538,13043,2075,6506,0.16,0.5,0.01,3,4,3,2,3,1
"F81056","Old Harlow Health Centre",1,142,145,106,131,57,65,0.98,0.81,0.88,17961,11796,2165,6021,0.18,0.51,0.01,2,4,3,3,4,1
"F81049","Ongar Health Centre",0.97,203,209,139,171,106,122,0.97,0.81,0.87,14016,12879,3064,6633,0.24,0.52,0.02,3,4,4,4,5,1
"F81165","Palmerston Road Surgery",1,26,26,33,34,15,15,1,0.97,1,28853,4642,940,2336,0.2,0.5,0.01,1,1,1,4,3,1
"F81053","Peacock Surgery",1,164,168,118,143,89,101,0.98,0.83,0.88,27780,20614,3637,10381,0.18,0.5,0.01,1,5,2,3,3,1
"F81619","Sydenham House Surgery",1,24,24,22,27,7,7,1,0.81,1,11181,3967,636,1924,0.16,0.49,0.01,3,1,1,2,1,1
"F81131","Thaxted Surgery",1,121,122,94,115,72,76,0.99,0.82,0.95,18824,9215,2144,4687,0.23,0.51,0.01,2,3,3,4,4,1
"F81004","The Eden Surgeries",1,133,137,98,111,60,64,0.97,0.88,0.94,27254,9343,2068,4731,0.22,0.51,0.01,1,3,4,4,4,1
"F81009","The Gold Street Surgery",1,130,132,91,109,84,95,0.98,0.83,0.88,25729,11098,2547,5626,0.23,0.51,0.01,1,4,3,4,4,1
"F81047","The Hamilton Practice",1,143,145,110,136,54,61,0.99,0.81,0.89,6730,11104,1868,5641,0.17,0.51,0.01,4,4,3,3,4,1
"F81043","The Limes Medical Centre",0.92,228,230,143,203,147,172,0.99,0.7,0.85,21630,18374,4505,9477,0.25,0.52,0.01,2,5,3,5,5,1
"F81136","The Loughton Surgery",0.92,81,86,58,69,41,45,0.94,0.84,0.91,32442,14638,1947,7464,0.13,0.51,0.01,1,5,1,2,4,1
"F81216","The River Surgery",0.99,43,43,45,54,33,34,1,0.83,0.97,23046,4512,848,2353,0.19,0.52,0.01,2,1,2,3,5,1
"F81106","The Ross Practice",1,121,121,79,89,44,49,1,0.89,0.9,6730,10811,1633,5516,0.15,0.51,0.01,4,4,3,2,4,1
"D83005","Angel Hill Surgery",1,196,201,138,157,129,147,0.98,0.88,0.88,19113,14140,3770,7201,0.27,0.51,0.01,2,5,4,5,4,1
"D83033","Botesdale Health Centre",1,167,169,100,123,78,85,0.99,0.81,0.92,18812,10008,3117,5064,0.31,0.51,0.02,2,3,4,5,4,1
"Y00774","Brandon Medical Practice",1,76,77,50,62,36,38,0.99,0.81,0.95,5606,5174,1291,2458,0.25,0.48,0.01,4,1,4,5,1,1
"D83076","Clare Guildhall Surgery",0.86,88,90,60,91,56,67,0.98,0.66,0.84,20039,5438,1800,2740,0.33,0.5,0.02,2,2,4,5,3,1
"D83062","Forest Surgery",1,162,162,94,122,68,68,1,0.77,1,5606,7526,2055,3770,0.27,0.5,0.02,4,2,5,5,3,1
"D83064","Glemsford Surgery",1,62,64,36,39,31,36,0.97,0.92,0.86,13440,4675,1417,2329,0.3,0.5,0.01,3,1,4,5,2,1
"D83060","Hardwicke House Group Practice",1,335,338,232,291,200,219,0.99,0.8,0.91,19060,24248,6092,12407,0.25,0.51,0.01,2,5,4,5,4,1
"D83021","Haverhill Family Practice",0.91,221,224,157,187,91,102,0.99,0.84,0.89,14289,19773,3235,10098,0.16,0.51,0.01,3,5,3,3,4,1
"D83007","Ixworth Surgery",1,135,137,74,97,67,78,0.99,0.76,0.86,21773,9428,2592,4878,0.27,0.52,0.01,2,3,4,5,5,1
"D83045","Lakenheath Surgery",0.95,82,82,58,71,35,42,1,0.82,0.83,19044,5524,1335,2794,0.24,0.51,0.01,2,2,4,4,4,1
"D83018","Market Cross Surgery",1,148,155,137,157,73,81,0.95,0.87,0.9,18713,12794,2911,6438,0.23,0.5,0.01,2,4,3,4,3,1
"D83038","Mount Farm Surgery",1,216,218,112,147,124,141,0.99,0.76,0.88,31047,15995,3379,8237,0.21,0.51,0.01,1,5,4,4,5,1
"D83067","Oakfield Surgery",1,82,84,55,74,45,48,0.98,0.74,0.94,6671,8072,1402,4067,0.17,0.5,0.01,4,3,2,3,3,1
"D83027","Orchard House Surgery",1,112,113,103,124,72,80,0.99,0.83,0.9,21236,11888,2294,6002,0.19,0.5,0.01,2,4,2,3,3,1
"D83075","Siam Surgery",1,164,165,109,114,82,83,0.99,0.96,0.99,22741,12713,2842,6540,0.22,0.51,0.01,2,4,3,4,5,1
"D83070","Stanton Surgery",0.75,80,81,53,65,38,43,0.99,0.82,0.88,21314,5199,1593,2665,0.31,0.51,0.02,2,1,4,5,5,1
"D83610","Swan Surgery",1,164,165,86,111,88,102,0.99,0.77,0.86,19071,12855,2338,6482,0.18,0.5,0.01,2,4,3,3,3,1
"D83013","The Guildhall And Barrow Surgery",1,217,222,125,152,135,161,0.98,0.82,0.84,19113,13524,3518,6931,0.26,0.51,0.02,2,4,4,5,5,1
"D83078","The Reynard Surgery",0.97,86,95,88,104,24,28,0.91,0.85,0.86,23091,10155,1408,5134,0.14,0.51,0.01,2,3,2,2,3,1
"D83029","The Rookery Medical Centre",1,176,179,125,141,102,104,0.98,0.89,0.98,21236,14206,3042,6779,0.21,0.48,0.01,2,5,3,4,1,1
"D83012","Unity Healthcare",1,331,344,213,251,183,206,0.96,0.85,0.89,7139,24473,6165,12051,0.25,0.49,0.01,4,5,4,5,2,1
"D83040","Victoria Surgery",1,141,145,118,134,87,95,0.97,0.88,0.92,14948,11204,2787,5645,0.25,0.5,0.01,3,4,3,5,3,1
"D83003","Wickhambrook Surgery",0.9,65,65,55,66,33,36,1,0.83,0.92,19967,5102,1622,2565,0.32,0.5,0.01,2,1,3,5,3,1
"D83055","Woolpit Health Centre",1,221,223,158,211,125,143,0.99,0.75,0.87,20094,16003,4245,8063,0.27,0.5,0.01,2,5,4,5,3,1
"G81006","Ardingly Court Surgery",1,77,79,62,78,23,26,0.97,0.79,0.88,5101,6464,933,2943,0.14,0.46,0.01,4,2,3,2,1,1
"G81042","Beaconsfield Medical Practice",0.91,122,124,77,105,48,59,0.98,0.73,0.81,18641,13842,2402,6997,0.17,0.51,0.01,2,4,2,3,3,1
"Y02676","Brighton Station Health Centre",1,19,19,16,20,3,3,1,0.8,1,15028,9516,275,4376,0.03,0.46,0,3,3,1,1,1,1
"G81669","Broadway Surgery",0.49,16,22,19,26,2,2,0.73,0.73,1,621,2196,365,1078,0.17,0.49,0.01,5,1,2,3,2,1
"G81014","Carden Surgery",0.98,80,80,47,60,49,52,1,0.78,0.94,9200,8705,1344,4430,0.15,0.51,0.01,4,3,2,2,4,1
"G81034","Charter Medical Centre",1,266,270,160,200,136,140,0.99,0.8,0.97,22824,31364,4063,15926,0.13,0.51,0.01,2,5,2,2,4,1
"G81001","Hove Medical Centre",0.97,90,100,83,110,54,66,0.9,0.75,0.82,20663,9121,1788,4541,0.2,0.5,0.01,2,3,3,3,2,1
"G81663","Links Road Surgery",1,52,53,38,53,20,27,0.98,0.72,0.74,11365,4997,1001,2482,0.2,0.5,0.01,3,1,2,3,2,1
"G81073","Mile Oak Medical Centre",1,112,113,71,84,52,56,0.99,0.85,0.93,6088,8715,1427,4552,0.16,0.52,0.01,4,3,3,3,5,1
"G81044","Montpelier Surgery",0.82,39,42,39,42,16,16,0.93,0.93,1,18935,6975,863,3402,0.12,0.49,0.01,2,2,1,2,2,1
"G81028","Park Crescent Health Centre",0.95,106,119,77,94,35,39,0.89,0.82,0.9,14957,12588,1349,6182,0.11,0.49,0.01,3,4,2,1,2,1
"G81054","Pavilion Surgery",0.98,86,89,56,80,43,49,0.97,0.7,0.88,5101,10305,1721,4747,0.17,0.46,0.01,4,4,2,3,1,1
"G81046","Portslade Health Centre",0.91,116,118,114,137,54,61,0.98,0.83,0.89,8907,11422,2079,5863,0.18,0.51,0.01,4,4,2,3,5,1
"G81018","Preston Park Surgery",0.95,77,78,59,80,32,43,0.99,0.74,0.74,12907,12622,1526,6275,0.12,0.5,0.01,3,4,1,2,2,1
"G81656","Regency Surgery",1,31,32,45,53,11,12,0.97,0.85,0.92,5101,5644,737,2498,0.13,0.44,0.01,4,2,1,2,1,1
"G81076","Saltdean And Rottingdean Med Practice",0.95,252,281,150,198,140,180,0.9,0.76,0.78,20198,12773,3748,6498,0.29,0.51,0.02,2,4,5,5,4,1
"G81613","School House Surgery",0.97,58,62,36,50,19,20,0.94,0.72,0.95,28166,5076,658,2334,0.13,0.46,0.01,1,1,3,2,1,1
"G81047","Seven Dials Medical Centre",1,45,46,42,48,26,26,0.98,0.88,1,22543,7088,964,3065,0.14,0.43,0.01,2,2,1,2,1,1
"G81694","Ship Street Surgery",1,17,18,18,21,8,8,0.94,0.86,1,8689,2987,245,1296,0.08,0.43,0.01,4,1,1,1,1,1
"G81011","St. Peter's Medical Centre",1,196,197,142,173,48,55,0.99,0.82,0.87,4803,18772,2584,9092,0.14,0.48,0.01,4,5,2,2,1,1
"G81038","Stanford Medical Centre",1,119,122,84,103,73,81,0.98,0.82,0.9,18641,18478,2144,9035,0.12,0.49,0.01,2,5,1,2,2,1
"G81075","The Avenue Surgery",1,58,58,45,57,19,21,1,0.79,0.9,9034,6176,707,3043,0.11,0.49,0.01,4,2,2,2,2,1
"G81646","The Haven Practice",1,14,14,16,19,8,8,1,0.84,1,28916,2689,352,1266,0.13,0.47,0.01,1,1,1,2,1,1
"G81070","Trinity Medical Centre",1,256,262,144,167,122,139,0.98,0.86,0.88,20284,25034,3578,12423,0.14,0.5,0.01,2,5,2,2,2,1
"G81036","Warmdene Surgery",1,109,109,64,82,84,89,1,0.78,0.94,9200,9363,2031,4738,0.22,0.51,0.01,4,3,3,4,4,1
"G81638","Wellbn Healthcare",1,165,167,107,132,35,38,0.99,0.81,0.92,13161,25173,2171,12958,0.09,0.51,0.01,3,5,1,1,5,1
"Y06007","Wellsbourne Healthcare Cic",1,102,105,89,109,29,31,0.97,0.82,0.94,621,8663,1047,4387,0.12,0.51,0.01,5,3,3,2,4,1
"G81083","Wish Park Surgery",0.99,82,82,58,68,48,53,1,0.85,0.91,21195,7554,1186,3791,0.16,0.5,0.01,2,2,3,2,3,1
"G81065","Woodingdean Medical Centre",0.95,154,171,87,104,75,79,0.9,0.84,0.95,9205,8812,2054,4538,0.23,0.51,0.02,4,3,5,4,5,1
"K84613","Alchester Medical Group",1,162,164,134,162,85,91,0.99,0.83,0.93,29725,21765,2779,11058,0.13,0.51,0.01,1,5,2,2,4,1
"K84010","Bampton Surgery",1,116,118,73,97,72,87,0.98,0.75,0.83,26245,9181,2363,4727,0.26,0.51,0.01,1,3,3,5,5,1
"K84028","Banbury Cross Health Centre",0.98,411,417,235,313,212,236,0.99,0.75,0.9,28575,42156,6364,20305,0.15,0.48,0.01,1,5,2,2,1,1
"K84021","Banbury Road Medical Centre",0.78,61,70,29,42,41,56,0.87,0.69,0.73,32433,10242,1053,5033,0.1,0.49,0.01,1,4,1,1,2,1
"K84032","Bartlemas Surgery",0.96,120,120,89,104,38,43,1,0.86,0.88,18994,10202,1021,4804,0.1,0.47,0.01,2,3,3,1,1,1
"K84016","Beaumont Elms Practice",0.88,199,199,140,171,114,134,1,0.82,0.85,27249,23598,3033,10717,0.13,0.45,0.01,1,5,2,2,1,1
"K84023","Berinsfield Health Centre",1,123,125,98,122,64,71,0.98,0.8,0.9,14701,6200,1352,3145,0.22,0.51,0.02,3,2,5,4,4,1
"K84052","Bicester Health Centre",1,174,178,142,177,90,99,0.98,0.8,0.91,13539,19373,2987,9786,0.15,0.51,0.01,3,5,2,2,3,1
"K84058","Bloxham Surgery",1,96,96,61,76,70,78,1,0.8,0.9,29147,8099,2082,4142,0.26,0.51,0.01,1,3,3,5,4,1
"K84075","Broadshires Health Centre",1,107,109,96,114,52,59,0.98,0.84,0.88,27382,12067,1502,6248,0.12,0.52,0.01,1,4,2,2,5,1
"K84047","Burford Surgery",1,91,93,83,97,66,73,0.98,0.86,0.9,18355,7753,2026,3997,0.26,0.52,0.01,2,3,3,5,5,1
"K84008","Chalgrove & Watlington Surgeries",0.94,104,106,59,88,59,69,0.98,0.67,0.86,20329,7921,1878,4065,0.24,0.51,0.01,2,3,3,4,5,1
"K84030","Chipping Norton Health Centre",1,223,227,139,169,148,166,0.98,0.82,0.89,27677,15509,4002,7861,0.26,0.51,0.01,1,5,4,5,4,1
"K84033","Church Street Practice",0.86,256,289,201,248,169,186,0.89,0.81,0.91,26247,19880,3594,10150,0.18,0.51,0.01,1,5,4,3,4,1
"K84034","Clifton Hampden Surgery",0.98,28,28,26,30,13,17,1,0.87,0.76,23720,3438,786,1683,0.23,0.49,0.01,1,1,2,4,2,1
"K84618","Cogges Surgery",0.99,85,87,75,92,52,57,0.98,0.82,0.91,14609,8551,1470,4365,0.17,0.51,0.01,3,3,2,3,4,1
"K84063","Cowley Road Medical Practice",1,50,50,46,61,16,18,1,0.75,0.89,18994,12120,809,5405,0.07,0.45,0,2,4,1,1,1,1
"K84056","Cropredy Surgery",1,65,66,56,71,44,47,0.98,0.79,0.94,21727,5215,1478,2755,0.28,0.53,0.01,2,1,3,5,5,1
"K84055","Deddington Health Centre",1,157,159,102,126,94,107,0.99,0.81,0.88,26831,12089,2805,6137,0.23,0.51,0.01,1,4,3,4,4,1
"K84002","Didcot Health Centre Practice",1,208,212,159,190,104,114,0.98,0.84,0.91,22733,19340,3005,9610,0.16,0.5,0.01,2,5,3,2,2,1
"K84004","Donnington Medical Partnership",1,110,111,99,122,64,71,0.99,0.81,0.9,28776,13461,2072,6473,0.15,0.48,0.01,1,4,2,2,1,1
"K84006","Eynsham Medical Group",1,261,267,132,162,148,165,0.98,0.81,0.9,28933,16296,3996,8267,0.25,0.51,0.02,1,5,4,5,4,1
"K84071","Goring & Woodcote Medical Practice",1,121,124,79,97,88,99,0.98,0.81,0.89,28914,10530,2633,5235,0.25,0.5,0.01,1,4,3,5,2,1
"K84045","Gosford Hill Medical Centre",1,131,132,61,71,75,82,0.99,0.86,0.91,29598,7451,1635,3692,0.22,0.5,0.02,1,2,5,4,2,1
"K84009","Hedena Health",1,135,137,118,142,59,65,0.99,0.83,0.91,13809,26449,2442,13025,0.09,0.49,0.01,3,5,1,1,2,1
"K84059","Hightown Surgery",1,148,152,124,135,87,92,0.97,0.92,0.95,27448,12349,2438,6334,0.2,0.51,0.01,1,4,3,3,5,1
"K84003","Islip Surgery",1,87,87,71,86,54,56,1,0.83,0.96,27052,6931,1666,3486,0.24,0.5,0.01,1,2,3,4,3,1
"K84078","Jericho Health Centre",1,38,38,27,34,19,22,1,0.79,0.86,30883,11503,716,5178,0.06,0.45,0,1,4,1,1,1,1
"K84605","Kes@Northgate",1,14,14,8,10,11,12,1,0.8,0.92,27249,6601,370,2779,0.06,0.42,0,1,2,1,1,1,1
"K84079","Long Furlong Medical Centre",1,82,84,85,92,52,57,0.98,0.92,0.91,33745,9265,1619,4389,0.17,0.47,0.01,1,3,2,3,1,1
"K84027","Malthouse Surgery",1,358,359,267,317,229,251,1,0.84,0.91,16140,15194,3913,7607,0.26,0.5,0.02,2,5,5,5,3,1
"K84044","Manor Surgery",1,230,232,172,215,182,201,0.99,0.8,0.91,32195,25787,4412,13181,0.17,0.51,0.01,1,5,2,3,4,1
"K84041","Marcham Rd Family Health Centre",1,222,231,189,228,120,139,0.96,0.83,0.86,31922,14475,3113,7233,0.22,0.5,0.02,1,5,4,4,3,1
"K84036","Mill Stream Surgery",1,69,70,57,67,51,52,0.99,0.85,0.98,24231,5816,1431,3027,0.25,0.52,0.01,1,2,3,5,5,1
"K84038","Montgomery House Surgery",0.97,151,151,116,145,92,95,1,0.8,0.97,13539,16661,2889,8346,0.17,0.5,0.01,3,5,2,3,3,1
"K84014","Morland House Surgery",1,127,129,101,111,87,94,0.98,0.91,0.93,31218,11303,2633,5666,0.23,0.5,0.01,1,4,3,4,3,1
"K84015","Nettlebed Surgery",1,59,59,31,37,44,47,1,0.84,0.94,19317,4070,1112,2078,0.27,0.51,0.01,2,1,4,5,4,1
"K84019","Newbury Street Practice",1,213,217,126,155,114,123,0.98,0.81,0.93,26247,15887,3568,7942,0.22,0.5,0.01,1,5,4,4,3,1
"K84080","Northgate Health Centre",0.99,60,61,40,50,53,59,0.98,0.8,0.9,27249,13468,1343,6224,0.1,0.46,0,1,4,1,1,1,1
"K84072","Nuffield Health Centre",1,164,164,111,129,112,125,1,0.86,0.9,13415,11905,2937,6048,0.25,0.51,0.01,3,4,4,5,4,1
"K84624","Oak Tree Health Centre",1,66,70,58,69,27,28,0.94,0.84,0.96,33211,10735,1059,5442,0.1,0.51,0.01,1,4,1,1,4,1
"K84026","Observatory Medical Practice",0.73,76,82,66,77,44,48,0.93,0.86,0.92,30883,12660,1691,6255,0.13,0.49,0.01,1,4,1,2,2,1
"K84065","Sibford Surgery",1,46,47,31,40,34,37,0.98,0.78,0.92,20688,3232,848,1610,0.26,0.5,0.01,2,1,4,5,2,1
"K84020","Sonning Common Health Ctr",1,146,148,66,88,95,109,0.99,0.75,0.87,25066,9827,2474,4967,0.25,0.51,0.02,1,3,4,5,3,1
"K84013","St Bartholomews & Hollow Way Med Centre",0.91,136,138,129,164,58,63,0.99,0.79,0.92,18994,29635,2371,13627,0.08,0.46,0,2,5,1,1,1,1
"K84060","St. Clement's Surgery",1,40,41,34,42,22,24,0.98,0.81,0.92,22032,6252,668,2948,0.11,0.47,0.01,2,2,1,1,1,1
"K84011","Summertown Health Centre",1,135,142,73,94,101,113,0.95,0.78,0.89,32433,18860,2517,8805,0.13,0.47,0.01,1,5,2,2,1,1
"K84007","Temple Cowley Health Centre",1,86,88,74,90,53,57,0.98,0.82,0.93,20657,8357,1329,3973,0.16,0.48,0.01,2,3,2,2,1,1
"K84054","The Abingdon Surgery",1,224,224,182,210,138,152,1,0.87,0.91,16140,19583,3277,9909,0.17,0.51,0.01,2,5,3,3,4,1
"K84035","The Bell Surgery",1,122,124,70,88,79,90,0.98,0.8,0.88,29878,10872,2392,5549,0.22,0.51,0.01,1,4,3,4,4,1
"K84610","The Charlbury Medical Centre",0.93,62,63,32,52,36,42,0.98,0.62,0.86,28573,5491,1379,2592,0.25,0.47,0.01,1,2,3,5,1,1
"K84001","The Hart Surgery",1,137,151,68,83,112,127,0.91,0.82,0.88,29878,10528,2543,5315,0.24,0.5,0.01,1,4,4,4,3,1
"K84082","The Key Medical Practice",0.97,304,308,156,192,146,161,0.99,0.81,0.91,30775,12887,2788,6337,0.22,0.49,0.02,1,4,5,4,2,1
"K84031","The Leys Health Centre",1,113,124,97,124,54,63,0.91,0.78,0.86,3138,12395,1373,5846,0.11,0.47,0.01,5,4,2,1,1,1
"K84050","The Rycote Practice",1,187,190,123,148,112,120,0.98,0.83,0.93,33192,13577,3160,7041,0.23,0.52,0.01,1,4,4,4,5,1
"K84037","Wallingford Medical Practice",1,244,250,172,184,158,175,0.98,0.93,0.9,32922,19088,4007,9756,0.21,0.51,0.01,1,5,3,4,4,1
"K84051","White Horse Medical Practice",0.82,226,232,157,178,113,127,0.97,0.88,0.89,21184,19212,3868,9842,0.2,0.51,0.01,2,5,3,3,5,1
"K84017","Windrush Medical Practice",1,244,247,185,207,156,172,0.99,0.89,0.91,22559,21401,4266,10896,0.2,0.51,0.01,2,5,3,3,4,1
"K84024","Windrush Surgery",1,104,114,68,91,52,59,0.91,0.75,0.88,17129,8982,1670,4480,0.19,0.5,0.01,2,3,3,3,3,1
"K84043","Woodlands Medical Centre",1,174,176,133,150,87,94,0.99,0.89,0.93,30573,18688,2775,9460,0.15,0.51,0.01,1,5,2,2,4,1
"K84062","Woodlands Surgery",1,93,94,90,101,32,34,0.99,0.89,0.94,21142,9697,1157,4863,0.12,0.5,0.01,2,3,2,2,3,1
"K84042","Woodstock Surgery",0.98,123,123,86,94,91,93,1,0.91,0.98,28848,9659,2378,5032,0.25,0.52,0.01,1,3,3,5,5,1
"K84046","Wychwood Surgery",1,70,72,45,49,47,52,0.97,0.92,0.9,27035,6196,1702,3164,0.27,0.51,0.01,1,2,3,5,4,1
"J82055","Craneswater Group Practice",1,170,171,96,113,99,113,0.99,0.85,0.88,8975,11256,2314,5500,0.21,0.49,0.02,4,4,4,4,2,1
"J82149","Derby Road Group Practice",1,178,181,187,206,69,74,0.98,0.91,0.93,4814,16886,2392,8455,0.14,0.5,0.01,4,5,3,2,3,1
"J82194","East Shore Partnership",0.95,157,176,127,162,57,66,0.89,0.78,0.86,12630,13518,2502,6632,0.19,0.49,0.01,3,4,3,3,2,1
"J82085","Island City Practice",1,387,391,306,416,132,151,0.99,0.74,0.87,1802,37309,5035,18373,0.13,0.49,0.01,5,5,2,2,2,1
"J82073","Kirklands Surgery",1,116,116,91,106,51,55,1,0.86,0.93,8855,9845,1694,5031,0.17,0.51,0.01,4,3,3,3,4,1
"J82155","Portsdown Group Practice",1,986,1003,710,914,404,449,0.98,0.78,0.9,1807,62747,9108,30835,0.15,0.49,0.02,5,5,4,2,2,1
"J82102","The Drayton Surgery",0.99,307,312,178,218,174,192,0.98,0.82,0.91,28717,24056,4903,12401,0.2,0.52,0.01,1,5,3,4,5,1
"J82060","The Lighthouse Group Practice",0.99,133,140,102,123,56,63,0.95,0.83,0.89,89,13053,1931,6166,0.15,0.47,0.01,5,4,3,2,1,1
"J82199","The Unicity Medical Centre",0.87,47,48,43,51,14,16,0.98,0.84,0.88,4310,19451,639,8202,0.03,0.42,0,5,5,1,1,1,1
"J82028","Trafalgar Medical Group Practice",1,302,309,241,242,149,153,0.98,1,0.97,14770,27618,4552,13431,0.16,0.49,0.01,3,5,3,3,2,1
"J81076","Ammonite Health Partnership",0.96,454,490,290,379,239,272,0.93,0.77,0.88,16965,24371,8288,12559,0.34,0.52,0.02,2,5,5,5,5,1
"J81068","Atrium Health Centre",1,133,136,77,90,71,82,0.98,0.86,0.87,12910,6811,1949,3445,0.29,0.51,0.02,3,2,5,5,4,1
"J81074","Barton House Med Practice",1,99,100,65,73,64,74,0.99,0.89,0.86,19632,5005,1989,2611,0.4,0.52,0.02,2,1,5,5,5,1
"J81018","Beaufort Road Surgery",1,184,184,124,148,105,113,1,0.84,0.93,13995,11911,2441,6101,0.2,0.51,0.02,3,4,4,4,4,1
"J81020","Bere Regis Surgery",1,62,64,56,58,34,35,0.97,0.97,0.97,15276,3881,1029,1985,0.27,0.51,0.02,3,1,4,5,4,1
"J81620","Blackmore Vale Partnership",1,682,700,323,406,286,321,0.97,0.8,0.89,11360,26868,7700,13717,0.29,0.51,0.03,3,5,5,5,4,1
"J81013","Canford Heath Group Pract",1,212,217,154,176,94,103,0.98,0.88,0.91,23687,12284,2632,6268,0.21,0.51,0.02,1,4,5,4,4,1
"J81053","Cerne Abbas Surgery",1,86,87,59,69,52,57,0.99,0.86,0.91,21658,4145,1526,2153,0.37,0.52,0.02,2,1,5,5,5,1
"J81056","Christchurch Medical Practice",0.88,369,373,201,245,184,207,0.99,0.82,0.89,10182,16303,4755,8156,0.29,0.5,0.02,3,5,5,5,3,1
"J81612","Corfe Castle Surgery",1,64,65,42,53,40,42,0.98,0.79,0.95,18034,3181,1109,1623,0.35,0.51,0.02,2,1,5,5,4,1
"J81634","Crescent Providence Surgery",1,101,103,83,107,26,29,0.98,0.78,0.9,1559,14361,1129,5543,0.08,0.39,0.01,5,5,2,1,1,1
"J81075","Cross Road Surgery",0.92,119,131,76,120,67,75,0.91,0.63,0.89,16777,7923,2339,4146,0.3,0.52,0.02,2,3,4,5,5,1
"J81625","Denmark Road Medical Centre",1,207,210,125,173,89,103,0.99,0.72,0.86,14703,14898,2308,7263,0.15,0.49,0.01,3,5,4,2,2,1
"J81086","Evergreen Oak Surgery",1,123,123,83,101,55,57,1,0.82,0.96,14154,7766,1506,4044,0.19,0.52,0.02,3,3,4,3,5,1
"J81057","Farmhouse Surgery",0.89,138,156,69,100,76,87,0.88,0.69,0.87,10182,5964,1877,3036,0.31,0.51,0.03,3,2,5,5,4,1
"J81626","Fordington Surgery",1,70,71,47,60,63,68,0.99,0.78,0.93,9388,5226,1336,2710,0.26,0.52,0.01,4,1,3,5,5,1
"J81081","Gillingham Medical Practice",1,304,311,148,191,169,183,0.98,0.77,0.92,11780,13274,3679,6823,0.28,0.51,0.02,3,4,5,5,5,1
"J81646","Grove Surgery",1,154,157,86,111,74,85,0.98,0.77,0.87,20397,6534,1735,3372,0.27,0.52,0.02,2,2,5,5,5,1
"J81028","Highcliffe Medical Centre",1,421,429,202,250,259,294,0.98,0.81,0.88,27852,15308,5971,8165,0.39,0.53,0.03,1,5,5,5,5,1
"J81047","James Fisher Medical Centre",0.95,171,181,126,157,98,110,0.94,0.8,0.89,27158,12590,2587,6374,0.21,0.51,0.01,1,4,4,4,4,1
"J81045","Kinson Road Medical Centre",0.99,184,192,121,149,73,82,0.96,0.81,0.89,12343,10638,2445,5445,0.23,0.51,0.02,3,4,5,4,4,1
"J81067","Littledown Surgery",0.98,59,59,45,53,36,40,1,0.85,0.9,33043,6170,1209,3106,0.2,0.5,0.01,1,2,2,3,3,1
"J81647","Lyme Bay Medical Practice",1,193,195,118,141,132,143,0.99,0.84,0.92,24038,8808,3288,4550,0.37,0.52,0.02,1,3,5,5,5,1
"J81035","Milton Abbas Surgery",1,67,67,45,57,31,33,1,0.79,0.94,15457,4865,1329,2477,0.27,0.51,0.01,3,1,4,5,4,1
"J81039","Moordown Medical Centre",1,138,141,108,122,62,66,0.98,0.89,0.94,28888,10052,1776,5074,0.18,0.5,0.01,1,3,4,3,3,1
"J81002","Orchid House Surgery",1,208,208,103,117,180,194,1,0.88,0.93,22563,8634,3598,4553,0.42,0.53,0.02,2,3,5,5,5,1
"J81061","Penny's Hill Practice",1,249,253,105,119,164,184,0.98,0.88,0.89,22563,7484,3419,3842,0.46,0.51,0.03,2,2,5,5,5,1
"J81064","Poole Town Surgery",1,95,96,67,78,52,58,0.99,0.86,0.9,11847,5219,1201,2667,0.23,0.51,0.02,3,1,5,4,4,1
"J81082","Poundbury Doctors Surgery",0.95,119,120,77,89,78,86,0.99,0.87,0.91,18697,8083,2404,4213,0.3,0.52,0.01,2,3,4,5,5,1
"J81609","Prince Of Wales Surgery",0.81,192,194,103,131,139,155,0.99,0.79,0.9,18697,9817,3197,5095,0.33,0.52,0.02,2,3,5,5,5,1
"J81616","Puddletown Surgery",1,77,79,52,61,46,50,0.97,0.85,0.92,20817,4275,1320,2178,0.31,0.51,0.02,2,1,5,5,4,1
"J81016","Queens Avenue Surgery",0.99,135,141,82,120,85,103,0.96,0.68,0.83,24628,8774,2296,4540,0.26,0.52,0.02,1,3,4,5,5,1
"J81009","Royal Manor Health Care",1,206,209,162,206,91,104,0.99,0.79,0.88,16641,12373,3151,6213,0.25,0.5,0.02,2,4,4,5,3,1
"J81631","Sandford Surgery",0.99,43,47,24,32,19,23,0.91,0.75,0.83,19996,2087,672,1062,0.32,0.51,0.02,2,1,5,5,4,1
"J81021","Shelley Manor Holdenhurst Medical Centre",0.92,322,327,226,300,109,124,0.98,0.75,0.88,6059,26842,3658,12455,0.14,0.46,0.01,4,5,3,2,1,1
"J81012","Shore Medical",1,1080,1090,582,680,517,572,0.99,0.86,0.9,22173,58556,12473,28645,0.21,0.49,0.02,2,5,5,4,2,1
"J81059","Southbourne Practice",0.85,141,163,79,105,88,102,0.87,0.75,0.86,13995,9044,1917,4605,0.21,0.51,0.02,3,3,5,4,4,1
"J81062","St Albans Medical Centre",1,182,185,120,161,83,98,0.98,0.75,0.85,20454,11096,2261,5497,0.2,0.5,0.02,2,4,4,4,2,1
"J81066","Stour Surgery",1,226,231,147,172,135,141,0.98,0.85,0.96,10711,10684,2850,5513,0.27,0.52,0.02,3,4,5,5,5,1
"J81010","Swanage Medical Practice",1,283,287,169,199,151,167,0.99,0.85,0.9,20316,10730,3848,5459,0.36,0.51,0.03,2,4,5,5,4,1
"J81033","Talbot Medical Centre",1,272,280,214,285,129,143,0.97,0.75,0.9,18074,25443,3589,12640,0.14,0.5,0.01,2,5,3,2,2,1
"J81006","The Adam Practice",1,740,755,448,535,372,406,0.98,0.84,0.92,22796,39648,9081,20070,0.23,0.51,0.02,2,5,5,4,4,1
"J81029","The Apples Medical Centre",0.97,96,97,63,71,71,76,0.99,0.89,0.93,23537,5452,2112,2851,0.39,0.52,0.02,1,2,5,5,5,1
"J81070","The Banks & Bearwood Medical Centre",1,138,141,93,111,62,63,0.98,0.84,0.98,14803,11601,2137,5809,0.18,0.5,0.01,3,4,3,3,3,1
"J81621","The Barcellos Family Practice",1,200,211,103,142,102,116,0.95,0.73,0.88,9592,8596,2351,4434,0.27,0.52,0.02,4,3,5,5,5,1
"J81087","The Birchwood Practice",1,136,137,120,145,59,60,0.99,0.83,0.98,14238,10482,1999,5320,0.19,0.51,0.01,3,4,3,3,4,1
"J81019","The Blandford Group Practice",1,429,434,277,345,218,245,0.99,0.8,0.89,12296,23750,6509,12341,0.27,0.52,0.02,3,5,5,5,5,1
"J81073","The Bridges Medical Ctr.",1,354,359,203,275,159,174,0.99,0.74,0.91,2720,17085,4396,8677,0.26,0.51,0.02,5,5,5,5,4,1
"J81058","The Cranborne Practice",1,218,222,149,180,120,135,0.98,0.83,0.89,13394,13325,3280,6899,0.25,0.52,0.02,3,4,4,5,5,1
"J81078","The Grove Medical Centre",1,279,287,147,187,153,167,0.97,0.79,0.92,26465,12978,4063,7043,0.31,0.54,0.02,1,4,5,5,5,1
"J81041","The Hadleigh Practice",1,363,370,234,284,230,251,0.98,0.82,0.92,33105,20549,5811,10539,0.28,0.51,0.02,1,5,5,5,5,1
"J81046","The Harvey Practice",1,308,311,204,236,170,180,0.99,0.86,0.94,33105,12985,3820,6637,0.29,0.51,0.02,1,4,5,5,4,1
"J81049","The Marine & Oakridge Partnership",1,191,196,99,123,105,114,0.97,0.8,0.92,26281,10129,2746,5266,0.27,0.52,0.02,1,3,5,5,5,1
"J81648","The Newman Practice (Dr Newmans Surgery)",0.97,77,79,60,65,40,46,0.97,0.92,0.87,11847,5504,1138,2785,0.21,0.51,0.01,3,2,4,4,4,1
"J81072","The Panton Practice",1,148,151,84,107,95,105,0.98,0.79,0.9,9195,17291,1848,7901,0.11,0.46,0.01,4,5,2,1,1,1
"J81034","The Quarter Jack Surgery",1,334,337,198,234,197,218,0.99,0.85,0.9,18066,18184,4937,9304,0.27,0.51,0.02,2,5,5,5,4,1
"J81036","The Rosemary Health Ctr",1,149,149,117,129,69,72,1,0.91,0.96,11763,9471,1777,4760,0.19,0.5,0.02,3,3,4,3,3,1
"J81030","The Verwood Surgery",1,175,177,113,129,98,105,0.99,0.88,0.93,24135,7914,2316,4010,0.29,0.51,0.02,1,3,5,5,4,1
"J81025","The Wellbridge Practice",1,87,90,49,61,62,68,0.97,0.8,0.91,17592,6200,1597,3198,0.26,0.52,0.01,2,2,4,5,5,1
"J81042","Village Surgery",1,114,114,85,91,62,64,1,0.93,0.97,31145,9049,1690,4775,0.19,0.53,0.01,1,3,3,3,5,1
"J81077","Walford Mill Medical Centre",1,167,168,121,149,79,84,0.99,0.81,0.94,31291,7874,2114,4062,0.27,0.52,0.02,1,3,5,5,5,1
"J81011","Wareham Surgery",1,198,204,118,143,105,126,0.97,0.83,0.83,17865,8117,2798,4192,0.34,0.52,0.03,2,3,5,5,5,1
"J81022","West Moors Village Surgery",1,146,150,64,86,77,90,0.97,0.74,0.86,16188,5414,2307,2818,0.43,0.52,0.03,2,2,5,5,5,1
"J81014","Westbourne Medical Centre",1,517,518,238,287,277,312,1,0.83,0.89,9306,21117,5750,10611,0.27,0.5,0.02,4,5,5,5,3,1
"J81027","Weymouth Bay Medical Practice",1,466,471,303,399,241,267,0.99,0.76,0.9,2172,26643,7906,13385,0.3,0.5,0.02,5,5,5,5,3,1
"J81633","Woodlea House Surgery",1,113,114,73,95,43,50,0.99,0.77,0.86,11793,6708,1316,3408,0.2,0.51,0.02,3,2,4,3,4,1
"J81051","Wyke Regis & Lanehouse Medical Practice",0.78,228,245,144,220,104,122,0.93,0.65,0.85,21042,12961,3324,6523,0.26,0.5,0.02,2,4,5,5,3,1
"J81017","Yetminster Health Centre",1,50,50,36,40,31,33,1,0.9,0.94,16387,4670,1447,2061,0.31,0.44,0.01,2,1,3,5,1,1
"L84026","Aspen Medical Practice",1,397,408,214,294,197,217,0.97,0.73,0.91,15628,31971,5905,15775,0.18,0.49,0.01,3,5,3,3,2,1
"L84039","Beeches Green Surgery",1,105,108,96,113,50,55,0.97,0.85,0.91,11121,8897,1972,4516,0.22,0.51,0.01,3,3,3,4,4,1
"L84030","Berkeley Place Surgery",0.98,194,203,118,152,68,86,0.96,0.78,0.79,27613,17726,2898,8664,0.16,0.49,0.01,1,5,3,3,2,1
"L84029","Blakeney Surgery",1,54,54,38,50,22,25,1,0.76,0.88,8625,3286,828,1609,0.25,0.49,0.02,4,1,4,5,2,1
"L84084","Brockworth Surgery",1,123,126,93,110,47,54,0.98,0.85,0.87,12950,11447,1899,5863,0.17,0.51,0.01,3,4,3,3,4,1
"L84060","Cam & Uley Family Practice",1,194,198,96,121,93,101,0.98,0.79,0.92,15415,11074,2901,5600,0.26,0.51,0.02,3,4,5,5,4,1
"L84043","Chipping Campden Surgery",1,96,96,56,60,78,81,1,0.93,0.96,25082,4960,1601,2590,0.32,0.52,0.02,1,1,5,5,5,1
"L84051","Chipping Surgery",1,164,167,107,130,77,82,0.98,0.82,0.94,30780,9781,2129,4936,0.22,0.5,0.02,1,3,5,4,3,1
"L84023","Church Street Practice",0.99,218,226,140,162,113,122,0.96,0.86,0.93,10594,13156,3256,6597,0.25,0.5,0.02,3,4,5,5,3,1
"L84047","Churchdown Surgery",1,199,203,113,136,120,131,0.98,0.83,0.92,31643,16068,3416,8421,0.21,0.52,0.01,1,5,3,4,5,1
"L84018","Cirencester Health Group",0.98,194,200,123,150,94,105,0.97,0.82,0.9,25631,12836,3233,6472,0.25,0.5,0.02,1,4,4,5,3,1
"L84036","Cleevelands Medical Centre",1,145,149,86,102,88,98,0.97,0.84,0.9,28084,11426,2371,5898,0.21,0.52,0.01,1,4,3,4,5,1
"L84069","Coleford Medical Practice",1,274,276,163,211,119,139,0.99,0.77,0.86,11950,13590,3862,6902,0.28,0.51,0.02,3,4,5,5,4,1
"L84038","Cotswold Medical Practice",1,186,189,118,159,103,117,0.98,0.74,0.88,18517,11433,3093,5875,0.27,0.51,0.02,2,4,4,5,5,1
"L84027","Culverhay Surgery",0.94,248,253,177,225,116,138,0.98,0.79,0.84,30780,18092,4494,9142,0.25,0.51,0.01,1,5,4,5,3,1
"L84046","Dockham Surgery",0.87,124,126,59,94,48,57,0.98,0.63,0.84,5068,6174,1471,3043,0.24,0.49,0.02,4,2,5,4,2,1
"L84024","Drybrook Surgery",1,63,63,34,44,35,36,1,0.77,0.97,11985,3753,962,1874,0.26,0.5,0.02,3,1,4,5,3,1
"L84077","Five Valleys Medical Practice",1,229,232,134,162,121,131,0.99,0.83,0.92,11121,14831,3497,7510,0.24,0.51,0.02,3,5,4,4,4,1
"L84028","Forest Health Care",1,177,178,153,177,81,89,0.99,0.86,0.91,5068,11831,2861,5939,0.24,0.5,0.02,4,4,4,4,3,1
"L84016","Frithwood Surgery",1,101,102,57,68,67,72,0.99,0.84,0.93,26633,6769,1699,3400,0.25,0.5,0.02,1,2,4,5,3,1
"Y02519","Gloucester Health Access Centre",1,71,71,69,88,9,9,1,0.78,1,3057,9952,634,4727,0.06,0.47,0.01,5,3,1,1,1,1
"L84009","Hadwen Health",1,215,216,163,199,99,115,1,0.82,0.86,26524,19295,3672,9922,0.19,0.51,0.01,1,5,3,3,5,1
"L84053","Hilary Cottage Surgery",0.98,130,130,72,95,70,79,1,0.76,0.89,24972,7882,2199,4040,0.28,0.51,0.02,1,3,4,5,5,1
"L84025","Hoyland House",1,93,93,53,61,76,84,1,0.87,0.9,22674,4646,1703,2386,0.37,0.51,0.02,2,1,5,5,5,1
"L84014","Hucclecote Surgery",1,148,155,74,82,75,84,0.95,0.9,0.89,31261,9004,2605,4618,0.29,0.51,0.02,1,3,5,5,5,1
"L84081","Kingsholm Surgery",0.76,47,55,36,49,24,34,0.85,0.73,0.71,2113,4449,688,2145,0.15,0.48,0.01,5,1,3,2,1,1
"L84067","Longlevens Surgery",1,113,117,70,81,70,76,0.97,0.86,0.92,31827,10117,1940,5176,0.19,0.51,0.01,1,3,3,3,4,1
"L84011","Lydney Practice",1,109,109,77,101,71,81,1,0.76,0.88,8079,8289,2002,4322,0.24,0.52,0.01,4,3,3,4,5,1
"L84068","Mann Cottage Surgery",1,109,110,75,84,64,71,0.99,0.89,0.9,27744,5730,1686,3074,0.29,0.54,0.02,1,2,5,5,5,1
"L84075","May Lane Surgery",0.99,119,121,75,91,61,67,0.98,0.82,0.91,29845,9434,2105,4770,0.22,0.51,0.01,1,3,3,4,4,1
"L84005","Minchinhampton Surgery",1,152,154,98,119,98,113,0.99,0.82,0.87,23250,8111,2591,4224,0.32,0.52,0.02,2,3,5,5,5,1
"L84045","Mitcheldean Surgery",1,122,125,85,99,77,81,0.98,0.86,0.95,14307,7198,2016,3680,0.28,0.51,0.02,3,2,5,5,4,1
"L84054","Mythe Medical Practice",1,208,213,129,169,103,110,0.98,0.76,0.94,10594,13868,3111,6956,0.22,0.5,0.02,3,4,4,4,3,1
"L84041","Overton Park Surgery",1,176,176,124,143,92,98,1,0.87,0.94,22008,13100,2661,7241,0.2,0.55,0.01,2,4,3,4,5,1
"L84034","Partners In Health, Pavilion Family Drs",0.85,144,146,90,117,51,53,0.99,0.77,0.96,6521,12247,2131,6142,0.17,0.5,0.01,4,4,3,3,3,1
"L84012","Phoenix Health Group",1,320,326,202,238,220,237,0.98,0.85,0.93,29712,24700,5974,12819,0.24,0.52,0.01,1,5,3,4,5,1
"L84065","Prices Mill Surgery",1,119,122,72,96,75,85,0.98,0.75,0.88,25840,9166,2320,4660,0.25,0.51,0.01,1,3,3,5,4,1
"L84617","Quedgeley Medical Centre",1,71,72,65,73,22,24,0.99,0.89,0.92,19875,7121,931,3644,0.13,0.51,0.01,2,2,2,2,4,1
"L84063","Rendcomb Surgery",1,64,64,36,45,36,39,1,0.8,0.92,19257,4893,1231,2519,0.25,0.51,0.01,2,1,3,5,5,1
"L84050","Rosebank Health",0.96,334,360,306,358,128,144,0.93,0.85,0.89,11362,40465,4925,20306,0.12,0.5,0.01,3,5,2,2,3,1
"L84007","Rowcroft Medical Centre",1,121,123,94,111,61,67,0.98,0.85,0.91,11121,12319,2608,6351,0.21,0.52,0.01,3,4,2,4,5,1
"L84059","Royal Crescent Surgery",1,92,92,49,62,57,66,1,0.79,0.86,27613,8169,1587,4097,0.19,0.5,0.01,1,3,3,3,3,1
"L84085","Severnbank Surgery",0.81,44,50,30,40,31,34,0.88,0.75,0.91,8079,3829,1004,1848,0.26,0.48,0.01,4,1,3,5,1,1
"L84052","Severnside Medical Practice",1,91,93,69,86,42,49,0.98,0.8,0.86,3057,9892,1468,4883,0.15,0.49,0.01,5,3,2,2,2,1
"L84015","Sixways Clinic",1,154,164,99,121,103,123,0.94,0.82,0.84,33542,10923,2562,5577,0.23,0.51,0.02,1,4,4,4,4,1
"L84058","St. Catherine's Surgery",0.93,139,150,72,91,70,73,0.93,0.79,0.96,2298,9394,1710,4569,0.18,0.49,0.02,5,3,4,3,2,1
"L84008","St. George's Surgery",1,162,165,104,118,73,78,0.98,0.88,0.94,2298,12131,2164,6049,0.18,0.5,0.01,5,4,4,3,3,1
"L84006","Staunton & Corse Surgery",1,75,77,45,55,56,60,0.97,0.82,0.93,21156,6896,1632,3534,0.24,0.51,0.01,2,2,3,4,5,1
"L84613","Stonehouse Health Clinic",1,50,51,20,32,27,36,0.98,0.62,0.75,18826,3447,814,1738,0.24,0.5,0.01,2,1,4,4,3,1
"L84031","Stow Surgery",1,100,103,73,84,66,72,0.97,0.87,0.92,22927,5738,1804,3020,0.31,0.53,0.02,2,2,5,5,5,1
"L84606","The Alney Practice",0.98,186,189,112,136,83,95,0.98,0.82,0.87,28804,11910,3054,6049,0.26,0.51,0.02,1,4,4,5,4,1
"L84037","The Holts Health Centre",1,207,213,152,169,93,101,0.97,0.9,0.92,15431,12069,3375,6184,0.28,0.51,0.02,3,4,5,5,5,1
"L84040","The Leckhampton Surgery",1,196,196,111,123,116,121,1,0.9,0.96,33041,12960,3490,6739,0.27,0.52,0.02,1,4,4,5,5,1
"L84049","The Royal Well Surgery",1,95,95,56,68,44,49,1,0.82,0.9,2298,8357,1333,4157,0.16,0.5,0.01,5,3,3,2,2,1
"L84048","The Stoke Road Surgery,",1,178,183,74,110,100,117,0.97,0.67,0.85,26756,10420,2838,5434,0.27,0.52,0.02,1,4,5,5,5,1
"L84080","The Willow Tree Practice",0.89,126,139,111,147,68,75,0.91,0.76,0.91,18826,11653,2439,5846,0.21,0.5,0.01,2,4,3,4,3,1
"L84003","Underwood Surgery",1,102,103,65,80,41,47,0.99,0.81,0.87,25912,11363,1565,5535,0.14,0.49,0.01,1,4,2,2,2,1
"L84010","Upper Thames Medical Group",1,175,178,119,153,92,110,0.98,0.78,0.84,19880,11138,3243,5632,0.29,0.51,0.02,2,4,4,5,4,1
"L84033","Weston House Practice",1,300,307,166,208,169,184,0.98,0.8,0.92,2298,19195,4152,9504,0.22,0.5,0.02,5,5,4,4,2,1
"L84072","White House Surgery",0.95,65,68,36,44,47,51,0.96,0.82,0.92,27744,5145,1414,2611,0.27,0.51,0.01,1,1,3,5,4,1
"L84004","Winchcombe Medical Centre",1,151,154,73,81,79,84,0.98,0.9,0.94,28721,7871,2470,4064,0.31,0.52,0.02,1,3,5,5,5,1
"L84022","Yorkleigh Surgery(Ct)",1,87,96,57,76,43,48,0.91,0.75,0.9,22008,7947,1661,3842,0.21,0.48,0.01,2,3,3,4,1,1
"L84021","Yorkley Health Centre(Wg)",0.97,124,125,116,133,70,79,0.99,0.87,0.89,13175,8904,2231,4558,0.25,0.51,0.01,3,3,4,5,4,1
"L82038","Atlantic Medical Group",1,310,317,203,235,133,152,0.98,0.86,0.88,13423,12015,3729,6090,0.31,0.51,0.03,3,4,5,5,4,1
"L82036","Bodriggy Health Centre",1,244,244,193,220,121,127,1,0.88,0.95,5877,12494,3049,6498,0.24,0.52,0.02,4,4,5,4,5,1
"L82010","Bosvena Health",1,366,387,283,346,178,206,0.95,0.82,0.86,4059,23946,5301,12014,0.22,0.5,0.02,5,5,4,4,3,1
"L82058","Bottreaux Surgery",0.99,111,114,66,89,30,34,0.97,0.74,0.88,10884,4794,1593,2465,0.33,0.51,0.02,3,1,5,5,5,1
"L82011","Brannel Surgery",1,94,96,71,91,37,40,0.98,0.78,0.92,6845,6242,1351,3118,0.22,0.5,0.02,4,2,4,4,3,1
"L82041","Carn To Coast Health Centres",1,559,565,441,498,231,248,0.99,0.89,0.93,8568,29977,6010,15207,0.2,0.51,0.02,4,5,5,3,4,1
"L82061","Carnon Downs Surgery",1,201,206,108,132,126,139,0.98,0.82,0.91,23490,6019,2251,3129,0.37,0.52,0.03,1,2,5,5,5,1
"L82015","Chacewater Health Centre",1,202,204,137,149,87,91,0.99,0.92,0.96,11417,6872,1926,3518,0.28,0.51,0.03,3,2,5,5,4,1
"L82051","Clays Practice",0.99,186,191,202,230,70,77,0.97,0.88,0.91,9111,13243,2724,6520,0.21,0.49,0.01,4,4,4,4,2,1
"L82049","Falmouth Health Centre",1,172,173,124,150,99,114,0.99,0.83,0.87,5842,10429,2305,5368,0.22,0.51,0.02,4,4,4,4,5,1
"L82035","Fowey River Practice",1,237,238,145,170,112,116,1,0.85,0.97,17856,8263,2652,4242,0.32,0.51,0.03,2,3,5,5,5,1
"L82068","Godolphin Health",1,159,161,115,133,66,73,0.99,0.86,0.9,13625,8928,2061,4515,0.23,0.51,0.02,3,3,5,4,4,1
"L82620","Harris Memorial Surgery",0.97,130,133,89,117,54,61,0.98,0.76,0.89,6803,6305,1478,3207,0.23,0.51,0.02,4,2,5,4,4,1
"L82018","Helston Medical Centre",0.85,287,292,182,244,139,174,0.98,0.75,0.8,10343,14403,3563,7448,0.25,0.52,0.02,3,5,5,5,5,1
"L82001","Lander Medical Practice",1,292,292,211,251,150,159,1,0.84,0.94,8510,19130,3748,9655,0.2,0.5,0.02,4,5,4,3,3,1
"L82030","Launceston Medical Centre",0.93,341,369,199,286,162,195,0.92,0.7,0.83,10766,18628,4692,9397,0.25,0.5,0.02,3,5,5,5,3,1
"L82042","Leatside Health Centre",1,385,393,216,251,171,193,0.98,0.86,0.89,6589,16791,3936,8375,0.23,0.5,0.02,4,5,5,4,3,1
"L82039","Lostwithiel Surgery",1,130,131,88,102,66,73,0.99,0.86,0.9,20904,5299,1713,2732,0.32,0.52,0.02,2,1,5,5,5,1
"L82047","Marazion Surgery",1,213,217,147,185,120,135,0.98,0.79,0.89,8475,7714,2608,3893,0.34,0.5,0.03,4,3,5,5,3,1
"L82007","Medical Centre Camelford (Dr Nash)",0.97,108,113,56,102,46,68,0.96,0.55,0.68,12218,6655,1869,3399,0.28,0.51,0.02,3,2,4,5,4,1
"L82059","Meneage Street Surgery",0.93,106,114,87,101,59,63,0.93,0.86,0.94,23655,5327,1509,2849,0.28,0.53,0.02,1,2,5,5,5,1
"L82025","Mevagissey Surgery",1,132,134,75,85,71,73,0.99,0.88,0.97,11901,4846,1634,2484,0.34,0.51,0.03,3,1,5,5,5,1
"L82026","Middleway Surgery",0.97,160,161,96,120,72,75,0.99,0.8,0.96,14203,6758,1888,3489,0.28,0.52,0.02,3,2,5,5,5,1
"Y01051","Morrab Surgery",0.82,207,235,112,174,70,95,0.88,0.64,0.74,2727,8679,2544,4271,0.29,0.49,0.03,5,3,5,5,2,1
"L82029","Narrowcliff Surgery",1,287,295,199,254,134,155,0.97,0.78,0.86,20769,16346,3439,8275,0.21,0.51,0.02,2,5,5,4,4,1
"Y01127","Neetside Surgery",1,142,146,69,88,68,80,0.97,0.78,0.85,15520,6458,1854,3406,0.29,0.53,0.02,3,2,5,5,5,1
"Y02517","Newquay Health Centre",1,237,241,173,237,114,128,0.98,0.73,0.89,6267,17326,3203,8661,0.18,0.5,0.01,4,5,4,3,3,1
"L82016","Oak Tree Surgery",1,288,290,192,238,167,178,0.99,0.81,0.94,13003,17099,4668,8781,0.27,0.51,0.02,3,5,4,5,5,1
"L82022","Old Bridge Surgery",1,267,273,176,220,140,154,0.98,0.8,0.91,17501,9876,3468,5068,0.35,0.51,0.03,2,3,5,5,5,1
"L82006","Penryn Surgery",1,335,336,210,245,136,159,1,0.86,0.86,7591,21411,3692,10942,0.17,0.51,0.02,4,5,4,3,4,1
"L82013","Perranporth Surgery",0.96,174,182,133,149,86,98,0.96,0.89,0.88,10743,7869,2094,3953,0.27,0.5,0.02,3,3,5,5,3,1
"L82023","Petroc Group Practice",1,355,365,185,247,138,155,0.97,0.75,0.89,6976,16487,3926,8261,0.24,0.5,0.02,4,5,5,4,3,1
"L82003","Port Isaac Surgery",1,237,238,144,167,120,131,1,0.86,0.92,10901,8691,2667,4509,0.31,0.52,0.03,3,3,5,5,5,1
"L82066","Port View Surgery",1,159,159,87,103,69,79,1,0.84,0.87,15114,7018,2042,3692,0.29,0.53,0.02,3,2,5,5,5,1
"L82045","Probus Surgery",0.99,215,218,122,157,105,117,0.99,0.78,0.9,25816,9435,2613,4849,0.28,0.51,0.02,1,3,5,5,5,1
"L82043","Quay Lane Surgery",1,92,92,65,83,34,39,1,0.78,0.87,12265,4644,1470,2398,0.32,0.52,0.02,3,1,5,5,5,1
"Y00969","Rame Group Practice",1,258,274,181,204,118,135,0.94,0.89,0.87,23837,11790,3415,6045,0.29,0.51,0.02,1,4,5,5,5,1
"L82050","Rosedean Surgery",1,188,192,124,168,73,89,0.98,0.74,0.82,4623,9587,2493,4935,0.26,0.51,0.02,4,3,5,5,5,1
"L82048","Roseland Surgeries",0.97,85,86,41,59,49,63,0.99,0.69,0.78,15372,3804,1322,1921,0.35,0.5,0.02,3,1,5,5,3,1
"Y01050","Rosmellyn Surgery",1,174,175,125,152,94,99,0.99,0.82,0.95,13423,7564,1952,4046,0.26,0.53,0.02,3,2,5,5,5,1
"L82046","Saltash Health Centre",1,208,211,182,208,110,123,0.99,0.88,0.89,10621,12202,3261,6284,0.27,0.51,0.02,3,4,5,5,5,1
"Y04957","St Austell Health Group",1,586,596,460,527,316,341,0.98,0.87,0.93,12974,32784,7703,16524,0.23,0.5,0.02,3,5,5,4,3,1
"L82057","St Keverne Health Centre",1,85,87,54,63,37,38,0.98,0.86,0.97,8867,2924,1010,1489,0.35,0.51,0.03,4,1,5,5,4,1
"L82054","St. Agnes Surgery",1,190,191,124,150,86,96,0.99,0.83,0.9,14439,9243,2246,4782,0.24,0.52,0.02,3,3,5,4,5,1
"Y01922","Stennack Surgery",1,357,357,194,227,155,166,1,0.85,0.93,12092,11931,3588,6117,0.3,0.51,0.03,3,4,5,5,5,1
"L82008","Stratton Medical Centre",0.94,248,270,151,196,119,134,0.92,0.77,0.89,13941,10709,3069,5328,0.29,0.5,0.03,3,4,5,5,2,1
"L82070","Sunnyside Surgery",1,171,176,95,111,87,96,0.97,0.86,0.91,13423,6655,1924,3473,0.29,0.52,0.03,3,2,5,5,5,1
"L82012","Tamar Valley Health",1,408,409,228,275,190,204,1,0.83,0.93,4993,16966,5394,8565,0.32,0.5,0.02,4,5,5,5,3,1
"L82056","The Mullion & Constantine Group Practice",1,202,205,125,155,110,127,0.99,0.81,0.87,13143,8430,2698,4328,0.32,0.51,0.02,3,3,5,5,5,1
"L82028","Three Spires Medical Practice",1,328,336,175,220,179,203,0.98,0.8,0.88,8510,17845,3745,9267,0.21,0.52,0.02,4,5,5,4,5,1
"L82052","Trescobeas Surgery",1,212,216,137,163,140,155,0.98,0.84,0.9,29189,10660,2723,5548,0.26,0.52,0.02,1,4,5,5,5,1
"L82044","Veor Surgery",0.79,218,220,157,186,117,131,0.99,0.84,0.89,15631,8704,2439,4346,0.28,0.5,0.03,3,3,5,5,3,1
"L82004","Wadebridge & Camel Estuary Practice",1,185,186,102,136,85,100,0.99,0.75,0.85,10029,7905,2238,4087,0.28,0.52,0.02,3,3,5,5,5,1
"L82622","Westover Surgery",1,112,112,73,99,61,75,1,0.74,0.81,30268,7364,1659,3837,0.23,0.52,0.02,1,2,4,4,5,1
"L85030","Ariel Healthcare",1,321,322,222,298,157,181,1,0.74,0.87,7148,19066,5164,9472,0.27,0.5,0.02,4,5,4,5,2,1
"L85055","Axbridge Surgery",1,138,138,92,108,90,97,1,0.85,0.93,17569,9092,2476,4629,0.27,0.51,0.02,2,3,4,5,4,1
"L85020","Beckington Family Practice",1,164,169,112,145,101,115,0.97,0.77,0.88,18636,11442,3061,5977,0.27,0.52,0.01,2,4,4,5,5,1
"L85601","Brent Area Medical Centre",1,79,79,49,72,32,37,1,0.68,0.86,19387,3463,1095,1768,0.32,0.51,0.02,2,1,5,5,4,1
"L85032","Bruton Surgery",1,57,57,42,49,27,30,1,0.86,0.9,14930,5197,1172,2650,0.23,0.51,0.01,3,1,3,4,4,1
"L85016","Burnham Medical Centre",1,302,310,213,279,162,178,0.97,0.76,0.91,6627,14816,5040,7531,0.34,0.51,0.02,4,5,5,5,4,1
"L85066","Buttercross Health Centre",0.99,118,120,74,90,74,81,0.98,0.82,0.91,18362,7915,2076,4106,0.26,0.52,0.02,2,3,4,5,5,1
"L85018","Cannington Health Centre",1,69,71,55,66,53,58,0.97,0.83,0.91,12960,5206,1443,2563,0.28,0.49,0.01,3,1,4,5,2,1
"L85011","Cheddar Medical Centre",1,160,162,92,123,102,112,0.99,0.75,0.91,18819,8353,2319,4282,0.28,0.51,0.02,2,3,5,5,5,1
"L85007","Church Street Surgery, Martock",0.81,194,198,104,143,100,128,0.98,0.73,0.78,18867,10380,3361,5334,0.32,0.51,0.02,2,4,5,5,5,1
"L85624","Church View Medical Centre",1,89,89,42,54,48,50,1,0.78,0.96,18150,4674,1571,2445,0.34,0.52,0.02,2,1,5,5,5,1
"L85021","College Way Surgery",1,226,232,135,177,189,210,0.97,0.76,0.9,22422,14704,3997,7677,0.27,0.52,0.02,2,5,4,5,5,1
"L85025","Cranleigh Gardens Medical Centre",0.89,128,129,105,131,59,69,0.99,0.8,0.86,3374,13966,2240,6790,0.16,0.49,0.01,5,5,2,2,2,1
"L85609","Creech",0.97,70,70,46,61,37,41,1,0.75,0.9,22750,5238,1194,2681,0.23,0.51,0.01,2,1,3,4,4,1
"L85004","Crewkerne Health Centre, Crewkerne",0.98,211,212,139,161,122,137,1,0.86,0.89,10911,12434,3909,6360,0.31,0.51,0.02,3,4,4,5,4,1
"L85006","Crown Medical Centre",0.86,126,126,108,127,66,71,1,0.85,0.93,25293,10398,2018,5278,0.19,0.51,0.01,1,4,3,3,4,1
"L85022","Diamond Health Group",0.91,179,180,122,160,92,115,0.99,0.76,0.8,4611,13668,3120,6810,0.23,0.5,0.01,4,4,3,4,2,1
"L85065","Dunster & Porlock Surgeries",1,176,186,141,174,106,121,0.95,0.81,0.88,11665,7868,3238,4096,0.41,0.52,0.02,3,3,5,5,5,1
"L85035","East Quay Medical Centre",1,198,200,152,183,115,124,0.99,0.83,0.93,9058,17599,3286,8666,0.19,0.49,0.01,4,5,3,3,2,1
"L85003","Exmoor Medical Centre",1,71,72,64,69,47,51,0.99,0.93,0.92,8200,3902,1457,1998,0.37,0.51,0.02,4,1,5,5,4,1
"L85001","French Weir Health Centre",1,213,219,149,189,143,161,0.97,0.79,0.89,17237,17599,3837,8891,0.22,0.51,0.01,2,5,3,4,3,1
"L85008","Frome Medical Centre",1,345,346,258,340,180,203,1,0.76,0.89,28232,29235,6268,14731,0.21,0.5,0.01,1,5,3,4,3,1
"L85047","Glastonbury Health Centre",1,60,61,57,74,31,35,0.98,0.77,0.89,4360,5999,1392,3091,0.23,0.52,0.01,5,2,2,4,5,1
"L85039","Glastonbury Surgery",1,160,164,135,159,96,108,0.98,0.85,0.89,15786,13999,3425,7036,0.24,0.5,0.01,3,5,3,5,3,1
"L85053","Grove House Surgery",1,86,86,73,83,34,37,1,0.88,0.92,14508,6452,1492,3132,0.23,0.49,0.01,3,2,3,4,2,1
"L85026","Hamdon Medical Centre, Stoke-Sub-Hamdon",0.83,81,82,59,77,48,54,0.99,0.77,0.89,15391,6060,1629,3112,0.27,0.51,0.01,3,2,3,5,5,1
"L85010","Highbridge Medical Centre",1,240,245,179,219,128,147,0.98,0.82,0.87,8402,13513,3547,6729,0.26,0.5,0.02,4,4,5,5,2,1
"L85033","Langport Surgery",1,282,286,200,233,161,175,0.99,0.86,0.92,12440,13911,4500,7149,0.32,0.51,0.02,3,4,5,5,5,1
"L85038","Lister House Partnership",1,134,136,76,101,68,74,0.99,0.75,0.92,20258,6830,2034,3432,0.3,0.5,0.02,2,2,5,5,3,1
"L85050","Luson",1,85,85,77,93,50,62,1,0.83,0.81,18197,6708,1768,3419,0.26,0.51,0.01,2,2,3,5,4,1
"L85062","Lyngford Park",1,93,95,88,99,35,40,0.98,0.89,0.88,13542,6368,1209,3183,0.19,0.5,0.01,3,2,4,3,3,1
"L85046","Mendip Country Practice",0.96,79,81,62,74,34,45,0.98,0.84,0.76,11408,5959,1433,3031,0.24,0.51,0.01,3,2,3,4,4,1
"L85031","Milborne Port Surgery",0.95,102,111,84,100,66,76,0.92,0.84,0.87,24256,7486,2289,3861,0.31,0.52,0.01,1,2,4,5,5,1
"L85040","Millbrook Surgery, Castle Cary",1,93,94,55,69,66,74,0.99,0.8,0.89,11253,7018,1911,3691,0.27,0.53,0.01,3,2,3,5,5,1
"L85019","Minehead Medical Centre",0.99,206,237,104,166,120,175,0.87,0.63,0.69,11731,11637,3706,5766,0.32,0.5,0.02,3,4,5,5,2,1
"L85037","North Curry",1,45,45,67,75,26,29,1,0.89,0.9,18120,4155,1276,2136,0.31,0.51,0.01,2,1,3,5,5,1
"L85056","North Petherton Surgery",1,87,90,72,93,34,45,0.97,0.77,0.76,24575,7303,1463,3611,0.2,0.49,0.01,1,2,3,3,2,1
"L85611","Oakhill Surgery",1,35,41,32,41,22,24,0.85,0.78,0.92,19976,3145,651,1533,0.21,0.49,0.01,2,1,3,4,2,1
"L85064","Oaklands Surgery",1,85,85,67,82,25,30,1,0.82,0.83,4313,11106,1079,5457,0.1,0.49,0.01,5,4,2,1,2,1
"L85043","Park Medical Practice",0.99,142,144,88,113,72,84,0.99,0.78,0.86,18731,11192,2491,5584,0.22,0.5,0.01,2,4,3,4,3,1
"L85017","Penn Hill Surgery, Yeovil",1,128,131,97,127,90,105,0.98,0.76,0.86,4611,10507,2440,5305,0.23,0.5,0.01,4,4,3,4,3,1
"L85024","Polden Medical Practice",1,195,195,121,191,70,81,1,0.63,0.86,18393,10887,3247,5534,0.3,0.51,0.02,2,4,5,5,4,1
"L85015","Preston Grove Medical Centre, Yeovil",1,171,174,138,165,103,114,0.98,0.84,0.9,25735,15360,3188,7910,0.21,0.51,0.01,1,5,3,4,5,1
"L85013","Quantock Medical Centre",1,59,59,56,70,42,45,1,0.8,0.93,18108,4177,1281,2102,0.31,0.5,0.01,2,1,4,5,3,1
"L85036","Quantock Vale Surgery",0.98,78,79,61,81,48,55,0.99,0.75,0.87,20017,6039,1631,3102,0.27,0.51,0.01,2,2,3,5,5,1
"L85044","Queen Camel Medical Centre",1,127,130,98,107,78,81,0.98,0.92,0.96,18952,6119,2059,3089,0.34,0.5,0.02,2,2,5,5,3,1
"L85051","Redgate Medical Centre",1,79,80,57,74,30,31,0.99,0.77,0.97,16197,7323,1216,3480,0.17,0.48,0.01,2,2,3,3,1,1
"L85048","Ryalls Park Medical Centre, Yeovil",0.99,55,56,46,64,23,32,0.98,0.72,0.72,24869,6106,1180,3070,0.19,0.5,0.01,1,2,2,3,3,1
"L85607","Somerset Bridge Medical Centre",1,44,45,34,41,10,11,0.98,0.83,0.91,16718,5533,589,2699,0.11,0.49,0.01,2,2,2,1,2,1
"L85023","St James Medical Centre",1,197,202,151,177,121,135,0.98,0.85,0.9,6224,17818,2951,9017,0.17,0.51,0.01,4,5,3,3,4,1
"L85054","Summervale Surgery",1,130,133,88,115,88,99,0.98,0.77,0.89,21133,8434,2683,4397,0.32,0.52,0.02,2,3,4,5,5,1
"L85042","Taunton Road Medical Centre",1,173,175,143,173,85,92,0.99,0.83,0.92,5095,15802,2865,7611,0.18,0.48,0.01,4,5,3,3,1,1
"L85014","Taunton Vale Healthcare",1,165,168,134,174,80,91,0.98,0.77,0.88,12815,13436,2252,6502,0.17,0.48,0.01,3,4,3,3,1,1
"L85061","The Meadows Surgery",0.98,47,48,31,46,26,31,0.98,0.67,0.84,21133,4266,1092,2152,0.26,0.5,0.01,2,1,3,5,3,1
"L85029","Vine Surgery Partnership",1,202,203,135,151,129,139,1,0.89,0.93,16716,13130,3312,6608,0.25,0.5,0.02,2,4,4,5,3,1
"L85052","Warwick House Medical Practice",1,121,121,107,119,77,86,1,0.9,0.9,12608,7888,2021,4139,0.26,0.52,0.02,3,3,4,5,5,1
"L85012","Wellington Medical Centre",1,243,249,172,196,146,165,0.98,0.88,0.88,18197,16199,4084,8295,0.25,0.51,0.02,2,5,4,5,4,1
"L85034","Wells City Practice",0.98,132,138,76,99,78,91,0.96,0.77,0.86,16228,8461,2503,4378,0.3,0.52,0.02,2,3,4,5,5,1
"L85002","Wells Health Centre",1,223,225,111,145,118,137,0.99,0.77,0.86,16228,11889,3603,6166,0.3,0.52,0.02,2,4,5,5,5,1
"Y01163","West Coker Surgery",0.99,60,67,42,51,33,39,0.9,0.82,0.85,16844,4009,1131,2016,0.28,0.5,0.02,2,1,4,5,3,1
"L85009","West Somerset Healthcare",1,232,236,172,205,129,138,0.98,0.84,0.93,13454,10670,3771,5519,0.35,0.52,0.02,3,4,5,5,5,1
"L85027","Wincanton Health Centre",1,119,121,79,101,69,77,0.98,0.78,0.9,11791,8778,2174,4391,0.25,0.5,0.01,3,3,4,5,3,1
"N85648","Blackheath Med Ctr",0.98,55,55,58,76,16,17,1,0.76,0.94,20842,4078,746,2044,0.18,0.5,0.01,2,1,3,3,3,1
"N85017","Cavendish Medical Centre",1,71,71,62,77,32,36,1,0.81,0.89,2145,5613,900,2782,0.16,0.5,0.01,5,2,3,2,2,1
"N85027","Central Park Medical Centre",1,115,115,90,130,31,38,1,0.69,0.82,5310,9159,1602,4555,0.17,0.5,0.01,4,3,3,3,2,1
"N85633","Church Road Medical Practice",1,53,54,39,50,19,22,0.98,0.78,0.86,9291,4892,728,2553,0.15,0.52,0.01,4,1,3,2,5,1
"N85006","Civic Medical Centre",1,188,188,142,170,106,117,1,0.84,0.91,15277,9431,2455,4894,0.26,0.52,0.02,3,3,5,5,5,1
"N85015","Devaney Med Ctr",1,99,101,81,108,31,37,0.98,0.75,0.84,207,7832,1514,3892,0.19,0.5,0.01,5,3,3,3,2,1
"N85005","Eastham Group Practice",1,187,190,135,160,106,114,0.98,0.84,0.93,30435,11121,2594,5619,0.23,0.51,0.02,1,4,5,4,3,1
"N85629","Egremont Med Ctr",1,42,43,44,57,22,25,0.98,0.77,0.88,602,4664,671,2184,0.14,0.47,0.01,5,1,2,2,1,1
"N85031","Gladstone Med Ctr",0.98,51,52,48,64,9,11,0.98,0.75,0.82,1849,3868,662,1762,0.17,0.46,0.01,5,1,3,3,1,1
"N85032","Greasby Group Practice",0.96,122,125,66,95,68,89,0.98,0.69,0.76,24712,6597,2174,3394,0.33,0.51,0.02,1,2,5,5,5,1
"N85052","Grove Rd Surgery",1,79,80,58,73,41,44,0.99,0.79,0.93,21369,4648,1045,2427,0.22,0.52,0.02,2,1,5,4,5,1
"N85021","Hamilton Med Ctr",0.89,46,47,35,44,24,26,0.98,0.8,0.92,473,3005,537,1342,0.18,0.45,0.02,5,1,4,3,1,1
"N85037","Heatherlands Med Ctr",1,110,110,67,67,28,28,1,1,1,4429,5619,837,2896,0.15,0.52,0.02,4,2,5,2,5,1
"N85022","Holmlands Med Ctr",1,59,60,60,70,20,23,0.98,0.86,0.87,24029,4299,865,2123,0.2,0.49,0.01,1,1,4,3,2,1
"N85059","Hoylake & Meols Medical Ctr",1,133,136,94,120,72,81,0.98,0.78,0.89,29749,8100,2102,4209,0.26,0.52,0.02,1,3,4,5,5,1
"N85046","Hoylake Rd Met Ctr",0.97,73,76,52,72,35,39,0.96,0.72,0.9,16026,5061,1258,2627,0.25,0.52,0.02,2,1,4,5,5,1
"N85054","Kings Lane Medical Practice",1,93,95,60,83,33,38,0.98,0.72,0.87,9291,5122,1119,2644,0.22,0.52,0.02,4,1,5,4,5,1
"N85640","Leasowe Medical Practice",1,25,25,30,37,4,4,1,0.81,1,240,2863,308,1420,0.11,0.5,0.01,5,1,2,1,2,1
"N85616","Liscard Group Practice",1,61,61,53,64,23,26,1,0.83,0.88,5310,4612,865,2299,0.19,0.5,0.01,4,1,3,3,3,1
"N85023","Manor Health Ctr",1,83,83,38,46,43,49,1,0.83,0.88,3457,5757,1218,2961,0.21,0.51,0.01,5,2,4,4,5,1
"N85002","Marine Lake Medical Practice",1,374,376,222,276,241,265,0.99,0.8,0.91,19956,19088,5513,9863,0.29,0.52,0.02,2,5,5,5,5,1
"N85625","Miriam Primary Care Group",1,173,174,178,226,85,90,0.99,0.79,0.94,2145,16522,2808,8337,0.17,0.5,0.01,5,5,2,3,3,1
"N85028","Moreton Group Practice",1,225,231,162,186,108,121,0.97,0.87,0.89,8031,13236,3184,6830,0.24,0.52,0.02,4,4,5,4,5,1
"N85048","Moreton Medical Centre",1,74,74,75,89,32,33,1,0.84,0.97,24512,5265,1252,2673,0.24,0.51,0.01,1,1,4,4,4,1
"N85007","Myrtle Group Practice",1,366,369,223,264,207,225,0.99,0.84,0.92,28800,21439,6541,11111,0.31,0.52,0.02,1,5,5,5,5,1
"N85047","Orchard Surgery",1,79,81,63,80,55,59,0.98,0.79,0.93,25057,6923,1538,3538,0.22,0.51,0.01,1,2,3,4,4,1
"N85044","Paxton Medical Group",1,247,249,200,240,115,125,0.99,0.83,0.92,12402,20679,4111,10607,0.2,0.51,0.01,3,5,3,3,5,1
"N85643","Prenton & Woodchurch Medical Centre",1,40,41,35,39,18,18,0.98,0.9,1,24765,4047,693,2023,0.17,0.5,0.01,1,1,2,3,3,1
"N85016","Riverside Surgery",1,107,108,107,138,39,43,0.99,0.78,0.91,444,8672,1488,4300,0.17,0.5,0.01,5,3,3,3,2,1
"N85024","Somerville Med Ctr",1,110,110,96,116,48,50,1,0.83,0.96,2761,9393,1515,4694,0.16,0.5,0.01,5,3,3,2,3,1
"N85617","Spital Surgery",1,68,70,66,76,53,58,0.97,0.87,0.91,32982,4841,1364,2538,0.28,0.52,0.01,1,1,4,5,5,1
"N85020","St Catherine's Surgery",1,206,209,168,199,83,93,0.99,0.84,0.89,717,15496,2672,7771,0.17,0.5,0.01,5,5,3,3,3,1
"N85012","St Georges Medical Centre",1,160,162,125,158,66,76,0.99,0.79,0.87,12345,9407,2167,4790,0.23,0.51,0.02,3,3,5,4,4,1
"N85025","St Hilary Group Practice",1,67,69,58,73,40,41,0.97,0.79,0.98,16610,5861,1398,2930,0.24,0.5,0.01,2,2,3,4,3,1
"N85051","Sunlight Group Practice",0.99,232,234,181,223,84,94,0.99,0.81,0.89,6104,17786,3494,8933,0.2,0.5,0.01,4,5,3,3,3,1
"N85057","Teehey Lane Surgery",1,33,33,25,29,15,18,1,0.86,0.83,27895,1921,521,906,0.27,0.47,0.02,1,1,5,5,1,1
"N85018","The Villa Medical Centre",1,89,90,60,73,59,63,0.99,0.82,0.94,9283,6192,1556,3197,0.25,0.52,0.01,4,2,4,5,5,1
"N85620","The Village Medical Centre",1,102,104,98,118,52,57,0.98,0.83,0.91,22535,6472,1689,3246,0.26,0.5,0.02,2,2,4,5,3,1
"N85013","Upton Group Practice",1,124,126,92,115,77,91,0.98,0.8,0.85,29740,7689,2222,3984,0.29,0.52,0.02,1,3,4,5,5,1
"N85038","Vittoria Med Ctr G",0.95,70,71,45,60,22,24,0.99,0.75,0.92,220,4302,728,2046,0.17,0.48,0.02,5,1,4,3,1,1
"N85634","Vittoria Med Ctr K",1,25,25,22,26,15,15,1,0.85,1,220,1878,376,880,0.2,0.47,0.01,5,1,3,3,1,1
"N85008","West Wirral Group Practice",0.94,265,265,146,182,142,152,1,0.8,0.93,27086,13626,4145,6964,0.3,0.51,0.02,1,4,5,5,4,1
"N85019","Whetstone Lane Med Ctr",1,74,76,61,71,26,28,0.97,0.86,0.93,207,8920,1319,4235,0.15,0.47,0.01,5,3,2,2,1,1
"A85026","Beacon View Medical Centre",1,79,80,82,95,33,35,0.99,0.86,0.94,12249,5725,930,2815,0.16,0.49,0.01,3,2,4,3,2,1
"A86023","Benfield Park Medical Group",1,162,162,137,163,48,55,1,0.84,0.87,20671,10319,1782,5043,0.17,0.49,0.02,2,4,4,3,2,1
"A85002","Bensham Family Practice",1,71,72,58,68,32,36,0.99,0.85,0.89,1862,3864,891,1815,0.23,0.47,0.02,5,1,5,4,1,1
"A86030","Betts Avenue Medical Group",1,163,168,133,163,62,69,0.97,0.82,0.9,2601,10822,1738,5368,0.16,0.5,0.02,5,4,4,2,2,1
"A85017","Bewick Road Surgery",1,68,68,69,76,30,32,1,0.91,0.94,1359,8296,878,4176,0.11,0.5,0.01,5,3,2,1,3,1
"A86010","Biddlestone Health Group",1,114,116,77,86,61,62,0.98,0.9,0.98,19688,10714,1321,5149,0.12,0.48,0.01,2,4,3,2,1,1
"A85008","Birtley Medical Group",1,264,268,229,282,156,173,0.99,0.81,0.9,12161,15309,3548,7763,0.23,0.51,0.02,3,5,5,4,4,1
"A86033","Brunton Park",1,72,78,52,59,48,48,0.92,0.88,1,33708,8316,1010,4251,0.12,0.51,0.01,1,3,2,2,4,1
"A85019","Central Gateshead Medical Group",1,159,161,168,201,67,74,0.99,0.84,0.91,1359,10621,1763,5041,0.17,0.47,0.02,5,4,4,3,1,1
"A85010","Chainbridge Medical Partnership",1,174,177,162,192,88,101,0.98,0.84,0.87,17895,11501,2545,5890,0.22,0.51,0.02,2,4,4,4,4,1
"A85024","Chopwell Primary Healthcare Centre",1,38,38,34,44,19,20,1,0.77,0.95,2066,2581,617,1261,0.24,0.49,0.01,5,1,4,4,2,1
"A85014","Crawcrook Medical Centre",1,293,307,209,267,171,203,0.95,0.78,0.84,19526,20325,4610,10430,0.23,0.51,0.02,2,5,4,4,5,1
"A85009","Crowhall Medical Centre",1,80,82,90,104,37,40,0.98,0.87,0.92,2797,6451,1226,3090,0.19,0.48,0.01,5,2,3,3,1,1
"A86017","Cruddas Park Surgery",1,168,170,112,162,55,63,0.99,0.69,0.87,341,11672,1624,5326,0.14,0.46,0.01,5,4,4,2,1,1
"A86013","Denton Park Medical Group",0.96,160,170,107,131,75,87,0.94,0.82,0.86,2429,7438,1614,3837,0.22,0.52,0.02,5,2,5,4,5,1
"A86601","Denton Turret Medical Centre",1,134,136,100,128,56,59,0.99,0.78,0.95,1946,9089,1780,4528,0.2,0.5,0.01,5,3,4,3,2,1
"Y00184","Dilston Medical Centre",1,34,37,43,53,7,7,0.92,0.81,1,8985,9557,366,3757,0.04,0.39,0,4,3,1,1,1,1
"A86037","Elswick Family Practice",1,93,94,73,94,28,31,0.99,0.78,0.9,868,8275,771,3341,0.09,0.4,0.01,5,3,3,1,1,1
"A85007","Fell Cottage Surgery",0.99,158,166,100,135,67,83,0.95,0.74,0.81,24504,8674,1936,4532,0.22,0.52,0.02,1,3,5,4,5,1
"A85001","Fell Tower Medical Centre",0.98,105,108,81,103,61,73,0.97,0.79,0.84,26197,7518,1573,3801,0.21,0.51,0.01,1,2,4,4,4,1
"A86031","Fenham Hall Surgery",1,115,117,86,101,51,54,0.98,0.85,0.94,4864,10825,1339,5351,0.12,0.49,0.01,4,4,3,2,2,1
"A85006","Glenpark & Teams Medical Services",1,176,178,208,245,86,94,0.99,0.85,0.91,5497,14521,2599,7238,0.18,0.5,0.01,4,5,3,3,3,1
"A86024","Heaton Road Surgery",1,84,94,55,94,40,45,0.89,0.59,0.89,689,7214,928,3446,0.13,0.48,0.01,5,2,3,2,1,1
"A85616","Hollyhurst Medical Centre",0.98,77,79,50,77,36,40,0.97,0.65,0.9,3517,4893,1218,2434,0.25,0.5,0.02,5,1,4,5,2,1
"A86021","Holmside Medical Group",0.98,167,172,128,151,77,81,0.97,0.85,0.95,53,10112,2028,4988,0.2,0.49,0.02,5,3,4,3,2,1
"A86020","Jesmond Health Partnership",0.91,336,356,219,277,178,193,0.94,0.79,0.92,33275,27433,4526,13574,0.16,0.49,0.01,1,5,3,3,2,1
"A85004","Longrigg Medical Centre",1,100,103,133,156,55,61,0.97,0.85,0.9,7616,10172,2228,5219,0.22,0.51,0.01,4,3,2,4,5,1
"A85013","Millennium Family Practice",0.96,49,51,46,53,20,21,0.96,0.87,0.95,7688,3877,699,1725,0.18,0.44,0.01,4,1,3,3,1,1
"A86038","Newburn Surgery",1,121,122,104,114,36,39,0.99,0.91,0.92,7959,6175,1260,3149,0.2,0.51,0.02,4,2,5,4,4,1
"A86027","Newcastle Medical Centre",1,9,9,21,23,5,5,1,0.91,1,10328,21739,254,9464,0.01,0.44,0,3,5,1,1,1,1
"A85018","Oldwell Surgery",1,87,89,62,71,47,51,0.98,0.87,0.92,3517,4768,1122,2393,0.24,0.5,0.02,5,1,5,4,3,1
"A85005","Oxford Tce & Rawling Rd Medical Group",1,290,290,243,295,159,177,1,0.82,0.9,2637,17839,3090,8511,0.17,0.48,0.02,5,5,4,3,1,1
"A86008","Park Medical Group",1,163,166,128,144,70,73,0.98,0.89,0.96,2982,13242,2348,6590,0.18,0.5,0.01,5,4,3,3,2,1
"A86022","Parkway Medical Group",0.99,174,178,121,146,76,81,0.98,0.83,0.94,21246,8430,2118,4394,0.25,0.52,0.02,2,3,5,5,5,1
"A85611","Pelaw Medical Practice",1,69,73,67,92,26,34,0.95,0.73,0.76,21183,5546,988,2819,0.18,0.51,0.01,2,2,3,3,4,1
"A86004","Prospect Medical Centre",1,190,191,111,136,78,82,0.99,0.82,0.95,1667,14853,1643,6634,0.11,0.45,0.01,5,5,3,1,1,1
"A86028","Regent Medical Centre",1,93,93,65,77,37,39,1,0.84,0.95,29868,7589,1349,3699,0.18,0.49,0.01,1,2,3,3,2,1
"A86006","Roseworth Surgery",1,87,89,70,78,34,38,0.98,0.9,0.89,30311,5819,1357,2926,0.23,0.5,0.02,1,2,4,4,3,1
"A86003","Saville Medical Group",1,233,237,207,240,90,102,0.98,0.86,0.88,10328,42677,2780,19648,0.07,0.46,0.01,3,5,1,1,1,1
"A85021","Second Street Surgery",1,28,28,31,34,7,7,1,0.91,1,1862,4657,361,1700,0.08,0.37,0.01,5,1,1,1,1,1
"A85011","St. Albans Medical Group",1,128,130,105,124,76,78,0.98,0.85,0.97,2797,7260,1531,3664,0.21,0.5,0.02,5,2,5,4,3,1
"A86040","St. Anthony's Health Centre",1,98,100,93,103,27,27,0.98,0.9,1,359,6699,843,3417,0.13,0.51,0.01,5,2,4,2,4,1
"A85617","Sunniside Surgery",1,65,65,62,69,24,26,1,0.9,0.92,29824,3843,757,2003,0.2,0.52,0.02,1,1,4,3,5,1
"A85614","The Bridges Medical Practice",1,85,87,84,95,33,35,0.98,0.88,0.94,7688,8227,854,3952,0.1,0.48,0.01,4,3,2,1,1,1
"A86018","The Grove Medical Group",1,235,241,130,154,123,137,0.98,0.84,0.9,27671,13191,3244,6747,0.25,0.51,0.02,1,4,5,5,4,1
"A86029","Thornfield Medical Group",1,222,227,171,206,67,77,0.98,0.83,0.87,689,20536,2377,9177,0.12,0.45,0.01,5,5,3,2,1,1
"A86026","Throckley Primary Care Centre",0.99,163,166,90,127,78,89,0.98,0.71,0.88,3444,7389,1549,3843,0.21,0.52,0.02,5,2,5,4,5,1
"A86011","Walker Medical Group",1,224,228,167,200,76,82,0.98,0.84,0.93,423,10675,1966,5323,0.18,0.5,0.02,5,4,5,3,3,1
"A86012","West Road Medical Centre",1,153,160,103,119,60,69,0.96,0.87,0.87,6095,12450,1212,5720,0.1,0.46,0.01,4,4,3,1,1,1
"A86025","Westerhope Medical Group",1,153,154,156,181,56,62,0.99,0.86,0.9,14574,13737,2174,7063,0.16,0.51,0.01,3,4,3,2,5,1
"A85020","Whickham Cottage Medical Centre",1,290,295,189,214,170,195,0.98,0.88,0.87,17319,15607,4598,7952,0.29,0.51,0.02,2,5,5,5,4,1
"A85016","Wrekenton Medical Group",1,189,190,150,198,81,88,0.99,0.76,0.92,1487,12172,2322,6225,0.19,0.51,0.02,5,4,4,3,4,1
"P84009","Ailsa Craig Medical Centre",1,58,59,60,82,16,18,0.98,0.73,0.89,2105,11439,813,5054,0.07,0.44,0.01,5,4,1,1,1,1
"P84673","Ancoats Urban Village Medical Practice",1,85,85,70,86,27,27,1,0.81,1,13216,13609,753,6089,0.06,0.45,0.01,3,4,1,1,1,1
"P84037","Ardwick Medical Practice",0.98,46,47,45,55,17,18,0.98,0.82,0.94,3104,6333,490,2863,0.08,0.45,0.01,5,2,2,1,1,1
"P84053","Ashcroft Surgery",1,62,62,74,87,27,29,1,0.85,0.93,5092,7968,765,3616,0.1,0.45,0.01,4,3,2,1,1,1
"P84038","Ashville Surgery",1,82,84,69,81,25,29,0.98,0.85,0.86,8275,13512,1216,6745,0.09,0.5,0.01,4,4,1,1,3,1
"P84034","Barlow Medical Centre",1,135,138,124,139,65,72,0.98,0.89,0.9,31104,16277,2423,7941,0.15,0.49,0.01,1,5,2,2,2,1
"P84033","Beacon Medical Centre",1,45,46,45,54,9,10,0.98,0.83,0.9,5340,4412,589,2138,0.13,0.48,0.01,4,1,2,2,1,1
"P84029","Benchill Medical Practice",0.92,127,127,110,142,38,44,1,0.77,0.86,854,10673,1333,5416,0.12,0.51,0.01,5,4,3,2,4,1
"P84035","Bodey Medical Centre",1,109,110,104,129,42,45,0.99,0.81,0.93,10775,16658,1634,8042,0.1,0.48,0.01,3,5,1,1,1,1
"P84024","Bowland Medical Practice",1,118,119,82,107,30,34,0.99,0.77,0.88,5336,8164,1150,4042,0.14,0.5,0.01,4,3,4,2,2,1
"P84061","Brooklands Medical Practice",1,74,76,90,108,14,16,0.97,0.83,0.88,22428,6172,1051,3201,0.17,0.52,0.01,2,2,3,3,5,1
"P84611","Brunswick Medical Practice",1,47,47,51,61,17,18,1,0.84,0.94,3104,7902,720,3808,0.09,0.48,0.01,5,3,1,1,1,1
"Y02325","Charlestown Md",1,30,30,38,45,10,10,1,0.84,1,1861,5363,316,2636,0.06,0.49,0.01,5,2,1,1,2,1
"P84046","Cheetham Hill Medical Centre",1,124,126,125,158,24,26,0.98,0.79,0.92,2034,20357,1401,8899,0.07,0.44,0.01,5,5,1,1,1,1
"P84068","Chorlton Family Practice",1,154,166,140,188,66,78,0.93,0.74,0.85,10670,22301,2655,10961,0.12,0.49,0.01,3,5,2,2,2,1
"P84065","Church View Medical Centre",1,24,24,25,33,7,7,1,0.76,1,161,4488,440,2236,0.1,0.5,0.01,5,1,1,1,2,1
"Y02849","City Health Centre",0.91,11,11,15,19,1,1,1,0.79,1,13707,15353,230,6441,0.01,0.42,0,3,5,1,1,1,1
"P84040","Conran Medical Centre",1,64,65,52,67,15,17,0.98,0.78,0.88,161,7609,743,3692,0.1,0.49,0.01,5,2,2,1,1,1
"P84669","Cornbrook Medical Practice",1,43,44,55,69,9,9,0.98,0.8,1,2812,17949,624,8579,0.03,0.48,0,5,5,1,1,1,1
"P84041","Cornerstone Family Practice",1,70,72,65,78,18,18,0.97,0.83,1,633,7829,894,3722,0.11,0.48,0.01,5,3,2,1,1,1
"P84043","Cornishway Group Practice",1,104,109,88,113,31,31,0.95,0.78,1,557,9741,991,4842,0.1,0.5,0.01,5,3,3,1,2,1
"P84684","Crumpsall Medical Practice",1,48,48,52,63,11,11,1,0.83,1,1863,6296,563,2956,0.09,0.47,0.01,5,2,2,1,1,1
"P84690","Dam Head Medical Centre",1,24,24,28,31,7,7,1,0.9,1,4060,2849,306,1348,0.11,0.47,0.01,5,1,2,1,1,1
"P84066","David Medical Centre",1,64,66,60,72,22,23,0.97,0.83,0.96,5864,7640,985,3747,0.13,0.49,0.01,4,2,2,2,2,1
"P84026","Dickenson Road Medical Centre",0.98,38,38,41,55,13,13,1,0.75,1,1794,9633,670,3945,0.07,0.41,0,5,3,1,1,1,1
"P84678","Didsbury Medical Centre - Dr Whitaker",1,84,85,77,92,49,52,0.99,0.84,0.94,21315,16084,1468,7929,0.09,0.49,0.01,2,5,1,1,2,1
"P84637","Dr Khan's Practice",1,25,25,40,42,7,7,1,0.95,1,605,2872,362,1375,0.13,0.48,0.01,5,1,2,2,1,1
"P84047","Droylsden Rd Family Practice",0.94,59,65,58,72,18,26,0.91,0.81,0.69,2254,5678,866,2827,0.15,0.5,0.01,5,2,3,2,2,1
"P84032","Drs Hanif & Bannuru",1,57,57,73,86,13,14,1,0.85,0.93,605,6059,706,2927,0.12,0.48,0.01,5,2,2,2,1,1
"P84051","Eastlands Medical Centre",1,47,47,54,64,19,19,1,0.84,1,605,5748,735,2777,0.13,0.48,0.01,5,2,2,2,1,1
"P84639","Fallowfield Medical Centre",1,8,8,10,12,4,4,1,0.83,1,7205,3804,270,1719,0.07,0.45,0,4,1,1,1,1,1
"P84605","Fernclough Surgery",1,20,20,20,23,9,10,1,0.87,0.9,93,2032,182,926,0.09,0.46,0.01,5,1,2,1,1,1
"P84004","Five Oaks Familiy Practice",0.92,88,91,95,114,26,31,0.97,0.83,0.84,633,8746,1068,4210,0.12,0.48,0.01,5,3,2,2,1,1
"P84042","Florence House Medical Practice",1,80,81,76,80,21,23,0.99,0.95,0.91,3032,11139,1151,5584,0.1,0.5,0.01,5,4,2,1,3,1
"P84028","Gorton Medical Centre",1,76,77,88,101,24,24,0.99,0.87,1,66,10380,1112,5090,0.11,0.49,0.01,5,4,2,1,2,1
"Y02890","Hawthorn Mc",1,33,34,33,36,7,8,0.97,0.92,0.88,12990,6883,305,3100,0.04,0.45,0,3,2,1,1,1,1
"P84067","Hazeldene Medical Centre",1,161,162,127,144,86,97,0.99,0.88,0.89,10745,8616,1616,4382,0.19,0.51,0.02,3,3,5,3,4,1
"P84022","Kingsway Medical Practice",1,90,92,71,80,31,33,0.98,0.89,0.94,16469,6294,998,3198,0.16,0.51,0.01,2,2,4,2,4,1
"P84017","Ladybarn Group Practice",1,105,106,85,93,38,41,0.99,0.91,0.93,2842,12816,1422,6390,0.11,0.5,0.01,5,4,2,1,3,1
"P84016","Levenshulme Medical Practice",1,56,57,55,70,25,25,0.98,0.79,1,4876,9320,833,4391,0.09,0.47,0.01,4,3,1,1,1,1
"P84059","Lime Square Medical Centre",1,60,60,59,70,29,30,1,0.84,0.97,649,8972,891,4425,0.1,0.49,0.01,5,3,1,1,2,1
"P84689","Manchester Integrative Medical Practice",1,54,54,68,83,20,20,1,0.82,1,3329,13670,816,6086,0.06,0.45,0,5,4,1,1,1,1
"P84018","Mauldeth Medical Centre",0.89,25,25,17,19,8,9,1,0.89,0.89,10113,4191,329,1865,0.08,0.45,0.01,3,1,1,1,1,1
"P84050","Mount Road Surgery",1,49,50,48,59,13,13,0.98,0.81,1,739,7899,605,3920,0.08,0.5,0.01,5,3,1,1,2,1
"Y01695","Mp Victoria Mill",1,26,26,23,27,5,5,1,0.85,1,2128,4125,246,1948,0.06,0.47,0.01,5,1,1,1,1,1
"P84030","New Collegiate Medical Centre",1,99,99,95,120,36,38,1,0.79,0.95,1871,13500,1206,6463,0.09,0.48,0.01,5,4,2,1,1,1
"P84064","New Islington Medical Centre",1,53,53,51,63,15,16,1,0.81,0.94,13216,12083,518,5893,0.04,0.49,0,3,4,1,1,2,1
"P84070","Newton Heath Medical Centre",0.98,66,66,54,82,22,29,1,0.66,0.76,2254,8470,907,4252,0.11,0.5,0.01,5,3,2,1,3,1
"P84012","Northenden Group Practice",0.96,95,95,90,101,43,50,1,0.89,0.86,17939,8680,1788,4251,0.21,0.49,0.01,2,3,3,4,2,1
"P84651","Northern Moor Medical Practice",1,43,44,47,53,14,14,0.98,0.89,1,9299,5751,533,2984,0.09,0.52,0.01,4,2,2,1,5,1
"P84645","Park View Medical Centre",0.95,56,60,51,64,15,16,0.93,0.8,0.94,1863,6447,714,3150,0.11,0.49,0.01,5,2,2,1,2,1
"P84644","Parkside Surgery",1,40,40,33,41,11,11,1,0.8,1,1078,7295,419,3335,0.06,0.46,0.01,5,2,1,1,1,1
"P84020","Peel Hall Medical Centre",0.99,67,68,86,106,23,26,0.99,0.81,0.88,557,9744,1077,4735,0.11,0.49,0.01,5,3,1,1,2,1
"P84056","Princess Road Surgery",0.74,30,30,25,30,14,14,1,0.83,1,6931,4413,496,2159,0.11,0.49,0.01,4,1,1,1,2,1
"P84014","Rk Medical Practice",0.71,64,74,38,72,23,32,0.86,0.53,0.72,854,5357,745,2692,0.14,0.5,0.01,5,2,4,2,3,1
"Y02520","Simpson Medical Practice",0.99,27,27,44,49,3,3,1,0.9,1,2299,5445,314,2785,0.06,0.51,0,5,2,1,1,4,1
"P84025","St George's Medical Centre",1,47,47,47,68,14,16,1,0.69,0.88,1738,7618,941,3767,0.12,0.49,0.01,5,2,1,2,2,1
"P84023","Surrey Lodge Practice",1,50,51,55,64,18,19,0.98,0.86,0.95,13522,9764,616,4405,0.06,0.45,0.01,3,3,1,1,1,1
"P84650","The Alexandra Practice",1,52,52,49,60,29,33,1,0.82,0.88,11274,6202,742,3119,0.12,0.5,0.01,3,2,2,2,3,1
"P84630","The Arch Medical Practice",1,45,45,58,70,14,16,1,0.83,0.88,11216,23327,764,11133,0.03,0.48,0,3,5,1,1,1,1
"P84049","The Avenue Medical Centre",1,195,198,167,204,65,71,0.98,0.82,0.92,2248,11407,1739,5951,0.15,0.52,0.02,5,4,5,2,5,1
"P84010","The Borchardt Medical Centre",1,71,72,67,81,33,37,0.99,0.83,0.89,6588,10381,1120,4937,0.11,0.48,0.01,4,4,1,1,1,1
"P84683","The Doc's Surgery",0.99,32,32,35,40,8,9,1,0.88,0.89,11026,13714,432,6141,0.03,0.45,0,3,4,1,1,1,1
"P84021","The Maples Medical Centre",1,93,93,87,107,28,29,1,0.81,0.97,3502,9352,1132,4798,0.12,0.51,0.01,5,3,2,2,5,1
"P84663","The Neville Family Centre",1,46,46,40,51,11,12,1,0.78,0.92,4162,5750,541,2817,0.09,0.49,0.01,5,2,2,1,2,1
"P84045","The Park Medical Centre",1,43,43,39,47,14,14,1,0.83,1,1847,5271,711,2532,0.13,0.48,0.01,5,1,2,2,1,1
"P84039","The Range Medical Centre",0.97,49,50,40,49,19,21,0.98,0.82,0.9,5881,12585,891,5844,0.07,0.46,0,4,4,1,1,1,1
"P84072","The Robert Darbishire Practice",1,68,68,83,108,16,18,1,0.77,0.89,1692,33881,975,16472,0.03,0.49,0,5,5,1,1,2,1
"P84635","The Whitswood Practice",1,14,14,16,17,11,11,1,0.94,1,3008,5285,358,2554,0.07,0.48,0,5,1,1,1,1,1
"P84048","Tregenna Group Practice",0.97,67,69,89,104,27,32,0.97,0.86,0.84,3137,6875,1061,3457,0.15,0.5,0.01,5,2,2,2,3,1
"P84019","Valentine Medical Centre",1,140,142,139,165,54,57,0.99,0.84,0.95,161,10784,1581,5448,0.15,0.51,0.01,5,4,3,2,3,1
"P84005","Vallance Medical",1,25,25,26,28,9,9,1,0.93,1,3104,14885,365,7399,0.02,0.5,0,5,5,1,1,2,1
"P84074","Wellfield Medical Centre",1,94,98,94,112,27,31,0.96,0.84,0.87,1274,11142,863,5031,0.08,0.45,0.01,5,4,2,1,1,1
"P84052","West Gorton Medical Practice",0.99,58,59,66,84,16,17,0.98,0.79,0.94,1719,7502,766,3688,0.1,0.49,0.01,5,2,2,1,2,1
"P84027","West Point Medical Centre",1,79,80,63,72,19,20,0.99,0.88,0.95,3275,8165,816,3904,0.1,0.48,0.01,5,3,2,1,1,1
"P84054","Whitley Road Medical Centre",1,70,71,79,101,14,15,0.99,0.78,0.93,1303,6335,935,3060,0.15,0.48,0.01,5,2,3,2,1,1
"P84071","Wilbraham Surgery",1,29,29,30,32,17,18,1,0.94,0.94,18843,4718,682,2427,0.14,0.51,0.01,2,1,1,2,5,1
"P84679","Willowbank Surgery",1,19,19,28,30,5,5,1,0.93,1,285,2213,198,1052,0.09,0.48,0.01,5,1,2,1,1,1
"P84626","Wilmslow Road Surgery",1,23,23,29,33,7,7,1,0.88,1,10822,5832,320,2486,0.05,0.43,0,3,2,1,1,1,1
"P84665","Withington Medical Practice",1,15,15,15,17,5,5,1,0.88,1,6588,4869,349,2277,0.07,0.47,0,4,1,1,1,1,1
"P84672","Woodlands Medical Practice",1,28,28,29,36,16,16,1,0.81,1,22428,3691,559,1830,0.15,0.5,0.01,2,1,2,2,2,1
"K82070","3W Health",0.95,201,214,131,184,97,125,0.94,0.71,0.78,17465,19499,4921,9941,0.25,0.51,0.01,2,5,3,5,4,1
"K82004","Amersham Health Centre",1,127,128,68,84,83,91,0.99,0.81,0.91,31855,14410,2568,7295,0.18,0.51,0.01,1,5,2,3,4,1
"K82061","Ashcroft Surgery",1,53,53,53,60,27,27,1,0.88,1,17465,4693,1052,2359,0.22,0.5,0.01,2,1,3,4,3,1
"Y01964","Berrycroft Community Health Centre",1,221,226,169,203,81,88,0.98,0.83,0.92,28194,28636,2667,14607,0.09,0.51,0.01,1,5,2,1,4,1
"K82066","Bourne End & Wooburn Green Medical Ctr",0.8,179,181,105,132,107,124,0.99,0.8,0.86,25307,13727,3339,7071,0.24,0.52,0.01,1,4,3,4,5,1
"K82033","Burnham Health Centre",1,221,226,160,203,111,121,0.98,0.79,0.92,15726,19171,3655,9832,0.19,0.51,0.01,3,5,3,3,5,1
"K82044","Carrington House Surgery",0.99,74,74,49,62,32,36,1,0.79,0.89,13520,10257,1098,5118,0.11,0.5,0.01,3,4,2,1,3,1
"K82029","Cherrymead Surgery",1,116,122,99,107,81,88,0.95,0.93,0.92,21556,11336,2046,5751,0.18,0.51,0.01,2,4,3,3,4,1
"K82020","Chiltern House Med Centre",1,77,77,50,55,30,32,1,0.91,0.94,17306,6228,996,3031,0.16,0.49,0.01,2,2,3,2,2,1
"K82603","Cressex Health Centre",1,94,95,91,112,50,51,0.99,0.81,0.98,25349,11719,1246,5746,0.11,0.49,0.01,1,4,2,1,2,1
"K82055","Denham Medical Centre",0.99,149,165,79,142,66,90,0.9,0.56,0.73,14819,10694,2198,5465,0.21,0.51,0.02,3,4,4,4,4,1
"K82017","Desborough Surgery",1,151,151,102,115,81,89,1,0.89,0.91,19042,14264,2143,7092,0.15,0.5,0.01,2,5,2,2,2,1
"K82079","Edlesborough Surgery",1,135,135,83,96,67,70,1,0.86,0.96,23535,8647,2168,4441,0.25,0.51,0.02,1,3,4,5,5,1
"K82058","Gladstone Road Surgery",1,49,50,45,54,24,26,0.98,0.83,0.92,9695,5909,952,2928,0.16,0.5,0.01,4,2,2,2,2,1
"K82028","Haddenham Medical Centre",1,118,121,74,94,56,76,0.98,0.79,0.74,21729,9884,2319,5081,0.23,0.51,0.01,2,3,3,4,5,1
"K82012","Highfield Surgery",0.68,99,108,57,81,55,78,0.92,0.7,0.71,29688,7100,1834,3704,0.26,0.52,0.02,1,2,4,5,5,1
"K82049","Hughenden Valley Surgery",1,200,203,106,126,115,127,0.99,0.84,0.91,29565,12139,3387,6223,0.28,0.51,0.02,1,4,4,5,5,1
"K82022","Kingswood Surgery",1,99,102,84,110,34,38,0.97,0.76,0.89,24323,10470,1295,5209,0.12,0.5,0.01,1,4,2,2,2,1
"K82621","Little Chalfont Surgery",1,48,48,35,42,24,26,1,0.83,0.92,25749,4691,826,2423,0.18,0.52,0.01,1,1,2,3,5,1
"K82011","Millbarn Medical Centre",0.95,104,106,65,86,62,74,0.98,0.76,0.84,33090,9944,1732,5198,0.17,0.52,0.01,1,3,3,3,5,1
"K82014","Oakfield Surgery",1,55,55,53,76,33,44,1,0.7,0.75,19173,5982,1051,2993,0.18,0.5,0.01,2,2,2,3,3,1
"K82038","Poplar Grove Practice",0.72,283,287,209,242,93,98,0.99,0.86,0.95,28124,23779,3532,11918,0.15,0.5,0.01,1,5,3,2,3,1
"K82053","Priory Surgery",1,137,138,96,121,76,85,0.99,0.79,0.89,13520,11601,1906,5658,0.16,0.49,0.01,3,4,3,3,2,1
"K82618","Prospect House Surgery",1,39,40,26,30,24,27,0.98,0.87,0.89,29544,3491,702,1715,0.2,0.49,0.01,1,1,3,3,2,1
"K82001","Rectory Meadow Surgery",1,111,113,83,102,86,93,0.98,0.81,0.92,30213,10542,2554,5426,0.24,0.51,0.01,1,4,3,4,5,1
"K82036","Riverside Surgery",1,110,113,90,106,47,50,0.97,0.85,0.94,10558,11374,1711,5763,0.15,0.51,0.01,3,4,2,2,4,1
"K82045","Southmead Surgery",1,91,93,79,100,73,78,0.98,0.79,0.94,25087,6973,1697,3637,0.24,0.52,0.01,1,2,3,4,5,1
"K82048","Stokenchurch Medical Ctre",1,115,115,75,82,72,78,1,0.91,0.92,21672,6861,1546,3472,0.23,0.51,0.02,2,2,4,4,4,1
"K82078","The Allan Practice",1,96,99,50,68,82,90,0.97,0.74,0.91,28248,10060,2248,5170,0.22,0.51,0.01,1,3,2,4,5,1
"K82021","The Cross Keys Practice",1,257,261,149,177,161,183,0.98,0.84,0.88,14088,15152,4141,7832,0.27,0.52,0.02,3,5,5,5,5,1
"K82023","The Doctors House, Marlow Medical Group",1,401,407,250,298,235,259,0.99,0.84,0.91,29063,27350,6488,14090,0.24,0.52,0.01,1,5,4,4,5,1
"K82008","The Hall Practice",1,134,144,84,99,103,113,0.93,0.85,0.91,28248,10485,2341,5407,0.22,0.52,0.01,1,4,4,4,5,1
"K82006","The Ivers Practice",1,92,93,81,110,42,48,0.99,0.74,0.88,15763,9338,1765,4571,0.19,0.49,0.01,3,3,2,3,2,1
"K82035","The John Hampden Surgery",1,45,45,29,36,24,25,1,0.81,0.96,14995,3803,848,2007,0.22,0.53,0.01,3,1,3,4,5,1
"K82019","The Mandeville Practice",1,134,135,105,137,41,45,0.99,0.77,0.91,8809,16561,1821,8241,0.11,0.5,0.01,4,5,2,1,2,1
"K82051","The Misbourne Surgery",1,152,155,76,98,101,106,0.98,0.78,0.95,28248,11222,2838,5714,0.25,0.51,0.01,1,4,4,5,4,1
"K82024","The New Surgery Chesham",1,162,165,94,116,70,82,0.98,0.81,0.85,9695,10938,2133,5418,0.2,0.5,0.02,4,4,4,3,2,1
"K82046","The Simpson Centre",1,237,243,150,198,150,168,0.98,0.76,0.89,33090,18553,3974,9500,0.21,0.51,0.01,1,5,3,4,4,1
"K82007","The Swan Practice",0.93,266,271,210,279,145,179,0.98,0.75,0.81,14900,31318,6120,15722,0.2,0.5,0.01,3,5,2,3,3,1
"K82031","Threeways Surgery",1,83,84,68,73,56,62,0.99,0.93,0.9,23389,6284,1252,3237,0.2,0.52,0.01,1,2,3,3,5,1
"K82010","Tower House Surgery",0.95,96,98,67,93,29,35,0.98,0.72,0.83,4416,10138,1348,4958,0.13,0.49,0.01,4,3,2,2,2,1
"K82047","Unity Health",1,284,289,195,242,155,175,0.98,0.81,0.89,32818,22816,5337,11657,0.23,0.51,0.01,1,5,3,4,4,1
"K82068","Waddesdon Surgery",1,36,36,38,42,29,31,1,0.9,0.94,23351,5597,1061,2823,0.19,0.5,0.01,1,2,1,3,3,1
"K82037","Water Meadow Surgery",0.99,179,182,92,123,99,113,0.98,0.75,0.88,15687,13548,2690,6895,0.2,0.51,0.01,3,4,3,3,4,1
"K82073","Westongrove Partnership",0.97,370,372,270,352,257,289,0.99,0.77,0.89,32600,33297,7000,17142,0.21,0.51,0.01,1,5,3,4,5,1
"K82040","Whitehill Surgery",1,106,106,80,98,53,56,1,0.82,0.95,13278,13998,1683,6893,0.12,0.49,0.01,3,5,2,2,2,1
"K82030","Wye Valley Surgery",0.88,101,117,50,81,50,63,0.86,0.62,0.79,17424,11696,1475,6075,0.13,0.52,0.01,2,4,2,2,5,1
"K81081","Abbey Medical Centre",1,11,11,13,13,3,3,1,1,1,10680,2366,228,1022,0.1,0.43,0,3,1,1,1,1,1
"K81014","Balmore Park Surgery",1,202,205,117,141,104,119,0.99,0.83,0.87,30684,20557,3741,10356,0.18,0.5,0.01,1,5,2,3,3,1
"Y02476","Broad Street Health Centre",1,22,23,31,35,11,11,0.96,0.89,1,16119,14261,497,6512,0.03,0.46,0,2,5,1,1,1,1
"K81047","Brookside Group Practice",1,358,359,232,270,163,173,1,0.86,0.94,32687,30791,5400,15181,0.18,0.49,0.01,1,5,3,3,2,1
"K81102","Burdwood Surgery",1,82,82,84,97,34,36,1,0.87,0.94,24287,10345,1570,5525,0.15,0.53,0.01,1,4,2,2,5,1
"K81103","Chapel Row Surgery",1,75,75,59,70,47,55,1,0.84,0.85,24364,8858,1871,4394,0.21,0.5,0.01,1,3,2,4,2,1
"K81026","Chatham Street Surgery",1,49,50,43,50,12,13,0.98,0.86,0.92,10680,8037,757,3712,0.09,0.46,0.01,3,3,1,1,1,1
"K81002","Eastfield House Surgery",0.97,114,115,99,129,59,65,0.99,0.77,0.91,16791,15540,2125,7612,0.14,0.49,0.01,2,5,2,2,2,1
"K81041","Emmer Green Surgery",1,144,145,94,108,82,94,0.99,0.87,0.87,25435,11647,2485,5916,0.21,0.51,0.01,1,4,3,4,4,1
"K81017","Falkland Surgery",0.96,202,202,123,142,136,141,1,0.87,0.96,33731,14448,3321,7198,0.23,0.5,0.01,1,5,4,4,2,1
"K81025","Finchampstead Practice",0.92,144,148,110,141,81,92,0.97,0.78,0.88,30516,19114,3577,9688,0.19,0.51,0.01,1,5,2,3,4,1
"K81078","Grovelands Medical Centre",1,122,124,118,150,69,75,0.98,0.79,0.92,13781,13903,2124,6866,0.15,0.49,0.01,3,4,2,2,2,1
"K81057","Hungerford Surgery",1,97,97,70,82,62,71,1,0.85,0.87,24353,7259,1852,3680,0.26,0.51,0.01,1,2,3,5,4,1
"J82054","Kintbury & Woolton Hill Surgery",0.99,129,132,85,107,69,78,0.98,0.79,0.88,16585,9561,2324,4884,0.24,0.51,0.01,2,3,4,4,4,1
"K81052","Lambourn Surgery",0.89,74,77,58,76,35,39,0.96,0.76,0.9,13144,6246,1473,3023,0.24,0.48,0.01,3,2,3,4,1,1
"K81069","Loddon Vale Practice",0.99,147,150,100,126,91,104,0.98,0.79,0.88,30326,14630,3239,7194,0.22,0.49,0.01,1,5,2,4,2,1
"K81007","London Street Surgery",0.96,27,28,26,33,11,13,0.96,0.79,0.85,20268,5705,553,2550,0.1,0.45,0,2,2,1,1,1,1
"K81048","Long Barn Lane Surgery",0.96,62,63,65,79,19,20,0.98,0.82,0.95,7397,9031,924,4405,0.1,0.49,0.01,4,3,1,1,2,1
"K81651","Melrose Surgery",1,96,97,96,123,37,41,0.99,0.78,0.9,16944,16447,1392,7833,0.08,0.48,0.01,2,5,1,1,1,1
"K81040","Milman & Kennet Surgery",1,119,121,108,142,51,56,0.98,0.76,0.91,13137,20296,2395,9518,0.12,0.47,0.01,3,5,1,2,1,1
"K81027","Mortimer Surgery",1,183,183,101,120,93,101,1,0.84,0.92,23506,11268,2569,5700,0.23,0.51,0.02,1,4,4,4,4,1
"K81080","New Wokingham Road Surgery",1,126,127,69,90,85,92,0.99,0.77,0.92,31965,9729,2047,4866,0.21,0.5,0.01,1,3,3,4,3,1
"K81045","Parkside Practice",1,179,182,124,148,92,100,0.98,0.84,0.92,26857,17292,2566,8543,0.15,0.49,0.01,1,5,2,2,2,1
"K81100","Pembroke Surgery",0.99,20,20,18,22,6,7,1,0.82,0.86,19803,6858,543,3273,0.08,0.48,0,2,2,1,1,1,1
"K81636","Russell Street Surgery",1,59,60,58,76,12,12,0.98,0.76,1,10680,9015,750,4152,0.08,0.46,0.01,3,3,1,1,1,1
"K81633","South Reading & Shinfield Group Med Prac",1,93,93,66,80,54,55,1,0.82,0.98,22995,11446,1110,5641,0.1,0.49,0.01,2,4,2,1,2,1
"K81063","Strawberry Hill Medical Centre",1,221,222,169,208,151,171,1,0.81,0.88,17334,22419,4197,11286,0.19,0.5,0.01,2,5,2,3,3,1
"K81003","Swallowfield Medical Practice",1,152,154,105,117,68,71,0.99,0.9,0.96,26372,15841,2431,8059,0.15,0.51,0.01,1,5,2,2,4,1
"K81073","Thatcham Health Centre",1,237,241,183,212,93,107,0.98,0.86,0.87,18959,18351,3669,9064,0.2,0.49,0.01,2,5,3,3,2,1
"K81012","The Boat House Surgery",0.89,150,156,89,148,63,99,0.96,0.6,0.64,30021,12168,2766,6180,0.23,0.51,0.01,1,4,3,4,4,1
"K81050","The Downland Practice",1,112,112,94,123,64,72,1,0.76,0.89,22218,11065,2178,5638,0.2,0.51,0.01,2,4,2,3,4,1
"K81004","The Potteries",1,208,208,135,162,92,103,1,0.83,0.89,20289,14553,3009,7462,0.21,0.51,0.01,2,5,4,4,5,1
"K81077","Theale Medical Centre",0.86,117,118,67,108,48,63,0.99,0.62,0.76,17940,10926,2035,5426,0.19,0.5,0.01,2,4,3,3,2,1
"K81644","Tilehurst Village Surgery",1,142,146,99,127,67,74,0.97,0.78,0.91,27353,15503,1988,7551,0.13,0.49,0.01,1,5,2,2,2,1
"K81070","Twyford Surgery",1,125,128,82,95,75,83,0.98,0.86,0.9,32059,12274,2335,6100,0.19,0.5,0.01,1,4,2,3,2,1
"K81605","University Medical Group",1,115,117,101,130,63,69,0.98,0.78,0.91,27832,32459,2041,15098,0.06,0.47,0,1,5,1,1,1,1
"K81055","Wargrave Practice",1,122,124,73,87,75,83,0.98,0.84,0.9,25560,7674,1942,3895,0.25,0.51,0.02,1,3,4,5,4,1
"K81062","Western Elms & Circuit Lane Surgeries",1,224,226,164,217,90,102,0.99,0.76,0.88,9315,27690,3836,13300,0.14,0.48,0.01,4,5,2,2,1,1
"K81056","Westwood Road Surgery",1,50,51,43,54,22,25,0.98,0.8,0.88,27353,6092,1060,3012,0.17,0.49,0.01,1,2,2,3,2,1
"K81022","Wokingham Medical Centre",1,309,312,168,218,218,248,0.99,0.77,0.88,26552,29155,5295,14717,0.18,0.5,0.01,1,5,3,3,3,1
"K81051","Woodley Practice",1,103,106,74,91,59,59,0.97,0.81,1,25911,13796,2097,6966,0.15,0.5,0.01,1,4,2,2,3,1
"K81092","Woosehill Practice",1,120,122,108,121,53,72,0.98,0.89,0.74,33497,15399,2581,8044,0.17,0.52,0.01,1,5,2,3,5,1
"L81051","168 Medical Group",1,458,467,295,348,217,238,0.98,0.85,0.91,9368,24322,5493,12207,0.23,0.5,0.02,4,5,5,4,3,1
"L81038","Air Balloon Surgery",1,148,152,131,173,73,82,0.97,0.76,0.89,14305,13380,2059,6531,0.15,0.49,0.01,3,4,3,2,2,1
"L81127","Almondsbury Surgery",1,67,69,49,62,40,46,0.97,0.79,0.87,26097,5917,1210,2972,0.2,0.5,0.01,1,2,3,4,3,1
"L81082","Bedminster Family Practice",1,105,107,83,104,36,42,0.98,0.8,0.86,6598,13859,1367,6750,0.1,0.49,0.01,4,4,2,1,2,1
"L81087","Beechwood Medical Practice",1,123,126,105,129,53,59,0.98,0.81,0.9,14014,12921,1770,6310,0.14,0.49,0.01,3,4,2,2,2,1
"L81120","Birchwood Medical Practice",1,82,84,85,96,34,38,0.98,0.89,0.89,16458,9347,1057,4645,0.11,0.5,0.01,2,3,2,1,2,1
"L81649","Bradley Stoke Surgery",0.79,111,116,79,113,34,42,0.96,0.7,0.81,27321,18988,1559,9232,0.08,0.49,0.01,1,5,1,1,2,1
"L81007","Bridge View Medical",1,322,322,273,339,148,171,1,0.81,0.87,6690,39146,4391,18861,0.11,0.48,0.01,4,5,2,1,1,1
"Y02578","Broadmead Medical Centre",1,22,22,18,20,6,8,1,0.9,0.75,10320,12269,246,5695,0.02,0.46,0,3,4,1,1,1,1
"L81130","Cadbury Heath Healthcare",1,139,139,109,130,62,67,1,0.84,0.93,9967,13030,2352,6607,0.18,0.51,0.01,3,4,3,3,4,1
"L81015","Charlotte Keel Medical Practice",1,116,118,120,144,33,39,0.98,0.83,0.85,3960,19358,1559,8752,0.08,0.45,0.01,5,5,1,1,1,1
"L81040","Clevedon Medical Centre",0.91,303,304,186,236,195,221,1,0.79,0.88,28592,16680,4556,8590,0.27,0.51,0.02,1,5,5,5,5,1
"L81050","Close Farm Surgery",1,104,106,69,77,54,57,0.98,0.9,0.95,28723,7380,1735,3721,0.24,0.5,0.01,1,2,4,4,3,1
"L81019","Concord Medical Centre",0.99,168,171,132,175,86,97,0.98,0.75,0.89,13351,18371,2757,9152,0.15,0.5,0.01,3,5,2,2,2,1
"L81024","Courtside Surgery",1,205,209,136,168,119,132,0.98,0.81,0.9,20495,15435,3199,7821,0.21,0.51,0.01,2,5,3,4,4,1
"L81095","Downton Road Surgery",0.92,157,157,115,135,36,40,1,0.85,0.9,9715,14751,1579,7379,0.11,0.5,0.01,4,5,3,1,3,1
"L81023","East Trees Health Centre",1,79,80,80,103,37,41,0.99,0.78,0.9,9795,15754,1210,7277,0.08,0.46,0.01,3,5,1,1,1,1
"L81632","Emersons Green Medical Centre",1,80,81,68,86,34,36,0.99,0.79,0.94,33039,11452,1202,5714,0.1,0.5,0.01,1,4,1,1,3,1
"L81131","Fallodon Way Medical Centre",0.93,153,154,81,107,79,92,0.99,0.76,0.86,32757,11525,2480,5836,0.22,0.51,0.01,1,4,3,4,4,1
"L81062","Fireclay Health",1,288,295,223,274,109,123,0.98,0.81,0.89,12462,24487,3254,12165,0.13,0.5,0.01,3,5,3,2,2,1
"L81013","Fishponds Family Practice",1,133,133,115,126,66,68,1,0.91,0.97,14014,13127,2309,6425,0.18,0.49,0.01,3,4,2,3,2,1
"L81014","Frome Valley Medical Centre",1,273,279,137,166,161,171,0.98,0.83,0.94,32388,14428,3479,7290,0.24,0.51,0.02,1,5,5,4,3,1
"L81078","Gloucester Road Medical Centre",1,149,153,130,161,70,78,0.97,0.81,0.9,24059,22614,2676,11208,0.12,0.5,0.01,1,5,1,2,2,1
"L81016","Graham Road Surgery",1,145,148,124,154,79,88,0.98,0.81,0.9,5039,9741,2173,4698,0.22,0.48,0.02,4,3,4,4,1,1
"L81054","Grange Road Surgery",1,156,166,136,163,55,65,0.94,0.83,0.85,11898,12210,1684,6177,0.14,0.51,0.01,3,4,4,2,4,1
"L81098","Greenway Community Practice",1,125,126,93,117,70,76,0.99,0.79,0.92,8024,11982,1679,6097,0.14,0.51,0.01,4,4,2,2,4,1
"L81079","Hanham Health",1,301,305,176,218,169,191,0.99,0.81,0.88,30271,21260,4884,10744,0.23,0.51,0.01,1,5,4,4,3,1
"L81600","Harbourside Family Practice",1,126,129,93,111,88,92,0.98,0.84,0.96,20906,11570,1961,5847,0.17,0.51,0.01,2,4,3,3,3,1
"L81083","Hartwood Healthcare",1,86,87,91,105,45,49,0.99,0.87,0.92,265,8689,1047,4363,0.12,0.5,0.01,5,3,2,2,3,1
"L81085","Heywood Family Practice",1,147,148,77,97,88,97,0.99,0.79,0.91,9960,6635,1732,3277,0.26,0.49,0.02,3,2,5,5,2,1
"L81041","Hillview Family Practice",0.95,68,72,81,102,19,22,0.94,0.79,0.86,265,7415,762,3768,0.1,0.51,0.01,5,2,2,1,4,1
"L81022","Horfield Hc",1,216,217,117,181,73,79,1,0.65,0.92,9443,17941,2224,8835,0.12,0.49,0.01,4,5,3,2,2,1
"L81670","Horizon Health Centre",1,48,48,57,73,11,11,1,0.78,1,720,5679,568,2878,0.1,0.51,0.01,5,2,2,1,4,1
"L81042","Kennedy Way Surgery",1,186,190,133,170,81,91,0.98,0.78,0.89,16225,12397,2675,6192,0.22,0.5,0.02,2,4,4,4,3,1
"L81063","Kingswood Health Centre",1,162,166,106,124,109,120,0.98,0.85,0.91,16127,13052,2448,6497,0.19,0.5,0.01,2,4,3,3,2,1
"L81089","Lawrence Hill Health Centre",1,72,72,62,79,39,43,1,0.78,0.91,2845,11612,1052,5414,0.09,0.47,0.01,5,4,1,1,1,1
"L81046","Leap Valley Medical Centre",1,80,81,47,56,49,51,0.99,0.84,0.96,13384,7714,1813,3826,0.24,0.5,0.01,3,3,2,4,2,1
"L81086","Mendip Vale Medical Practice",1,610,621,471,565,380,426,0.98,0.83,0.89,21313,46202,10630,23644,0.23,0.51,0.01,2,5,3,4,4,1
"L81012","Montpelier Health Centre",1,98,101,103,115,22,24,0.97,0.9,0.92,9802,19821,1397,8885,0.07,0.45,0.01,3,5,1,1,1,1
"L81669","Mvmg - Monks Park",1,473,485,345,405,252,277,0.98,0.85,0.91,16901,37797,6032,18660,0.16,0.49,0.01,2,5,3,2,2,1
"L81033","Nightingale Valley Practice",1,166,170,118,152,76,82,0.98,0.78,0.93,16458,14725,2192,7147,0.15,0.49,0.01,2,5,3,2,2,1
"L81055","Orchard Medical Centre",1,164,169,134,159,96,108,0.97,0.84,0.89,16378,12810,2218,6413,0.17,0.5,0.01,2,4,3,3,3,1
"L81081","Pembroke Road Surgery",1,153,154,86,99,85,93,0.99,0.87,0.91,31384,19972,2518,9864,0.13,0.49,0.01,1,5,2,2,2,1
"L81117","Pilning Surgery",1,58,62,40,60,31,36,0.94,0.67,0.86,19850,4310,981,2111,0.23,0.49,0.01,2,1,4,4,2,1
"L81037","Pioneer Medical Group",1,265,270,196,254,108,116,0.98,0.77,0.93,11813,23385,3162,11439,0.14,0.49,0.01,3,5,3,2,2,1
"L81004","Portishead Medical Group",1,289,294,196,240,174,200,0.98,0.82,0.87,25984,17740,4878,8950,0.27,0.5,0.02,1,5,4,5,3,1
"L81084","Priory Surgery",1,152,155,128,154,74,81,0.98,0.83,0.91,12401,11450,2000,5740,0.17,0.5,0.01,3,4,3,3,3,1
"L81018","Severn View Family Practice",1,151,155,94,118,109,119,0.97,0.8,0.92,17037,9050,2605,4583,0.29,0.51,0.02,2,3,5,5,4,1
"L81008","Shirehampton Group Practice",1,145,145,105,136,65,69,1,0.77,0.94,6691,11367,1836,5595,0.16,0.49,0.01,4,4,3,3,2,1
"L81103","St Mary Street Surgery",0.99,191,191,98,108,110,114,1,0.91,0.96,9112,8972,2037,4618,0.23,0.51,0.02,4,3,5,4,5,1
"L81066","Stafford Medical Group",1,120,121,110,144,37,39,0.99,0.76,0.95,21682,10909,1480,5406,0.14,0.5,0.01,2,4,3,2,2,1
"L81009","Stockwood Medical Centre",1,209,209,145,178,92,112,1,0.81,0.82,17477,10801,2220,5548,0.21,0.51,0.02,2,4,5,4,5,1
"L81118","Stoke Gifford Medical Centre",1,201,202,126,151,90,104,1,0.83,0.87,32000,20168,2733,9563,0.14,0.47,0.01,1,5,2,2,1,1
"L81106","Streamside Surgery",1,96,96,60,69,68,71,1,0.87,0.96,17037,5635,1385,2873,0.25,0.51,0.02,2,2,4,5,4,1
"L81031","The Armada Family Practice",1,221,224,178,219,124,139,0.99,0.81,0.89,18937,16298,3598,8143,0.22,0.5,0.01,2,5,4,4,3,1
"L81643","The Cedars Surgery",1,262,265,193,221,127,137,0.99,0.87,0.93,15776,16789,3985,8428,0.24,0.5,0.02,3,5,4,4,3,1
"L81026","The Downend Health Group",1,463,469,276,328,216,251,0.99,0.84,0.86,26005,28136,5530,14413,0.2,0.51,0.02,1,5,4,3,4,1
"L81090","The Family Practice",1,134,137,102,115,56,59,0.98,0.89,0.95,23869,17229,2027,8393,0.12,0.49,0.01,1,5,2,2,2,1
"L81053","The Lennard Surgery",0.94,114,120,84,108,64,73,0.95,0.78,0.88,20441,8417,1527,4248,0.18,0.5,0.01,2,3,4,3,3,1
"L81058","The Milton Surgery",1,191,193,132,159,103,111,0.99,0.83,0.93,21695,9084,2405,4681,0.26,0.52,0.02,2,3,5,5,5,1
"L81075","The Old School Surgery",1,131,134,102,120,86,97,0.98,0.85,0.89,14014,31786,1744,15030,0.05,0.47,0,3,5,1,1,1,1
"L81061","The Wellspring Surgery",1,67,67,70,80,28,30,1,0.88,0.93,13381,11399,796,5511,0.07,0.48,0.01,3,4,1,1,1,1
"L81029","Three Shires Medical Practice",1,133,136,89,108,81,86,0.98,0.82,0.94,18206,9649,2470,4855,0.26,0.5,0.01,2,3,4,5,3,1
"L81044","Tudor Lodge Surgery",1,244,248,184,226,131,142,0.98,0.81,0.92,17256,12162,2952,6158,0.24,0.51,0.02,2,4,5,4,4,1
"L81034","Tyntesfield Medical Group",1,625,636,398,453,400,449,0.98,0.88,0.89,19760,34422,8883,17524,0.26,0.51,0.02,2,5,5,5,4,1
"L81642","Wellington Road Surgery",1,66,68,40,47,39,45,0.97,0.85,0.87,31836,5904,1028,3097,0.17,0.52,0.01,1,2,3,3,5,1
"L81125","Wells Road Surgery",0.93,58,58,57,63,24,27,1,0.9,0.89,26258,9840,1050,4860,0.11,0.49,0.01,1,3,1,1,2,1
"L81047","West Walk Surgery",1,238,242,142,181,152,171,0.98,0.78,0.89,16225,14865,3206,7494,0.22,0.5,0.02,2,5,4,4,3,1
"L81017","Westbury On Trym Primary Care Centre",1,179,183,125,142,98,111,0.98,0.88,0.88,28559,12283,2428,6340,0.2,0.52,0.01,1,4,4,3,5,1
"L81091","Whiteladies Medical Group",1,154,159,118,132,79,88,0.97,0.89,0.9,30193,16560,3039,7913,0.18,0.48,0.01,1,5,2,3,1,1
"L81021","Winscombe Surgery",1,193,196,148,177,125,141,0.98,0.84,0.89,32084,11374,3057,5920,0.27,0.52,0.02,1,4,5,5,5,1
"M85736","Acocks Green Medical Centre",1,42,43,41,51,17,21,0.98,0.8,0.81,2569,5213,510,2309,0.1,0.44,0.01,5,1,2,1,1,1
"M85123","Al-Shafa Medical Centre",1,51,52,58,70,24,29,0.98,0.83,0.83,1363,8935,715,4146,0.08,0.46,0.01,5,3,1,1,1,1
"M85139","Alpha Medical Practice",1,39,41,38,54,14,15,0.95,0.7,0.93,431,5764,420,2722,0.07,0.47,0.01,5,2,1,1,1,1
"M85149","Alum Rock Medical Centre",1,56,56,49,59,17,21,1,0.83,0.81,663,5817,495,2634,0.09,0.45,0.01,5,2,2,1,1,1
"Y01068","Amaanah Medical Practice",1,26,26,23,29,9,9,1,0.79,1,663,4911,237,2347,0.05,0.48,0.01,5,1,1,1,1,1
"M85158","Apollo Surgery",1,26,26,19,27,11,12,1,0.7,0.92,3695,2179,434,1097,0.2,0.5,0.01,5,1,3,3,3,1
"M89030","Arden Medical Centre",1,68,69,46,59,48,53,0.99,0.78,0.91,30951,5993,1516,3127,0.25,0.52,0.01,1,2,3,5,5,1
"M89013","Arran Medical Centre",1,38,39,41,50,12,13,0.97,0.82,0.92,1886,6197,665,3126,0.11,0.5,0.01,5,2,1,1,3,1
"M85026","Ashfield Surgery",0.89,230,235,164,221,108,137,0.98,0.74,0.79,27223,14959,3977,7579,0.27,0.51,0.02,1,5,4,5,4,1
"M85749","Aubrey Road Medical Centre",1,16,16,15,16,7,7,1,0.94,1,1128,3126,261,1461,0.08,0.47,0.01,5,1,1,1,1,1
"M85779","Aylesbury Surgery",1,35,36,32,40,16,17,0.97,0.8,0.94,2286,2840,413,1439,0.15,0.51,0.01,5,1,3,2,4,1
"M85118","Baldwins Lane Surgery",1,32,33,23,29,18,20,0.97,0.79,0.9,23338,3113,653,1509,0.21,0.48,0.01,1,1,2,4,1,1
"M89016","Balsall Common & Meriden Group Practice",1,191,195,119,149,131,144,0.98,0.8,0.91,31845,12693,3310,6449,0.26,0.51,0.02,1,4,4,5,4,1
"M85766","Balsall Heath Health Centre (S)",0.96,14,16,19,28,4,4,0.88,0.68,1,1549,4265,311,1953,0.07,0.46,0,5,1,1,1,1,1
"M85117","Bartley Green Medical Practice",1,40,41,51,70,19,22,0.98,0.73,0.86,2239,5942,1051,3123,0.18,0.53,0.01,5,2,1,3,5,1
"M85025","Bath Row Medical Practice",0.99,41,42,54,67,18,19,0.98,0.81,0.95,11778,16428,890,7555,0.05,0.46,0,3,5,1,1,1,1
"M85124","Bellevue Medical Centre",1,40,40,55,72,23,25,1,0.76,0.92,2650,12782,1065,5963,0.08,0.47,0,5,4,1,1,1,1
"M85732","Bloomsbury Surgery",1,12,12,15,15,7,7,1,1,1,892,2470,191,1232,0.08,0.5,0,5,1,1,1,3,1
"M85781","Bordesley Green Surgery",1,15,15,16,19,6,6,1,0.84,1,1199,4012,238,1760,0.06,0.44,0,5,1,1,1,1,1
"M89008","Bosworth Medical Group",1,170,173,157,206,66,74,0.98,0.76,0.89,1155,13673,2183,7005,0.16,0.51,0.01,5,4,3,2,5,1
"M85041","Bournbrook Varsity Medical Centre",1,40,41,28,33,26,30,0.98,0.85,0.87,15905,14690,643,6889,0.04,0.47,0,3,5,1,1,1,1
"Y00471","Broadway Health Centre",1,24,24,35,45,16,18,1,0.78,0.89,1053,7734,575,3408,0.07,0.44,0,5,3,1,1,1,1
"M85113","Bucklands End Lane Surgery",1,64,65,58,67,28,31,0.98,0.87,0.9,6514,6177,976,2977,0.16,0.48,0.01,4,2,2,2,1,1
"M85701","Burbury Medical Centre",1,25,25,24,29,3,3,1,0.83,1,909,4815,310,2239,0.06,0.47,0.01,5,1,1,1,1,1
"M85642","Cavendish Medical Practice",1,46,47,43,51,18,20,0.98,0.84,0.9,202,5741,717,2782,0.12,0.48,0.01,5,2,2,2,1,1
"M85679","Charles Road Surgery",1,30,30,44,46,9,9,1,0.96,1,1395,5731,486,2778,0.08,0.48,0.01,5,2,1,1,1,1
"M85013","Church Lane - Khan",1,28,29,33,40,11,12,0.97,0.82,0.92,1071,3948,542,1944,0.14,0.49,0.01,5,1,2,2,2,1
"M85048","Church Road Surgery",1,137,140,99,133,76,83,0.98,0.74,0.92,6986,11218,2285,5716,0.2,0.51,0.01,4,4,3,4,4,1
"M85697","Church Road Surgery",1,42,43,47,50,15,15,0.98,0.94,1,851,4688,478,2299,0.1,0.49,0.01,5,1,2,1,2,1
"M85711","City Health Centre",1,9,9,11,17,2,2,1,0.65,1,4287,3916,259,1753,0.07,0.45,0,5,1,1,1,1,1
"M85684","City Road Medical Centre",1,5,5,4,4,2,2,1,1,1,943,4045,160,1851,0.04,0.46,0,5,1,1,1,1,1
"M85086","Cofton Medical Centre",1,67,69,81,93,45,48,0.97,0.87,0.94,22377,10646,1558,5435,0.15,0.51,0.01,2,4,1,2,4,1
"M85029","College Green Medical Practice",1,202,207,164,202,163,176,0.98,0.81,0.93,19636,19000,3838,9774,0.2,0.51,0.01,2,5,3,4,5,1
"M85087","College Road Surgery",1,151,154,123,142,56,64,0.98,0.87,0.88,3612,11134,1477,5742,0.13,0.52,0.01,5,4,4,2,5,1
"M85792","Cotmore Surgery",0.86,32,33,24,41,18,20,0.97,0.59,0.9,14460,3364,783,1692,0.23,0.5,0.01,3,1,2,4,3,1
"M85699","Coventry Road Medical Centre",1,33,33,37,45,6,6,1,0.82,1,570,5256,441,2252,0.08,0.43,0.01,5,1,1,1,1,1
"M89021","Coventry Road Practice",0.99,80,81,49,61,30,30,0.99,0.8,1,19230,4841,995,2416,0.21,0.5,0.02,2,1,4,4,3,1
"M85097","Cranes Park Road Surgery",1,8,8,11,13,6,6,1,0.85,1,19230,2199,318,1046,0.14,0.48,0,2,1,1,2,1,1
"M89012","Croft Medical Centre",1,119,119,117,132,57,64,1,0.89,0.89,1308,11175,1615,5653,0.14,0.51,0.01,5,4,3,2,4,1
"M89010","Dorridge Surgery",1,192,204,96,124,115,127,0.94,0.77,0.91,32896,10923,2842,5512,0.26,0.5,0.02,1,4,5,5,3,1
"M85730","Doski Medical Practice",1,25,25,35,42,11,12,1,0.83,0.92,10070,5531,546,2568,0.1,0.46,0,3,2,1,1,1,1
"M85717","Downsfield Medical Centre",0.46,31,31,39,46,10,11,1,0.85,0.91,1289,4247,525,2211,0.12,0.52,0.01,5,1,2,2,5,1
"M85716","Dr Khuroo's Practice",1,28,33,33,40,13,14,0.85,0.82,0.93,2629,5304,402,2415,0.08,0.46,0.01,5,2,1,1,1,1
"M85686","Dr Kulshrestha Family Practice",0.78,11,11,9,11,2,2,1,0.82,1,202,1504,165,761,0.11,0.51,0.01,5,1,2,1,4,1
"M85065","Dr Sn Clay And Partners",1,192,196,129,153,125,142,0.98,0.84,0.88,10279,14412,2777,7334,0.19,0.51,0.01,3,5,4,3,4,1
"M85128","Dr Walji And Colleagues",1,56,57,45,56,17,19,0.98,0.8,0.89,1549,5093,600,2457,0.12,0.48,0.01,5,1,3,2,1,1
"M85706","Druid Group - Emc Surgery",0.95,107,107,92,122,39,44,1,0.75,0.89,943,14223,1392,6831,0.1,0.48,0.01,5,5,2,1,1,1
"M85136","Druids Heath Surgery",1,88,89,87,105,37,41,0.99,0.83,0.9,665,10843,1248,5272,0.12,0.49,0.01,5,4,2,2,2,1
"M85079","Eden Court Medical Practice",1,191,191,122,135,59,60,1,0.9,0.98,3316,10679,1439,5590,0.13,0.52,0.02,5,4,5,2,5,1
"M85693","Featherstone Medical Centre",0.93,18,19,18,20,12,13,0.95,0.9,0.92,18749,2459,382,1167,0.16,0.47,0.01,2,1,2,2,1,1
"M85116","Fernley Medical Centre",1,54,55,39,52,29,32,0.98,0.75,0.91,1356,8567,855,4209,0.1,0.49,0.01,5,3,1,1,2,1
"M85154","Finch Road Primary Care Centre",1,21,21,27,30,8,9,1,0.9,0.89,500,4475,387,2144,0.09,0.48,0,5,1,1,1,1,1
"M85107","Firs Surgery",1,30,31,35,41,7,7,0.97,0.85,1,1036,3698,324,1780,0.09,0.48,0.01,5,1,2,1,1,1
"M85051","Firstcare Practice",1,26,26,37,46,7,7,1,0.8,1,1549,7734,557,3601,0.07,0.47,0,5,3,1,1,1,1
"M85694","Garretts Green Lane Surgery",1,26,26,29,33,10,10,1,0.88,1,3507,3792,499,1873,0.13,0.49,0.01,5,1,1,2,2,1
"M85170","Gate Medical Centre",1,40,41,39,44,17,18,0.98,0.89,0.94,334,5341,531,2368,0.1,0.44,0.01,5,2,2,1,1,1
"M89003","Gps Healthcare",1,571,582,357,475,327,368,0.98,0.75,0.89,12588,39470,9037,19903,0.23,0.5,0.01,3,5,4,4,3,1
"M89024","Grafton Road Surgery",0.73,30,31,25,33,14,16,0.97,0.76,0.88,9431,4054,762,2005,0.19,0.49,0.01,4,1,2,3,2,1
"M85076","Great Park Medical Group",1,82,83,96,125,27,31,0.99,0.77,0.87,5407,10717,1942,5468,0.18,0.51,0.01,4,4,2,3,4,1
"M89027","Green Lane Surgery",1,84,84,63,86,23,26,1,0.73,0.88,1886,8356,1093,4304,0.13,0.52,0.01,5,3,2,2,5,1
"M85006","Green Ridge Surgery",1,87,88,75,100,43,48,0.99,0.75,0.9,3411,10560,1501,5271,0.14,0.5,0.01,5,4,2,2,3,1
"M85670","Greenfield Medical Centre",1,25,26,20,24,10,11,0.96,0.83,0.91,431,3691,237,1620,0.06,0.44,0.01,5,1,1,1,1,1
"M85735","Greet Medical Practice",1,37,38,39,53,7,7,0.97,0.74,1,1639,6386,405,2985,0.06,0.47,0.01,5,2,1,1,1,1
"M85778","Halcyon Medical",0.81,6,6,9,11,1,1,1,0.82,1,8998,17664,219,8634,0.01,0.49,0,4,5,1,1,2,1
"Y00159","Hall Green Health",1,222,227,212,262,91,102,0.98,0.81,0.89,7250,31742,4063,15965,0.13,0.5,0.01,4,5,1,2,3,1
"Y03597","Hamd Medical Practice",0.87,25,25,28,35,10,12,1,0.8,0.83,1944,7350,363,3628,0.05,0.49,0,5,2,1,1,2,1
"M89608","Hampton Surgery",1,50,51,28,37,36,39,0.98,0.76,0.92,28519,3724,847,1870,0.23,0.5,0.01,1,1,4,4,3,1
"M85009","Hamstead Road Surgery",1,30,30,25,30,27,28,1,0.83,0.96,588,6615,1051,3205,0.16,0.48,0,5,2,1,2,1,1
"M85082","Handsworth Medical Pract.",1,35,35,36,38,14,14,1,0.95,1,628,5512,464,2392,0.08,0.43,0.01,5,2,1,1,1,1
"M85058","Harborne Medical Practice",1,88,103,68,108,69,80,0.85,0.63,0.86,19975,16248,1812,8224,0.11,0.51,0.01,2,5,1,1,4,1
"M85043","Hawkesley Medical Practice",0.99,48,48,51,56,20,22,1,0.91,0.91,309,4373,741,2253,0.17,0.52,0.01,5,1,3,3,5,1
"Y06378","Heath Street Health Centre",1,26,26,33,39,19,19,1,0.85,1,202,6945,336,3150,0.05,0.45,0,5,2,1,1,1,1
"M85634","Heathfield Family Centre",0.96,41,46,42,55,17,18,0.89,0.76,0.94,500,9893,880,4463,0.09,0.45,0,5,3,1,1,1,1
"M85713","Highgate Medical Centre",1,24,24,34,37,12,14,1,0.92,0.86,696,5327,434,2616,0.08,0.49,0,5,2,1,1,2,1
"M85016","Hillcrest Surgery",1,54,55,57,70,19,21,0.98,0.81,0.9,1683,5324,837,2618,0.16,0.49,0.01,5,2,2,2,2,1
"M89019","Hobs Moat Medical Centre",1,117,118,82,119,47,51,0.99,0.69,0.92,5828,11313,1765,5717,0.16,0.51,0.01,4,4,2,2,3,1
"M85797","Hockley Medical Practice",0.93,20,20,27,40,9,9,1,0.68,1,26401,11777,560,5677,0.05,0.48,0,1,4,1,1,1,1
"Y02567","Hodge Hill Family Practice",1,42,43,36,49,7,7,0.98,0.73,1,1784,6510,382,3337,0.06,0.51,0.01,5,2,1,1,5,1
"M85721","Holyhead Primary Health Care Centre",1,17,17,23,30,5,5,1,0.77,1,487,11055,437,4063,0.04,0.37,0,5,4,1,1,1,1
"Y02893","Iridium Medical Practice",0.94,194,215,180,234,78,87,0.9,0.77,0.9,1994,22161,2481,10972,0.11,0.5,0.01,5,5,2,1,2,1
"M85143","Jiggins Lane Medical Centre",0.99,85,87,82,103,32,37,0.98,0.8,0.86,2424,7335,1221,3738,0.17,0.51,0.01,5,2,3,3,4,1
"M85088","Karis Medical Centre",0.99,76,78,89,112,42,45,0.97,0.79,0.93,3425,17742,1754,8431,0.1,0.48,0,5,5,1,1,1,1
"M85600","Kings Norton Surgery",1,116,119,107,139,52,60,0.97,0.77,0.87,13301,16135,2099,8270,0.13,0.51,0.01,3,5,2,2,5,1
"M85014","Kingsbury Road Medical Centre",1,32,32,29,38,11,11,1,0.76,1,4865,4236,481,2049,0.11,0.48,0.01,4,1,2,1,1,1
"M85037","Kingsfield Medical Centre",1,92,94,71,86,47,51,0.98,0.83,0.92,18749,9359,2001,4743,0.21,0.51,0.01,2,3,2,4,4,1
"M89002","Kingshurst Medical Practice",1,51,51,72,81,16,17,1,0.89,0.94,12216,6441,859,3296,0.13,0.51,0.01,3,2,2,2,4,1
"M85155","Kingstanding Circle Surgery",1,85,86,64,82,31,37,0.99,0.78,0.84,10424,6756,924,3401,0.14,0.5,0.01,3,2,3,2,3,1
"M85176","Kirpal Medical Practice",1,31,31,31,38,16,18,1,0.82,0.89,1226,5463,543,2510,0.1,0.46,0.01,5,2,1,1,1,1
"M85027","Leach Heath Medical Centre",1,88,89,67,78,49,52,0.99,0.86,0.94,9496,8064,1499,4037,0.19,0.5,0.01,4,3,3,3,3,1
"M85028","Lordswood House Group Medical Practice",1,211,212,180,221,125,139,1,0.81,0.9,18385,25099,4275,12616,0.17,0.5,0.01,2,5,2,3,3,1
"M85179","Maypole Health Surgery Y",1,63,64,47,52,37,40,0.98,0.9,0.92,11484,4984,917,2573,0.18,0.52,0.01,3,1,3,3,5,1
"M85063","Midlands Medical Partnership",1,608,617,537,698,268,304,0.99,0.77,0.88,5292,57723,9339,27522,0.16,0.48,0.01,4,5,3,3,1,1
"M85023","Millennium Medical Centre",1,75,76,86,108,31,35,0.99,0.8,0.89,3222,9301,1353,4733,0.15,0.51,0.01,5,3,2,2,4,1
"M85746","Mirfield Surgery",1,34,34,43,54,11,12,1,0.8,0.92,1289,5565,579,2756,0.1,0.5,0.01,5,2,1,1,2,1
"M85178","Modality Birmingham",1,243,248,280,349,123,138,0.98,0.8,0.89,135,42789,4123,18662,0.1,0.44,0.01,5,5,1,1,1,1
"M85733","Moor Green Lane Medical Centre",1,52,54,59,70,26,27,0.96,0.84,0.96,16781,7236,831,3614,0.11,0.5,0.01,2,2,2,2,3,1
"M85021","Moseley Medical Centre",1,11,11,17,18,4,4,1,0.94,1,8920,4443,330,2068,0.07,0.47,0,4,1,1,1,1,1
"M85722","Naseby Medical Centre",1,29,29,19,24,9,9,1,0.79,1,1273,5556,374,2618,0.07,0.47,0.01,5,2,1,1,1,1
"M85759","Nechells Practice",0.89,47,47,49,80,12,14,1,0.61,0.86,1298,7399,586,3792,0.08,0.51,0.01,5,2,1,1,5,1
"M85164","Newport Medical Group",0.85,77,90,73,94,26,32,0.86,0.78,0.81,902,13541,1245,6057,0.09,0.45,0.01,5,4,1,1,1,1
"M89015","Northbrook Health Centre",1,155,155,115,135,74,83,1,0.85,0.89,5652,12250,2527,6270,0.21,0.51,0.01,4,4,3,4,4,1
"M85077","Northwood Medical Centre",1,86,97,74,108,65,69,0.89,0.69,0.94,14182,9559,2168,4866,0.23,0.51,0.01,3,3,2,4,4,1
"Y02794","Oakleaf",1,34,35,44,54,10,11,0.97,0.81,0.91,1944,12546,455,6157,0.04,0.49,0,5,4,1,1,2,1
"M85078","Oakwood Surgery",0.91,69,69,56,77,21,22,1,0.73,0.95,1220,10288,1075,4561,0.1,0.44,0.01,5,4,1,1,1,1
"M85034","Omnia Practice",1,107,110,98,121,36,37,0.97,0.81,0.97,3352,16734,1197,8242,0.07,0.49,0.01,5,5,1,1,2,1
"M85739","Pak Health Centre",1,27,27,30,36,3,3,1,0.83,1,431,5437,330,2240,0.06,0.41,0,5,2,1,1,1,1
"M89001","Parkfield Medical Centre",1,44,44,35,42,19,20,1,0.83,0.95,7255,3620,859,1793,0.24,0.5,0.01,4,1,3,4,2,1
"M85803","Pearl Medical Centre",1,42,42,45,47,13,13,1,0.96,1,597,11216,453,4961,0.04,0.44,0,5,4,1,1,1,1
"M85624","Perry Park Surgery",1,60,61,65,82,23,26,0.98,0.79,0.88,9247,6337,928,3053,0.15,0.48,0.01,4,2,2,2,1,1
"Y02571","Poplar Primary Care Centre",1,46,46,60,73,28,29,1,0.82,0.97,7896,8415,880,4294,0.1,0.51,0.01,4,3,1,1,4,1
"M91642","Queslett Medical Centre",1,14,14,16,17,5,5,1,0.94,1,18659,1678,272,802,0.16,0.48,0.01,2,1,2,3,1,1
"M85020","Raydocs Newtown",1,95,97,85,99,20,23,0.98,0.86,0.87,2558,20841,1596,10121,0.08,0.49,0,5,5,1,1,2,1
"M85070","Reservoir Road Surgery",0.98,102,102,90,107,45,51,1,0.84,0.88,2629,13697,1514,6554,0.11,0.48,0.01,5,4,2,1,1,1
"M89007","Richmond Medical Centre",1,70,72,45,60,31,35,0.97,0.75,0.89,22566,6803,1135,3399,0.17,0.5,0.01,2,2,2,3,3,1
"M85172","Ridgacre House Surgery",0.98,131,131,93,131,73,84,1,0.71,0.87,24372,13939,2179,7132,0.16,0.51,0.01,1,4,2,2,4,1
"M85156","River Brook Medical Centre",1,65,67,53,77,35,38,0.97,0.69,0.92,6051,10017,1124,4783,0.11,0.48,0.01,4,3,1,1,1,1
"M85098","Rotton Park Medical Centre",1,26,26,23,29,18,19,1,0.79,0.95,8877,5380,506,2351,0.09,0.44,0,4,2,1,1,1,1
"M85171","Rowlands Road Surgery",1,11,11,16,20,8,8,1,0.8,1,11589,2946,461,1440,0.16,0.49,0,3,1,1,2,2,1
"M85110","Saltley And Fernbank Medical Practice",1,52,52,46,60,22,24,1,0.77,0.92,663,10268,876,4704,0.09,0.46,0.01,5,4,1,1,1,1
"M85141","Schoolacre Road Surgery",1,49,53,52,59,17,19,0.92,0.88,0.89,1643,3064,632,1617,0.21,0.53,0.02,5,1,5,4,5,1
"M85055","Selly Oak Health Centre",1,31,31,34,39,17,18,1,0.87,0.94,17349,6688,655,3113,0.1,0.47,0,2,2,1,1,1,1
"M85042","Selly Park Surgery",0.95,39,40,36,44,25,27,0.98,0.82,0.93,14859,5058,854,2419,0.17,0.48,0.01,3,1,2,3,1,1
"M85001","Shah Zaman Surgery",0.95,59,61,51,67,18,21,0.97,0.76,0.86,3316,4794,673,2473,0.14,0.52,0.01,5,1,3,2,5,1
"M85062","Shenley Green Surgery",0.95,49,51,35,52,34,37,0.96,0.67,0.92,1268,4929,930,2538,0.19,0.51,0.01,5,1,2,3,5,1
"M88020","Sherwood House Medical Practice",1,111,114,89,110,72,80,0.97,0.81,0.9,4287,12731,2426,6365,0.19,0.5,0.01,5,4,2,3,3,1
"M85108","Small Heath Medical Practice",1,49,49,48,59,18,18,1,0.81,1,570,6045,532,2828,0.09,0.47,0.01,5,2,2,1,1,1
"Y00412","Soho Health Centre",1,36,36,40,50,18,21,1,0.8,0.86,1226,5758,542,2601,0.09,0.45,0.01,5,2,1,1,1,1
"M85757","Soho Road Health Centre",1,12,12,15,18,3,3,1,0.83,1,1226,4151,277,1923,0.07,0.46,0,5,1,1,1,1,1
"M85715","Soho Road Primary Care Centre",0.85,52,53,52,71,24,27,0.98,0.73,0.89,1226,11375,945,5487,0.08,0.48,0,5,4,1,1,1,1
"M89017","Solihull Healthcare Partnership",0.96,661,671,375,480,384,441,0.99,0.78,0.87,27318,56870,11786,28428,0.21,0.5,0.01,1,5,3,4,3,1
"M85756","Springfield Medical Pract",1,15,15,10,11,9,10,1,0.91,0.9,1220,2763,290,1138,0.1,0.41,0.01,5,1,1,1,1,1
"M85774","Springfield Surgery",1,28,28,30,35,8,9,1,0.86,0.89,1220,7523,495,3680,0.07,0.49,0,5,2,1,1,2,1
"M85030","St Heliers Medical Practice",0.98,155,159,153,188,76,81,0.97,0.81,0.94,4368,17744,2809,8958,0.16,0.5,0.01,4,5,2,2,3,1
"M89005","St. Margarets Medical Practice",1,102,104,73,88,70,75,0.98,0.83,0.93,30735,8622,1921,4387,0.22,0.51,0.01,1,3,3,4,4,1
"M85783","Strensham Road Surgery",1,14,14,21,22,6,6,1,0.95,1,1290,5708,331,2698,0.06,0.47,0,5,2,1,1,1,1
"Y00492","Summerfield Group Practice",1,9,9,27,35,3,3,1,0.77,1,202,8894,259,4114,0.03,0.46,0,5,3,1,1,1,1
"M85046","Sutton Coldfield Group Practice",0.97,725,745,509,583,482,513,0.97,0.87,0.94,33079,53284,11981,27107,0.22,0.51,0.01,1,5,4,4,4,1
"M85115","Sutton Road Surgery",1,22,22,27,30,13,13,1,0.9,1,7518,2218,414,1079,0.19,0.49,0.01,4,1,2,3,2,1
"M85177","Swanswell Medical Centre",1,65,66,43,54,28,30,0.98,0.8,0.93,21485,6364,867,3145,0.14,0.49,0.01,2,2,2,2,2,1
"M85794","The Balaji Surgery, The Sparkbrook Chc",0.9,21,22,29,41,5,5,0.95,0.71,1,325,4113,286,1774,0.07,0.43,0.01,5,1,1,1,1,1
"M85174","The Brook Surgery",1,35,35,28,43,10,10,1,0.65,1,325,4535,395,1944,0.09,0.43,0.01,5,1,2,1,1,1
"M89026","The Castle Practice",1,136,136,111,135,48,52,1,0.82,0.92,20177,10700,2200,5544,0.21,0.52,0.01,2,4,3,4,5,1
"M85081","The Dove Medical Practice",0.77,112,121,90,112,49,58,0.93,0.8,0.84,4272,9270,1535,4756,0.17,0.51,0.01,5,3,3,3,5,1
"M85031","The Harlequin Surgery",1,135,153,129,163,75,86,0.88,0.79,0.87,1860,10768,1950,5528,0.18,0.51,0.01,5,4,4,3,5,1
"M85175","The Hawthorns Surgery",0.73,146,167,66,118,67,92,0.87,0.56,0.73,29842,10514,3027,5324,0.29,0.51,0.02,1,4,4,5,4,1
"Y05826","The Hill Gp Practice",1,18,18,19,22,2,2,1,0.86,1,1220,6410,240,2946,0.04,0.46,0,5,2,1,1,1,1
"M85146","The Khattak Memorial Surgery",1,38,39,39,46,12,13,0.97,0.85,0.92,913,6480,462,2874,0.07,0.44,0.01,5,2,1,1,1,1
"M85024","The Limes Medical Centre",1,34,34,33,40,23,23,1,0.82,1,913,7163,603,3335,0.08,0.47,0,5,2,1,1,1,1
"M85033","The Manor Practice",1,220,221,157,202,122,129,1,0.78,0.95,18212,17594,3516,9022,0.2,0.51,0.01,2,5,3,3,5,1
"M85060","The Oaks Medical Centre",1,171,172,151,177,93,105,0.99,0.85,0.89,3695,15458,2645,7937,0.17,0.51,0.01,5,5,3,3,5,1
"M85005","The Park Medical Centre",1,39,40,34,45,19,22,0.98,0.76,0.86,1128,7599,591,3598,0.08,0.47,0.01,5,2,1,1,1,1
"M85770","The Sheldon Medical Centre",1,32,32,24,29,12,12,1,0.83,1,7004,2087,429,977,0.21,0.47,0.02,4,1,4,4,1,1
"M85145","The Slieve Surgery",1,83,85,72,88,41,46,0.98,0.82,0.89,13488,9696,1399,4750,0.14,0.49,0.01,3,3,2,2,2,1
"M85053","The St.Clements Surgery",1,26,26,42,48,7,8,1,0.88,0.88,1311,6750,635,3269,0.09,0.48,0,5,2,1,1,1,1
"M85011","The Swan Medical Centre",1,75,76,53,69,43,47,0.99,0.77,0.91,2390,7324,1321,3673,0.18,0.5,0.01,5,2,2,3,3,1
"M85084","The Wand Medical Centre",1,21,21,39,44,22,23,1,0.89,0.96,696,6400,616,3071,0.1,0.48,0,5,2,1,1,1,1
"M85019","Tower Hill Partnership",0.76,156,160,102,205,78,100,0.98,0.5,0.78,13127,18254,2771,9339,0.15,0.51,0.01,3,5,2,2,4,1
"M85669","Tudor Practice Stockland Green",1,39,40,50,56,5,5,0.98,0.89,1,2629,7388,496,3524,0.07,0.48,0.01,5,2,1,1,1,1
"M85167","University Medical Practice",1,30,31,21,26,21,25,0.97,0.81,0.84,30593,15290,740,7681,0.05,0.5,0,1,5,1,1,3,1
"M85676","Victoria Road Medical Ctr",0.92,20,21,32,42,10,11,0.95,0.76,0.91,851,6390,481,2977,0.08,0.47,0,5,2,1,1,1,1
"M85105","Victoria Road Surgery",1,63,63,49,58,24,26,1,0.84,0.92,5930,5229,690,2635,0.13,0.5,0.01,4,1,3,2,3,1
"M85074","Wake Green Surgery",1,48,53,48,66,20,25,0.91,0.73,0.8,5659,7922,1459,3816,0.18,0.48,0.01,4,3,1,3,1,1
"M85066","Ward End Medical Centre",0.99,67,69,64,87,28,31,0.97,0.74,0.9,3136,7370,1026,3571,0.14,0.48,0.01,5,2,2,2,1,1
"M85153","Weather Oak Medical Centre",1,24,24,31,33,8,8,1,0.94,1,941,3946,296,1760,0.08,0.45,0.01,5,1,1,1,1,1
"M85056","Weoley Park Surgery",0.97,58,59,66,86,25,27,0.98,0.77,0.93,9154,7393,1186,3573,0.16,0.48,0.01,4,2,2,2,1,1
"M85007","West Heath Surgery",1,225,228,201,243,135,147,0.99,0.83,0.92,4152,16933,2720,8665,0.16,0.51,0.01,5,5,3,2,4,1
"M85035","Woodgate Valley Health Centre",0.92,39,41,54,67,12,13,0.95,0.81,0.92,2075,5505,713,2808,0.13,0.51,0.01,5,2,2,2,4,1
"M85047","Woodland Road Surgery",1,70,72,53,71,32,35,0.97,0.75,0.91,17450,6083,1143,3169,0.19,0.52,0.01,2,2,3,3,5,1
"M85071","Wychall Lane Surgery",1,94,95,78,104,40,46,0.99,0.75,0.87,28515,7902,1677,3991,0.21,0.51,0.01,1,3,3,4,3,1
"M85061","Yardley Green Medical Centre",1,85,86,78,95,19,21,0.99,0.82,0.9,3352,12005,1216,5953,0.1,0.5,0.01,5,4,1,1,2,1
"M85094","Yardley Medical Centre",1,15,15,20,23,2,2,1,0.87,1,1403,2627,206,1118,0.08,0.43,0.01,5,1,1,1,1,1
"M85018","Yardley Wood Health Centre",1,111,113,103,118,64,73,0.98,0.87,0.88,6874,10596,2024,5391,0.19,0.51,0.01,4,4,3,3,4,1
"B86068","Abbey Grange Medical Practice",1,122,124,100,116,37,42,0.98,0.86,0.88,8233,7811,1449,3839,0.19,0.49,0.02,4,3,4,3,2,1
"B86051","Aire Valley Surgery",1,211,215,148,185,113,125,0.98,0.8,0.9,6808,14954,3030,7666,0.2,0.51,0.01,4,5,4,4,5,1
"B86070","Aireborough Family Practice",1,69,71,53,62,55,57,0.97,0.85,0.96,6808,4571,1130,2278,0.25,0.5,0.02,4,1,4,5,3,1
"B86039","Allerton Medical Centre",1,79,80,66,79,32,36,0.99,0.84,0.89,18908,9599,1400,4722,0.15,0.49,0.01,2,3,2,2,2,1
"B86008","Alwoodley Medical Centre",1,242,247,173,208,107,122,0.98,0.83,0.88,5586,19203,3924,9907,0.2,0.52,0.01,4,5,3,4,5,1
"B86096","Arthington Medical Centre",1,105,105,70,87,31,32,1,0.8,0.97,3655,5650,778,2682,0.14,0.47,0.02,5,2,5,2,1,1
"B86055","Ashfield Medical Centre",0.98,117,118,93,104,61,69,0.99,0.89,0.88,20701,6405,1342,3241,0.21,0.51,0.02,2,2,5,4,4,1
"B86655","Beech Tree Medical Centre",1,30,30,37,40,6,6,1,0.92,1,15823,2113,302,950,0.14,0.45,0.01,3,1,4,2,1,1
"B86667","Beeston Village Surgery",1,56,57,53,59,16,16,0.98,0.9,1,13476,8084,774,3948,0.1,0.49,0.01,3,3,1,1,2,1
"B86081","Bellbrooke Surgery",1,125,127,124,141,38,40,0.98,0.88,0.95,106,14900,1114,7084,0.07,0.48,0.01,5,5,2,1,1,1
"B86104","Bramley Village Health & Wellbeing Ctr",1,109,109,98,127,32,36,1,0.77,0.89,4349,17059,1409,8411,0.08,0.49,0.01,5,5,1,1,2,1
"B86069","Burley Park Medical Centre",1,78,80,68,79,31,32,0.98,0.86,0.97,3891,14129,939,6251,0.07,0.44,0.01,5,5,1,1,1,1
"B86030","Burton Croft Surgery",1,142,146,73,83,94,103,0.97,0.88,0.91,23772,11207,1926,5468,0.17,0.49,0.01,1,4,3,3,2,1
"B86108","Chapeltown Family Surgery",1,34,36,35,43,8,9,0.94,0.81,0.89,2202,6515,450,3152,0.07,0.48,0.01,5,2,1,1,1,1
"B86032","Chevin Medical Practice",1,350,352,198,253,203,217,0.99,0.78,0.94,22144,18839,5097,9563,0.27,0.51,0.02,2,5,5,5,4,1
"B86002","City View Medical Practice",0.96,99,102,87,108,42,47,0.97,0.81,0.89,1229,15275,1281,6810,0.08,0.45,0.01,5,5,1,1,1,1
"B86010","Collingham Church View Surgery",1,172,174,100,123,101,116,0.99,0.81,0.87,31586,9951,2816,5106,0.28,0.51,0.02,1,3,5,5,5,1
"B86103","Conway Medical Centre",0.99,14,14,12,18,6,7,1,0.67,0.86,367,4659,222,2190,0.05,0.47,0,5,1,1,1,1,1
"B86017","Craven Road Medical Practice",1,166,169,125,158,60,68,0.98,0.79,0.88,8752,17029,2049,7975,0.12,0.47,0.01,4,5,2,2,1,1
"B86033","Crossley Street Surgery",1,276,277,129,160,158,178,1,0.81,0.89,19573,11861,3585,6145,0.3,0.52,0.02,2,4,5,5,5,1
"B86019","Diamond Medical Group",0.98,238,241,155,184,109,117,0.99,0.84,0.93,29898,20136,3013,10075,0.15,0.5,0.01,1,5,3,2,3,1
"B86003","Dr G Lees & Partners",1,134,136,139,162,43,45,0.99,0.86,0.96,1178,17150,1676,8044,0.1,0.47,0.01,5,5,2,1,1,1
"B86005","Dr N Dumphy & Partners",1,61,61,53,64,14,14,1,0.83,1,401,5647,601,2693,0.11,0.48,0.01,5,2,3,1,1,1
"B86642","Dr S Hussain",0.92,25,25,24,29,6,6,1,0.83,1,6069,3049,298,1450,0.1,0.48,0.01,4,1,2,1,1,1
"B86094","Dr S M Chen & Partner",1,60,60,45,57,23,24,1,0.79,0.96,21413,4955,810,2428,0.16,0.49,0.01,2,1,3,3,2,1
"B86075","Dr T P Fox & Partners",1,214,220,173,207,100,105,0.97,0.84,0.95,30876,13346,2510,6830,0.19,0.51,0.02,1,4,4,3,4,1
"B86678","Drighlington Medical Centre",0.92,40,42,31,39,28,29,0.95,0.79,0.97,24999,2896,674,1491,0.23,0.51,0.01,1,1,4,4,5,1
"B86043","East Park Medical Centre",1,113,113,81,97,46,52,1,0.84,0.88,545,10294,1228,5131,0.12,0.5,0.01,5,4,3,2,3,1
"B86648","Family Doctors",1,37,38,27,28,21,22,0.97,0.96,0.95,30876,2416,730,1196,0.3,0.5,0.02,1,1,4,5,2,1
"B86106","Foundry Lane Surgery",1,83,84,73,96,20,21,0.99,0.76,0.95,445,7629,736,3850,0.1,0.5,0.01,5,2,3,1,3,1
"B86048","Garforth Medical Centre",1,250,255,159,185,135,149,0.98,0.86,0.91,27420,14529,3404,7451,0.23,0.51,0.02,1,5,5,4,5,1
"B86036","Gibson Lane Practice",1,220,223,142,173,107,120,0.99,0.82,0.89,31163,11116,2946,5697,0.27,0.51,0.02,1,4,5,5,5,1
"B86101","Gildersome Health Centre",0.95,52,52,46,53,31,35,1,0.87,0.89,13891,3480,836,1715,0.24,0.49,0.01,3,1,4,4,2,1
"B86038","Guiseley And Yeadon Medical Practice",1,174,179,120,143,80,85,0.97,0.84,0.94,6808,10958,2411,5553,0.22,0.51,0.02,4,4,4,4,4,1
"B86061","Harehills Corner Surgery",1,18,18,22,25,4,4,1,0.88,1,2401,5349,288,2350,0.05,0.44,0,5,2,1,1,1,1
"B86672","Hawthorn Surgery",1,85,85,69,79,28,28,1,0.87,1,28852,6863,937,3439,0.14,0.5,0.01,1,2,3,2,3,1
"B86004","Highfield Surgery",1,102,103,65,77,76,80,0.99,0.84,0.95,6394,8431,1824,4341,0.22,0.51,0.01,4,3,3,4,5,1
"B86011","Hillfoot Surgery",0.94,155,163,100,136,59,79,0.95,0.74,0.75,21889,9871,1672,4957,0.17,0.5,0.02,2,3,4,3,3,1
"B86025","Hyde Park Surgery",1,60,61,70,76,13,14,0.98,0.92,0.93,3897,10644,583,4708,0.05,0.44,0.01,5,4,1,1,1,1
"B86044","Ireland Wood Surgery",1,399,408,244,286,217,239,0.98,0.85,0.91,3896,28426,5214,14607,0.18,0.51,0.01,5,5,4,3,5,1
"B86092","Kippax Hall Surgery",1,94,94,75,90,43,47,1,0.83,0.91,7662,6832,1418,3538,0.21,0.52,0.01,4,2,4,4,5,1
"B86109","Kirkstall Lane Medical Centre",1,59,59,49,63,16,18,1,0.78,0.89,22997,7850,650,3470,0.08,0.44,0.01,2,3,2,1,1,1
"B86086","Laurel Bank Surgery",1,48,48,42,54,9,10,1,0.78,0.9,22997,7393,707,3435,0.1,0.46,0.01,2,2,1,1,1,1
"B86012","Leeds City Medical Practice",1,197,199,200,225,54,60,0.99,0.89,0.9,1229,19482,1649,9273,0.08,0.48,0.01,5,5,2,1,1,1
"B86064","Leigh View Medical Practice",1,174,179,161,216,88,100,0.97,0.75,0.88,6057,16854,3120,8536,0.19,0.51,0.01,4,5,3,3,4,1
"B86675","Lincoln Green Medical Centre",1,33,33,26,29,5,5,1,0.9,1,1856,4768,398,2100,0.08,0.44,0.01,5,1,1,1,1,1
"B86042","Lingwell Croft Surgery",1,174,176,121,149,63,71,0.99,0.81,0.89,16866,15795,2021,8024,0.13,0.51,0.01,2,5,3,2,4,1
"B86020","Lofthouse Surgery",0.99,152,155,119,141,75,85,0.98,0.84,0.88,17289,11165,2298,5686,0.21,0.51,0.01,2,4,4,4,4,1
"B86015","Manor Park Surgery",1,167,169,135,181,57,65,0.99,0.75,0.88,11247,13989,2103,7100,0.15,0.51,0.01,3,5,3,2,4,1
"B86009","Manston Surgery",1,143,144,97,115,79,87,0.99,0.84,0.91,20701,8175,1857,4185,0.23,0.51,0.02,2,3,5,4,4,1
"B86059","Meanwood Health Centre",1,185,187,145,184,77,83,0.99,0.79,0.93,9493,16230,2264,8181,0.14,0.5,0.01,4,5,3,2,3,1
"B86658","Moorfield House Surgery",1,174,175,131,154,76,87,0.99,0.85,0.87,17928,10945,2305,5505,0.21,0.5,0.02,2,4,4,4,3,1
"B86018","Mulberry Street Medical Practice",1,118,119,83,102,61,68,0.99,0.81,0.9,8334,7601,1706,3903,0.22,0.51,0.02,4,2,4,4,5,1
"B86666","Newton Surgery",1,46,46,41,53,8,9,1,0.77,0.89,18908,5601,534,2489,0.1,0.44,0.01,2,2,2,1,1,1
"B86089","Nova Scotia Medical Cntr",0.95,80,83,73,87,34,36,0.96,0.84,0.94,10425,5995,1155,2964,0.19,0.49,0.01,3,2,4,3,2,1
"B86022","Oakwood Lane Medical Practice",1,172,175,130,158,66,73,0.98,0.82,0.9,5529,14177,1780,7128,0.13,0.5,0.01,4,5,3,2,3,1
"Y02002","One Medicare Llp-The Light",0.78,17,17,20,22,4,4,1,0.91,1,9101,21047,312,9961,0.01,0.47,0,4,5,1,1,1,1
"B86006","Oulton Medical Centre",1,275,279,173,210,132,144,0.99,0.82,0.92,22247,15214,3168,7860,0.21,0.52,0.02,2,5,5,4,5,1
"B86093","Park Edge Practice",1,108,111,79,98,45,49,0.97,0.81,0.92,1890,5804,1025,2954,0.18,0.51,0.02,5,2,5,3,4,1
"B86052","Park Road & Menston",1,219,225,122,159,114,129,0.97,0.77,0.88,23637,11831,2979,6075,0.25,0.51,0.02,1,4,5,5,5,1
"B86024","Priory View Medical Centre",1,123,126,104,133,56,63,0.98,0.78,0.89,1236,9404,1579,4634,0.17,0.49,0.01,5,3,3,3,2,1
"B86014","Robin Lane Health And Wellbeing Centre",1,216,222,109,157,108,122,0.97,0.69,0.89,26822,13471,2378,6911,0.18,0.51,0.02,1,4,4,3,5,1
"B86016","Shaftesbury Medical Ctr.",1,255,255,200,229,83,90,1,0.87,0.92,4335,18379,2827,9357,0.15,0.51,0.01,5,5,4,2,4,1
"Y02494","Shakespeare Medical Practice",0.94,17,17,19,22,2,2,1,0.86,1,1856,8460,190,3864,0.02,0.46,0,5,3,1,1,1,1
"B86035","South Bank Surgery",1,142,143,127,147,43,47,0.99,0.86,0.91,6069,9424,1502,4650,0.16,0.49,0.02,4,3,4,2,2,1
"B86028","South Queen Medical Centre",1,95,97,70,90,19,26,0.98,0.78,0.73,10436,5176,846,2529,0.16,0.49,0.02,3,1,5,3,2,1
"B86034","Spa Surgery",1,112,114,70,76,76,84,0.98,0.92,0.9,27023,6811,1771,3498,0.26,0.51,0.02,1,2,4,5,5,1
"B86100","St Martins Practice",1,81,83,59,75,41,47,0.98,0.79,0.87,18908,7757,1059,3907,0.14,0.5,0.01,2,3,3,2,3,1
"B86067","The Dekeyser Group Practice",1,226,228,183,223,87,94,0.99,0.82,0.93,22684,16952,3084,8404,0.18,0.5,0.01,2,5,3,3,2,1
"B86054","The Garden Surgery",0.92,115,123,81,112,33,38,0.93,0.72,0.87,4335,6330,1015,3149,0.16,0.5,0.02,5,2,5,2,2,1
"B86062","The Medical Centre",1,139,141,109,135,37,44,0.99,0.81,0.84,4711,8287,1752,4050,0.21,0.49,0.02,4,3,4,4,2,1
"B86013","The North Leeds Medical Practice",1,152,155,117,143,78,88,0.98,0.82,0.89,22215,20660,1968,10092,0.1,0.49,0.01,2,5,2,1,2,1
"B86643","The Roundhay Road Surgery",0.94,21,21,24,28,8,10,1,0.86,0.8,640,3799,263,1651,0.07,0.43,0.01,5,1,1,1,1,1
"B86066","The Street Lane Practice",1,176,180,111,145,90,100,0.98,0.77,0.9,28737,14379,2699,7301,0.19,0.51,0.01,1,5,3,3,4,1
"B86060","Thornton Medical Centre",1,108,110,88,109,35,37,0.98,0.81,0.95,1236,10939,1435,5422,0.13,0.5,0.01,5,4,2,2,2,1
"B86041","Vesper Road",1,83,88,69,78,26,31,0.94,0.88,0.84,5631,7925,898,3833,0.11,0.48,0.01,4,3,3,1,1,1
"B86050","West Lodge Surgery",0.99,337,345,236,308,113,125,0.98,0.77,0.9,21909,20429,3479,10463,0.17,0.51,0.02,2,5,4,3,4,1
"B86029","Westgate Surgery",1,113,113,77,91,42,47,1,0.85,0.89,22144,5727,1326,2890,0.23,0.5,0.02,2,2,5,4,3,1
"B86673","Wetherby & Bramham Surgery",1,153,155,93,102,76,83,0.99,0.91,0.92,11784,7308,1913,3604,0.26,0.49,0.02,3,2,5,5,2,1
"B86071","Whitehall Surgery",1,96,98,77,94,44,49,0.98,0.82,0.9,28852,8521,1251,4322,0.15,0.51,0.01,1,3,3,2,4,1
"B86007","Windmill Health Centre",0.95,148,152,117,146,55,62,0.97,0.8,0.89,2513,9079,1470,4635,0.16,0.51,0.02,5,3,4,3,4,1
"B86057","Windsor House Group Practice",1,266,268,206,237,116,126,0.99,0.87,0.92,10436,19704,3395,10075,0.17,0.51,0.01,3,5,4,3,4,1
"B86049","Woodhouse Medical Practice",1,92,93,80,96,29,34,0.99,0.83,0.85,8752,10288,960,5025,0.09,0.49,0.01,4,4,2,1,2,1
"C81026","Adam House Medical Centre",1,94,96,46,64,55,63,0.98,0.72,0.87,10930,6471,1417,3212,0.22,0.5,0.01,3,2,4,4,2,1
"C81047","Alvaston Medical Centre",1,262,274,148,190,132,154,0.96,0.78,0.86,7891,12088,3057,6168,0.25,0.51,0.02,4,4,5,5,4,1
"C81048","Appletree Medical Practice",1,239,240,118,153,142,160,1,0.77,0.89,29919,11080,3010,5664,0.27,0.51,0.02,1,4,5,5,4,1
"C81634","Arden House Medical Practice",1,60,60,58,64,25,26,1,0.91,0.96,25644,4639,916,2345,0.2,0.51,0.01,1,1,3,3,3,1
"C81017","Arthur Medical Centre",0.95,139,149,92,108,72,77,0.93,0.85,0.94,24320,9041,2151,4579,0.24,0.51,0.02,1,3,4,4,4,1
"C81037","Ashbourne Medical Practice",1,173,183,117,141,90,99,0.95,0.83,0.91,15369,10548,2742,5352,0.26,0.51,0.02,3,4,5,5,4,1
"C81611","Ashover Medical Centre",1,42,42,29,33,33,36,1,0.88,0.92,21274,2481,814,1281,0.33,0.52,0.02,2,1,4,5,5,1
"C81662","Barlborough Medical Practice",1,106,108,80,110,49,55,0.98,0.73,0.89,23875,8450,1734,4348,0.21,0.51,0.01,1,3,3,4,5,1
"C81013","Baslow Health Centre",0.99,111,114,63,81,57,67,0.97,0.78,0.85,27490,4686,1622,2448,0.35,0.52,0.02,1,1,5,5,5,1
"C81653","Brook Medical Centre",0.98,46,49,31,40,20,24,0.94,0.78,0.83,19144,4533,629,2113,0.14,0.47,0.01,2,1,3,2,1,1
"C81065","Buxton Medical Practice",1,161,165,96,111,65,71,0.98,0.86,0.92,30962,9075,1840,4506,0.2,0.5,0.02,1,3,5,4,2,1
"C81649","Calow And Brimington Practice",1,137,140,91,109,65,77,0.98,0.83,0.84,8358,7875,1699,4037,0.22,0.51,0.02,4,3,5,4,5,1
"C81638","Castle Street Medical Centre",1,68,71,59,64,24,27,0.96,0.92,0.89,4454,3929,764,1947,0.19,0.5,0.02,4,1,5,3,2,1
"C81068","Chapel Street Medical Centre",1,209,220,111,134,86,98,0.95,0.83,0.88,20037,12370,2495,6239,0.2,0.5,0.02,2,4,5,4,3,1
"C81067","Chatsworth Road Medical Centre",1,206,208,110,126,131,145,0.99,0.87,0.9,32694,9767,3078,5098,0.32,0.52,0.02,1,3,5,5,5,1
"C81056","Clay Cross Medical Centre",0.95,101,108,72,98,49,58,0.94,0.73,0.84,3259,6645,1564,3371,0.24,0.51,0.02,5,2,4,4,4,1
"C81097","College Street Medical Practice",0.98,106,109,69,85,36,40,0.97,0.81,0.9,14443,6065,1124,2955,0.19,0.49,0.02,3,2,5,3,2,1
"C81615","Cottage Lane Surgery",0.93,43,44,36,39,15,15,0.98,0.92,1,19289,2313,365,1158,0.16,0.5,0.02,2,1,5,2,3,1
"C81096","Crag's Health Care",1,73,73,73,78,31,35,1,0.94,0.89,3495,5706,1309,2843,0.23,0.5,0.01,5,2,3,4,2,1
"C81030","Credas Medical",1,229,232,131,153,129,148,0.99,0.86,0.87,28586,8996,2857,4583,0.32,0.51,0.03,1,3,5,5,4,1
"Y04977","Creswell And Langwith Medical Centre",0.99,94,99,84,97,34,36,0.95,0.87,0.94,3495,5588,1046,2747,0.19,0.49,0.02,5,2,5,3,2,1
"C81094","Crich Medical Practice",0.93,162,178,92,114,83,95,0.91,0.81,0.87,15301,8132,2452,4113,0.3,0.51,0.02,3,3,5,5,4,1
"C81118","Derby Family Medical Centre",1,87,90,81,107,27,33,0.97,0.76,0.82,159,8395,911,4074,0.11,0.49,0.01,5,3,3,1,2,1
"C81652","Derwent Medical Centre",0.94,49,54,51,63,20,20,0.91,0.81,1,6092,4968,675,2241,0.14,0.45,0.01,4,1,3,2,1,1
"C81014","Derwent Valley Medical Practice",1,150,154,98,134,71,77,0.97,0.73,0.92,5177,11842,2298,5931,0.19,0.5,0.01,4,4,3,3,3,1
"C81025","Dronfield Medical Practice",1,212,212,142,156,111,119,1,0.91,0.93,17805,10348,2713,5432,0.26,0.52,0.02,2,4,5,5,5,1
"C81604","Eden Surgery",1,79,80,62,75,25,31,0.99,0.83,0.81,9141,4702,834,2430,0.18,0.52,0.02,4,1,4,3,5,1
"C81074","Elmwood Medical Centre",0.97,80,89,38,69,31,45,0.9,0.55,0.69,13336,5546,1270,2689,0.23,0.48,0.02,3,2,4,4,1,1
"C81095","Emmett Carr Surgery",0.95,74,83,62,76,26,33,0.89,0.82,0.79,13541,4918,917,2455,0.19,0.5,0.02,3,1,4,3,3,1
"C81092","Evelyn Medical Centre",1,90,92,80,94,70,75,0.98,0.85,0.93,21886,5692,1820,2922,0.32,0.51,0.02,2,2,4,5,5,1
"C81039","Eyam Surgery",1,66,66,44,49,44,48,1,0.9,0.92,21912,3607,1077,1831,0.3,0.51,0.02,2,1,5,5,4,1
"C81655","Family Friendly Surgery",0.93,60,61,45,57,30,34,0.98,0.79,0.88,10643,3703,981,1829,0.26,0.49,0.02,3,1,4,5,2,1
"C81036","Friar Gate Surgery",1,58,59,41,52,41,45,0.98,0.79,0.91,10596,5087,733,2389,0.14,0.47,0.01,3,1,3,2,1,1
"C81115","Gladstone House Surgery",0.93,80,81,55,74,42,47,0.99,0.74,0.89,18620,5063,1192,2583,0.24,0.51,0.02,2,1,4,4,4,1
"C81080","Goyt Valley Medical Practice",1,158,161,104,123,75,81,0.98,0.85,0.93,19564,8142,2126,4074,0.26,0.5,0.02,2,3,5,5,3,1
"C81114","Gresleydale Healthcare Centre",1,167,167,138,172,62,71,1,0.8,0.87,32546,13553,1991,6814,0.15,0.5,0.01,1,4,3,2,3,1
"C81062","Hannage Brook Medical Centre",1,179,180,123,149,89,104,0.99,0.83,0.86,20220,8975,2607,4607,0.29,0.51,0.02,2,3,5,5,5,1
"C81082","Hartington Surgery",1,49,50,34,42,22,23,0.98,0.81,0.96,14553,3404,988,1669,0.29,0.49,0.01,3,1,4,5,2,1
"Y01812","Heartwood Medical Practice",1,165,165,111,135,68,75,1,0.82,0.91,5270,11246,1873,5774,0.17,0.51,0.01,4,4,4,3,5,1
"C81086","Henmore Health - Ashbourne Surgery",1,94,95,82,98,69,80,0.99,0.84,0.86,15369,8128,2108,4107,0.26,0.51,0.01,3,3,3,5,3,1
"C81075","Henmore Health - Brailsford Surgery",1,84,86,50,56,49,54,0.98,0.89,0.91,26624,5219,1501,2632,0.29,0.5,0.02,1,1,4,5,3,1
"C81054","Hollybrook Medical Centre",1,402,405,332,402,185,198,0.99,0.83,0.93,17358,35310,4996,17572,0.14,0.5,0.01,2,5,3,2,2,1
"C81006","Horizon Healthcare",1,267,269,200,232,85,88,0.99,0.86,0.97,74,26102,2894,12638,0.11,0.48,0.01,5,5,2,1,1,1
"C81028","Imperial Road Surgery",1,120,120,65,94,73,85,1,0.69,0.86,24643,7317,2250,3686,0.31,0.5,0.02,1,2,4,5,3,1
"C81084","Inspire Health - Avenue House Surgery",1,309,310,216,254,146,162,1,0.85,0.9,11755,20561,4413,10428,0.21,0.51,0.02,3,5,4,4,4,1
"C81004","Ivy Grove Surgery",1,166,169,132,162,96,111,0.98,0.81,0.86,12250,10336,2661,5329,0.26,0.52,0.02,3,4,4,5,5,1
"C81005","Jessop Medical Practice",1,313,322,240,296,126,139,0.97,0.81,0.91,21237,16901,3821,8472,0.23,0.5,0.02,2,5,5,4,3,1
"C81049","Kelvingrove Medical Centre",1,134,138,129,157,51,54,0.97,0.82,0.94,19653,9702,1915,4885,0.2,0.5,0.01,2,3,4,3,3,1
"C81091","Killamarsh Medical Practice",0.95,156,161,107,147,56,71,0.97,0.73,0.79,17476,8470,2042,4260,0.24,0.5,0.02,2,3,5,4,3,1
"C81106","Lambgates Health Centre",1,98,99,64,84,44,49,0.99,0.76,0.9,9138,7257,1348,3686,0.19,0.51,0.01,4,2,4,3,4,1
"C81101","Lime Grove Medical Centre",1,133,134,93,104,65,73,0.99,0.89,0.89,10493,8330,2101,4222,0.25,0.51,0.02,3,3,4,5,4,1
"C81099","Limes Medical Centre",1,171,187,151,195,65,77,0.91,0.77,0.84,5757,10708,2492,5356,0.23,0.5,0.02,4,4,5,4,3,1
"Y05286","Lister House Chellaston",0.95,150,153,164,177,55,59,0.98,0.93,0.93,18140,17278,1789,8810,0.1,0.51,0.01,2,5,2,1,4,1
"C81072","Lister House Surgery",0.92,235,237,193,239,108,117,0.99,0.81,0.92,3578,30189,2840,14576,0.09,0.48,0.01,5,5,2,1,1,1
"C81061","Littlewick Medical Centre",1,220,225,181,236,116,130,0.98,0.77,0.89,9761,17924,3753,8849,0.21,0.49,0.01,3,5,3,4,2,1
"C81073","Macklin Street Surgery",1,160,162,119,134,58,63,0.99,0.89,0.92,3220,12746,1905,5912,0.15,0.46,0.01,5,4,3,2,1,1
"C81081","Manor House Surgery",1,320,326,308,389,170,195,0.98,0.79,0.87,10818,20278,4433,10353,0.22,0.51,0.02,3,5,4,4,4,1
"C81108","Melbourne & Chellaston Medical Practice",1,227,231,147,186,97,107,0.98,0.79,0.91,25386,15499,3229,7850,0.21,0.51,0.01,1,5,4,4,4,1
"C81042","Mickleover Medical Centre",1,137,139,91,118,84,87,0.99,0.77,0.97,16165,13107,3042,6759,0.23,0.52,0.01,2,4,2,4,5,1
"C81113","Mickleover Surgery",1,79,79,78,96,37,42,1,0.81,0.88,27643,6527,1401,3317,0.21,0.51,0.01,1,2,3,4,4,1
"C81015","Newbold Surgery",1,231,233,154,183,113,128,0.99,0.84,0.88,10900,12181,3104,6245,0.25,0.51,0.02,3,4,5,5,5,1
"C81020","Newhall Surgery",1,146,150,124,146,53,59,0.97,0.85,0.9,12598,11013,2349,5472,0.21,0.5,0.01,3,4,4,4,2,1
"C81055","North Wingfield Medical Centre",1,70,72,72,76,33,35,0.97,0.95,0.94,2363,4811,997,2425,0.21,0.5,0.01,5,1,4,4,3,1
"C81070","Oakhill Medical Practice",0.98,104,112,65,73,70,74,0.93,0.89,0.95,15597,3900,1262,1974,0.32,0.51,0.03,3,1,5,5,4,1
"C81021","Old Station Surgery",1,212,214,149,193,66,76,0.99,0.77,0.87,6385,15076,2848,7569,0.19,0.5,0.01,4,5,4,3,3,1
"C81071","Osmaston Surgery",0.74,123,125,103,154,42,58,0.98,0.67,0.72,1255,12762,1765,5916,0.14,0.46,0.01,5,4,2,2,1,1
"C81066","Overdale Medical Practice",1,225,229,161,181,107,116,0.98,0.89,0.92,25751,12046,2888,6146,0.24,0.51,0.02,1,4,5,4,4,1
"C81064","Park Farm Medical Centre",0.99,270,277,110,138,154,175,0.97,0.8,0.88,26472,12695,2938,6551,0.23,0.52,0.02,1,4,5,4,5,1
"C81040","Park Lane Surgery",1,161,167,84,96,75,86,0.96,0.88,0.87,32743,8240,2139,4229,0.26,0.51,0.02,1,3,5,5,5,1
"C81031","Park Surgery",1,153,155,118,146,51,55,0.99,0.81,0.93,10341,9477,1872,4777,0.2,0.5,0.02,3,3,4,3,3,1
"Y05733","Parkfields Surgery",1,82,84,77,100,35,39,0.98,0.77,0.9,3338,6642,1017,3235,0.15,0.49,0.01,5,2,3,2,2,1
"C81053","Parkside Surgery",1,201,203,144,175,75,78,0.99,0.82,0.96,5757,10844,2240,5487,0.21,0.51,0.02,4,4,5,4,4,1
"C81016","Peak & Dales Medical Partnership",1,162,162,110,141,107,120,1,0.78,0.89,17087,8655,2611,4403,0.3,0.51,0.02,2,3,5,5,4,1
"C81616","Peartree Medical Centre",1,48,48,56,59,25,27,1,0.95,0.93,852,5380,564,2635,0.1,0.49,0.01,5,2,2,1,2,1
"C81059","Ripley Medical Centre",1,101,102,71,89,35,42,0.99,0.8,0.83,12250,6159,1299,3096,0.21,0.5,0.02,3,2,4,4,3,1
"C81069","Riversdale Surgery",0.99,193,196,204,233,108,116,0.98,0.88,0.93,16833,13557,3365,6949,0.25,0.51,0.01,2,4,4,5,5,1
"C81052","Royal Primary Care Brooklyn",1,106,108,109,121,49,53,0.98,0.9,0.92,19653,7185,1487,3543,0.21,0.49,0.02,2,2,4,4,2,1
"Y04995","Royal Primary Care Chesterfield",1,283,288,261,302,115,131,0.98,0.86,0.88,594,19047,3724,9448,0.2,0.5,0.02,5,5,4,3,2,1
"C81045","Royal Primary Care Chesterfield West",1,154,158,142,162,87,93,0.97,0.88,0.94,11755,13115,2726,6387,0.21,0.49,0.01,3,4,3,4,2,1
"C81008","Royal Primary Care Clay Cross",1,179,180,134,161,87,100,0.99,0.83,0.87,9489,9754,2269,4894,0.23,0.5,0.02,4,3,5,4,3,1
"C81003","Sett Valley Medical Centre",1,208,212,148,176,82,87,0.98,0.84,0.94,20677,10030,2516,4960,0.25,0.49,0.02,2,3,5,5,2,1
"C81033","Shires Healthcare",1,239,244,248,281,125,138,0.98,0.88,0.91,2024,16150,2945,8231,0.18,0.51,0.02,5,5,4,3,4,1
"C81640","Simmondley Medical Practice",1,51,52,41,45,27,28,0.98,0.91,0.96,23619,3748,835,1873,0.22,0.5,0.01,1,1,4,4,3,1
"C81027","Somercotes Medical Centre",1,111,112,112,137,50,54,0.99,0.82,0.93,4240,8164,1620,4103,0.2,0.5,0.01,5,3,4,3,3,1
"C81022","South Street Surgery",1,68,68,50,58,32,36,1,0.86,0.89,18620,4076,933,2085,0.23,0.51,0.02,2,1,4,4,4,1
"C81001","Springs Health Centre",0.98,185,186,139,179,95,104,0.99,0.78,0.91,13450,11479,2509,5777,0.22,0.5,0.02,3,4,4,4,3,1
"C81647","St Lawrence Road Surgery",1,110,115,66,80,33,39,0.96,0.82,0.85,12520,4167,1100,2125,0.26,0.51,0.03,3,1,5,5,4,1
"C81029","Staffa Health",1,242,248,193,232,111,122,0.98,0.83,0.91,10307,17318,3788,8748,0.22,0.51,0.01,3,5,4,4,3,1
"C81034","Stewart Medical Centre",1,158,160,125,150,88,100,0.99,0.83,0.88,8033,11253,2614,5699,0.23,0.51,0.01,4,4,4,4,4,1
"C81089","Stubley Medical Centre",1,145,149,103,125,98,108,0.97,0.82,0.91,29103,6129,1695,3026,0.28,0.49,0.02,1,2,5,5,2,1
"C81032","Swadlincote Surgery",1,247,251,178,211,86,95,0.98,0.84,0.91,12179,13857,2972,6931,0.21,0.5,0.02,3,4,5,4,3,1
"C81023","The Aitune Medical Practice",1,136,136,107,124,50,54,1,0.86,0.93,11172,7971,1992,4042,0.25,0.51,0.02,3,3,5,5,4,1
"C81058","The Brimington Surgery",1,169,169,115,146,80,87,1,0.79,0.92,7308,8837,1910,4422,0.22,0.5,0.02,4,3,5,4,3,1
"C81010","The Moir Medical Centre",1,201,204,162,197,108,119,0.99,0.82,0.91,6072,13700,2962,6620,0.22,0.48,0.01,4,4,4,4,1,1
"C81051","The Park Medical Practice",1,377,381,286,329,152,173,0.99,0.87,0.88,17257,27254,4824,13631,0.18,0.5,0.01,2,5,4,3,3,1
"C81012","The Surgery At Wheatbridge",1,231,232,168,214,118,134,1,0.79,0.88,4844,15893,3461,7958,0.22,0.5,0.01,4,5,4,4,3,1
"C81002","The Valleys Medical Partnership",1,252,257,150,199,143,165,0.98,0.75,0.87,15361,12352,3169,6339,0.26,0.51,0.02,3,4,5,5,5,1
"C81050","The Village Surgery",1,150,152,112,135,65,72,0.99,0.83,0.9,11717,9566,1962,4753,0.21,0.5,0.02,3,3,4,4,2,1
"C81063","Thornbrook Surgery",1,193,195,126,155,91,103,0.99,0.81,0.88,19054,9482,2498,4780,0.26,0.5,0.02,2,3,5,5,3,1
"C81007","Vernon Street Medical Ctr",1,121,124,100,115,61,63,0.98,0.87,0.97,5536,11775,1753,5867,0.15,0.5,0.01,4,4,2,2,2,1
"C81035","Village Surgery",0.86,185,186,113,151,89,107,0.99,0.75,0.83,2485,12254,2281,6109,0.19,0.5,0.02,5,4,4,3,3,1
"C81041","Welbeck Road Health Centre",0.97,202,209,127,162,80,90,0.97,0.78,0.89,10643,11907,2467,6039,0.21,0.51,0.02,3,4,5,4,4,1
"C81110","Wellbrook Medical Centre",1,144,148,105,120,65,74,0.97,0.88,0.88,29359,12001,1911,6056,0.16,0.5,0.01,1,4,3,2,3,1
"C81046","West Hallam Medical Ctr",1,82,84,57,71,47,50,0.98,0.8,0.94,27310,4695,1321,2371,0.28,0.51,0.02,1,1,5,5,3,1
"C81083","West Park Surgery",1,256,258,184,200,115,129,0.99,0.92,0.89,11172,16748,3046,8406,0.18,0.5,0.02,3,5,4,3,3,1
"C81038","Whitemoor Medical Centre",0.97,202,209,167,191,100,112,0.97,0.87,0.89,29760,12496,3022,6363,0.24,0.51,0.02,1,4,4,4,4,1
"C81044","Whittington Moor Surgery",1,141,145,127,149,58,66,0.97,0.85,0.88,3905,8548,1831,4271,0.21,0.5,0.02,5,3,4,4,3,1
"C81057","Willington Surgery",1,143,145,123,133,80,89,0.99,0.92,0.9,30804,10523,2595,5384,0.25,0.51,0.01,1,4,4,5,4,1
"C81009","Wilson Street Surgery",1,206,209,149,178,56,64,0.99,0.84,0.88,3220,21478,2284,9246,0.11,0.43,0.01,5,5,2,1,1,1
"C81658","Wingerworth Medical Centre",0.97,122,125,81,94,72,80,0.98,0.86,0.9,29765,7720,1956,4003,0.25,0.52,0.02,1,3,4,5,5,1
"C81060","Woodville Surgery",0.96,158,179,110,147,57,67,0.88,0.75,0.85,8515,10878,1952,5452,0.18,0.5,0.02,4,4,4,3,3,1
"L83101","Abbey Surgery",1,326,332,198,245,173,186,0.98,0.81,0.93,15535,15131,4825,7854,0.32,0.52,0.02,3,5,5,5,5,1
"L83651","Adelaide Street Surgery",0.91,53,57,40,61,16,19,0.93,0.66,0.84,88,4544,466,2110,0.1,0.46,0.01,5,1,3,1,1,1
"L83034","Albany Surgery",1,197,197,99,117,96,98,1,0.85,0.98,27306,10075,2346,5046,0.23,0.5,0.02,1,3,5,4,3,1
"L83085","Amicus Health",1,318,330,192,248,153,182,0.96,0.77,0.84,9475,18636,4693,9414,0.25,0.51,0.02,4,5,5,5,3,1
"L83010","Ashburton Surgery",1,137,140,94,104,91,97,0.98,0.9,0.94,13045,7182,1802,3732,0.25,0.52,0.02,3,2,5,5,5,1
"L83020","Axminster Medical Practice",1,232,234,139,172,123,132,0.99,0.81,0.93,16541,12770,4093,6562,0.32,0.51,0.02,2,4,5,5,5,1
"L83024","Barnfield Hill Surgery",0.98,100,100,61,71,57,65,1,0.86,0.88,9157,8530,1655,4326,0.19,0.51,0.01,4,3,3,3,4,1
"L83005","Barton Surgery",1,290,294,192,224,164,184,0.99,0.86,0.89,13779,15367,4822,7999,0.31,0.52,0.02,3,5,5,5,5,1
"L83100","Beacon Medical Group",1,633,646,377,470,321,362,0.98,0.8,0.89,26062,43431,10096,22440,0.23,0.52,0.01,1,5,4,4,5,1
"L83083","Bideford Medical Centre",1,381,383,229,267,199,212,0.99,0.86,0.94,10522,15255,4021,7663,0.26,0.5,0.03,3,5,5,5,3,1
"L83663","Black Torrington Surgery",1,64,67,46,50,36,38,0.96,0.92,0.95,10414,2986,1018,1495,0.34,0.5,0.02,3,1,5,5,3,1
"L83044","Blackdown Practice",1,148,152,89,102,80,92,0.97,0.87,0.87,18862,8255,2493,4143,0.3,0.5,0.02,2,3,5,5,3,1
"L83045","Bovey Tracey & Chudleigh Practice",1,316,321,164,198,163,179,0.98,0.83,0.91,29046,15054,4430,7811,0.29,0.52,0.02,1,5,5,5,5,1
"Y02633","Bow Medical Practice",1,80,82,64,73,30,33,0.98,0.88,0.91,13002,5872,1496,2963,0.25,0.5,0.01,3,2,4,5,3,1
"L83012","Bradworthy Surgery",1,66,66,55,60,22,22,1,0.92,1,10971,3155,971,1551,0.31,0.49,0.02,3,1,5,5,2,1
"L83128","Bramblehaies Surgery",0.92,105,107,68,82,34,42,0.98,0.83,0.81,11082,7687,1609,3930,0.21,0.51,0.01,3,3,4,4,4,1
"L83073","Brannam Medical Centre",1,384,390,248,299,185,207,0.98,0.83,0.89,9447,19411,4447,10089,0.23,0.52,0.02,4,5,5,4,5,1
"L83013","Brunel Medical Practice",1,289,295,165,208,176,201,0.98,0.79,0.88,8343,15575,4029,7894,0.26,0.51,0.02,4,5,5,5,4,1
"L83070","Buckfastleigh Medical Centre",1,82,83,64,75,36,40,0.99,0.85,0.9,15308,5035,1269,2513,0.25,0.5,0.02,3,1,4,5,3,1
"L83666","Buckland Surgery",1,50,51,42,52,24,26,0.98,0.81,0.92,5662,4010,715,2038,0.18,0.51,0.01,4,1,3,3,4,1
"L83011","Budleigh Salterton Medical Practice",1,180,181,98,131,130,143,0.99,0.75,0.91,27504,8298,3529,4397,0.43,0.53,0.02,1,3,5,5,5,1
"L83113","Budshead Medical Practice",1,86,88,76,100,25,33,0.98,0.76,0.76,2111,7570,1228,3927,0.16,0.52,0.01,5,2,3,3,5,1
"L83097","Caen Medical Centre",1,241,246,127,155,134,148,0.98,0.82,0.91,18343,12938,3231,6740,0.25,0.52,0.02,2,4,5,5,5,1
"L83105","Castle Gardens Surgery",1,197,202,126,144,63,71,0.98,0.88,0.89,10000,6798,2087,3457,0.31,0.51,0.03,3,2,5,5,4,1
"L83052","Castle Place Practice",1,204,209,137,163,110,125,0.98,0.84,0.88,9475,13085,3149,6560,0.24,0.5,0.02,4,4,4,4,3,1
"L83146","Catherine House Surgery",1,95,97,55,70,48,54,0.98,0.79,0.89,16320,4883,1288,2612,0.26,0.53,0.02,2,1,5,5,5,1
"L83082","Chagford Health Centre",1,55,56,37,44,31,35,0.98,0.84,0.89,18460,3288,1057,1667,0.32,0.51,0.02,2,1,4,5,4,1
"L83120","Channel View Medical Group",1,431,440,253,303,249,282,0.98,0.83,0.88,6471,17090,5756,8755,0.34,0.51,0.03,4,5,5,5,5,1
"L83118","Chelston Hall Surgery",1,197,198,151,187,97,105,0.99,0.81,0.92,10750,18051,3764,8951,0.21,0.5,0.01,3,5,3,4,2,1
"L83098","Cheriton Bishop Surgery",1,125,126,71,78,57,63,0.99,0.91,0.9,13028,5437,1623,2829,0.3,0.52,0.02,3,2,5,5,5,1
"L83111","Chilcote Practice",1,286,291,163,203,154,175,0.98,0.8,0.88,12627,15493,4504,8126,0.29,0.52,0.02,3,5,5,5,5,1
"L83148","Chillington Health Centre",1,95,103,48,61,49,58,0.92,0.79,0.84,17639,3736,1429,1936,0.38,0.52,0.03,2,1,5,5,5,1
"L83064","Church View Surgery",1,246,248,125,154,150,168,0.99,0.81,0.89,27300,12449,3377,6523,0.27,0.52,0.02,1,4,5,5,5,1
"L83095","Coleridge Medical Centre",1,276,283,153,197,152,174,0.98,0.78,0.87,17478,15816,4684,8168,0.3,0.52,0.02,2,5,5,5,5,1
"L83092","College Surgery Partnership",1,256,260,168,207,164,180,0.98,0.81,0.91,23662,16208,3827,8244,0.24,0.51,0.02,1,5,4,4,4,1
"L83096","Combe Coastal Practice",0.97,416,426,266,311,179,201,0.98,0.86,0.89,14083,18157,4904,9084,0.27,0.5,0.02,3,5,5,5,3,1
"L83055","Compass House Medical Centres",1,297,300,220,260,184,198,0.99,0.85,0.93,4472,15430,5441,7909,0.35,0.51,0.02,4,5,5,5,5,1
"L83103","Corner Place Surgery",1,281,285,185,246,146,166,0.99,0.75,0.88,2816,16151,4429,8202,0.27,0.51,0.02,5,5,5,5,4,1
"Y04662","Cranbrook Medical Practice",0.84,11,11,13,19,1,4,1,0.68,0.25,15239,5892,265,3038,0.04,0.52,0,3,2,1,1,5,1
"L83051","Cricketfield Surgery",0.99,180,181,111,134,95,109,0.99,0.83,0.87,5919,10345,2491,5193,0.24,0.5,0.02,4,4,5,4,3,1
"L83027","Croft Hall Medical Practice",0.7,87,94,81,118,35,43,0.93,0.69,0.81,811,7863,1475,3607,0.19,0.46,0.01,5,3,3,3,1,1
"L83094","Dartmouth Medical Practice",0.98,176,199,101,147,102,130,0.88,0.69,0.78,24703,8389,2864,4246,0.34,0.51,0.02,1,3,5,5,4,1
"L83021","Dean Cross Surgery",1,200,202,102,129,114,130,0.99,0.79,0.88,24139,10179,3079,5326,0.3,0.52,0.02,1,3,5,5,5,1
"L83046","Devon Square Surgery",1,131,133,88,109,78,87,0.98,0.81,0.9,9477,9603,2127,4838,0.22,0.5,0.01,4,3,4,4,3,1
"L83624","Devonport Health Centre",1,90,91,84,97,35,38,0.99,0.87,0.92,4106,7891,1156,3777,0.15,0.48,0.01,5,3,3,2,1,1
"L83019","Elm Surgery",1,158,159,127,152,51,54,0.99,0.84,0.94,11622,9869,2442,5078,0.25,0.51,0.02,3,3,4,5,5,1
"Y00568","Foxhayes Practice",1,32,33,27,35,21,24,0.97,0.77,0.88,21081,4901,505,2364,0.1,0.48,0.01,2,1,1,1,1,1
"L83057","Fremington Medical Centre",1,181,183,104,109,97,107,0.99,0.95,0.91,21830,7834,2560,4054,0.33,0.52,0.02,2,3,5,5,5,1
"L83072","Friary House Surgery",0.88,132,146,99,144,70,82,0.9,0.69,0.85,6610,12756,1997,6170,0.16,0.48,0.01,4,4,3,2,1,1
"L83136","Haldon House Surgery",1,113,113,72,88,74,79,1,0.82,0.94,10994,5960,1828,3028,0.31,0.51,0.02,3,2,5,5,4,1
"L83129","Hartland Surgery",0.91,54,61,45,55,19,26,0.89,0.82,0.73,9452,3024,904,1516,0.3,0.5,0.02,4,1,5,5,3,1
"L83077","Heavitree Practice",1,94,96,62,73,43,50,0.98,0.85,0.86,27877,8044,1310,4185,0.16,0.52,0.01,1,3,3,3,5,1
"L83143","Hill Barton Surgery",1,36,36,34,37,18,20,1,0.92,0.9,27160,4587,736,2251,0.16,0.49,0.01,1,1,2,2,2,1
"L83002","Honiton Surgery",1,382,402,205,260,212,240,0.95,0.79,0.88,25450,17907,5234,9245,0.29,0.52,0.02,1,5,5,5,5,1
"L83079","Ide Lane Surgery",0.96,115,124,79,98,62,71,0.93,0.81,0.87,26467,8475,1997,4319,0.24,0.51,0.01,1,3,4,4,4,1
"L83628","Imperial Surgery",1,131,132,60,67,61,69,0.99,0.9,0.88,10994,6376,1626,3344,0.26,0.52,0.02,3,2,5,5,5,1
"L83099","Isca Medical Practice",1,63,64,56,63,31,33,0.98,0.89,0.94,28055,5679,1080,2778,0.19,0.49,0.01,1,2,3,3,2,1
"L83031","Kingskerswell & Ipplepen Med Practice",1,234,236,136,168,120,132,0.99,0.81,0.91,10945,12124,3576,6316,0.29,0.52,0.02,3,4,5,5,5,1
"L83004","Kingsteignton Medical Practice",1,173,179,119,151,113,123,0.97,0.79,0.92,17970,11571,2814,6002,0.24,0.52,0.02,2,4,4,4,5,1
"L83089","Knowle House Surgery",1,239,243,172,204,105,112,0.98,0.84,0.94,16301,13658,3009,7163,0.22,0.52,0.02,2,4,5,4,5,1
"L83043","Leatside Surgery",1,306,315,139,176,122,141,0.97,0.79,0.87,15161,14646,4080,7560,0.28,0.52,0.02,3,5,5,5,5,1
"L83147","Lisson Grove Medical Ctr.",1,160,163,119,138,64,69,0.98,0.86,0.93,7671,13882,1966,6824,0.14,0.49,0.01,4,4,3,2,2,1
"L83035","Litchdon Medical Centre",1,367,373,201,250,160,178,0.98,0.8,0.9,24300,16688,4124,8455,0.25,0.51,0.02,1,5,5,5,4,1
"L83014","Mayfield Medical Centre",0.97,342,371,213,322,184,225,0.92,0.66,0.82,3452,20477,6349,10400,0.31,0.51,0.02,5,5,5,5,4,1
"L83006","Mayflower Medical Group",1,552,584,375,483,225,261,0.95,0.78,0.86,13554,33797,6911,16868,0.2,0.5,0.02,3,5,5,4,3,1
"L83023","Mid Devon Medical Practice",1,109,112,83,100,55,63,0.97,0.83,0.87,10366,5638,1642,2917,0.29,0.52,0.02,3,2,5,5,5,1
"L83086","Modbury Health Centre",1,108,111,76,92,54,61,0.97,0.83,0.89,23590,5133,1572,2656,0.31,0.52,0.02,1,1,5,5,5,1
"L83049","Moretonhampstead Health Centre",1,57,57,34,42,24,27,1,0.81,0.89,16748,3316,1092,1672,0.33,0.5,0.02,2,1,5,5,3,1
"L83066","Mount Pleasant Health Centre",1,176,178,104,130,90,102,0.99,0.8,0.88,24142,17729,2959,8803,0.17,0.5,0.01,1,5,2,3,2,1
"L83030","North Road West Med.Ctr.",1,91,92,87,104,50,55,0.99,0.84,0.91,3334,10067,1499,4734,0.15,0.47,0.01,5,3,2,2,1,1
"L83050","Northam Surgery",1,348,351,238,274,207,218,0.99,0.87,0.95,21134,12997,4264,6715,0.33,0.52,0.03,2,4,5,5,5,1
"L83059","Norton Brook Medical Centre",1,210,221,111,142,120,135,0.95,0.78,0.89,22683,10097,2863,5122,0.28,0.51,0.02,2,3,5,5,4,1
"L83015","Oakside Surgery",1,99,102,83,102,33,34,0.97,0.81,0.97,2046,8021,1275,4122,0.16,0.51,0.01,5,3,3,2,5,1
"L83087","Okehampton Medical Centre",0.96,261,263,166,182,134,141,0.99,0.91,0.95,11291,15239,3856,7676,0.25,0.5,0.02,3,5,5,5,3,1
"L83607","Old Farm Surgery",1,76,76,61,74,26,28,1,0.82,0.93,12268,5751,1125,2864,0.2,0.5,0.01,3,2,3,3,2,1
"L83008","Pathfields Medical Group",1,360,366,292,378,150,168,0.98,0.77,0.89,26062,29849,4921,14525,0.16,0.49,0.01,1,5,3,3,2,1
"L83131","Pembroke Medical Group",1,455,466,256,322,245,275,0.98,0.8,0.89,8715,25474,7116,12863,0.28,0.5,0.02,4,5,5,5,3,1
"L83648","Peverell Park Surgery",0.98,170,175,132,181,88,107,0.97,0.73,0.82,21888,24146,2427,12541,0.1,0.52,0.01,2,5,2,1,5,1
"L83040","Pinhoe Surgery",1,189,194,111,134,108,121,0.97,0.83,0.89,25374,18028,2843,9283,0.16,0.51,0.01,1,5,3,2,5,1
"L83003","Queen's Medical Centre",0.99,222,229,149,180,75,84,0.97,0.83,0.89,1570,11777,2378,5682,0.2,0.48,0.02,5,4,5,4,1,1
"L83088","Redfern Health Centre",1,113,113,76,95,58,64,1,0.8,0.91,21761,5201,1804,2689,0.35,0.52,0.02,2,1,5,5,5,1
"L83127","Redlands Primary Care",1,273,281,149,182,158,173,0.97,0.82,0.91,11197,16025,4094,8140,0.26,0.51,0.02,3,5,5,5,4,1
"L83048","Roborough Surgery",0.98,217,227,122,167,112,128,0.96,0.73,0.88,31856,11015,2956,5812,0.27,0.53,0.02,1,4,5,5,5,1
"L83056","Rolle Medical Partnership",1,505,519,321,401,327,365,0.97,0.8,0.9,19920,26723,7938,13777,0.3,0.52,0.02,2,5,5,5,5,1
"L83069","Ruby Country Medical Group",0.95,308,325,184,251,127,155,0.95,0.73,0.82,10048,15315,4563,7694,0.3,0.5,0.02,3,5,5,5,3,1
"L83616","Sampford Peverell Surgery",1,29,29,23,27,18,19,1,0.85,0.95,21776,2371,596,1162,0.25,0.49,0.01,2,1,3,5,2,1
"L83007","Seaton & Colyton Medical Practice",1,245,252,105,130,134,152,0.97,0.81,0.88,25635,9178,3600,4886,0.39,0.53,0.03,1,3,5,5,5,1
"L83067","Sid Valley Practice",1,471,480,215,259,277,313,0.98,0.83,0.88,13497,14920,6391,7928,0.43,0.53,0.03,3,5,5,5,5,1
"L83075","South Brent Health Centre",0.95,95,96,61,75,61,69,0.99,0.81,0.88,10101,6030,1678,3174,0.28,0.53,0.02,3,2,4,5,5,1
"L83084","South Lawn Medical Practice",1,89,92,61,69,65,78,0.97,0.88,0.83,27877,8172,1709,4259,0.21,0.52,0.01,1,3,3,4,5,1
"L83137","South Molton Medical Centre",0.99,317,320,189,226,132,142,0.99,0.84,0.93,11889,12698,3787,6490,0.3,0.51,0.03,3,4,5,5,4,1
"L83058","Southernhay House Surgery",1,97,98,59,67,61,66,0.99,0.88,0.92,20527,7767,1414,3821,0.18,0.49,0.01,2,3,3,3,2,1
"L83029","Southover Medical Practice",1,88,89,75,93,68,77,0.99,0.81,0.88,10550,8458,1715,4326,0.2,0.51,0.01,3,3,2,4,4,1
"L83039","Southway Surgery",0.9,72,73,45,60,33,38,0.99,0.75,0.87,7352,5633,964,2885,0.17,0.51,0.01,4,2,3,3,4,1
"L83042","St Leonards Practice",1,118,124,92,114,44,53,0.95,0.81,0.83,20527,9850,1621,4940,0.16,0.5,0.01,2,3,3,3,3,1
"L83028","St Neots Surgery",0.99,206,219,138,187,51,61,0.94,0.74,0.84,4909,11491,2128,5892,0.19,0.51,0.02,4,4,5,3,5,1
"L83016","St Thomas Medical Group",0.93,288,318,178,246,176,204,0.91,0.72,0.86,12973,40060,4397,19307,0.11,0.48,0.01,3,5,2,1,1,1
"L83646","St. Levan Surgery",0.84,97,114,94,118,32,35,0.85,0.8,0.91,12078,8875,1199,4418,0.14,0.5,0.01,3,3,3,2,2,1
"L83071","Stoke Surgery",1,134,135,107,126,66,72,0.99,0.85,0.92,18314,8100,1577,4053,0.19,0.5,0.02,2,3,4,3,3,1
"L83038","Tavyside Health Centre",1,247,251,172,223,128,137,0.98,0.77,0.93,20016,13741,3987,7092,0.29,0.52,0.02,2,4,5,5,5,1
"L83657","Teign Estuary Medical Group",0.94,98,100,47,78,56,63,0.98,0.6,0.89,6471,5431,1706,2817,0.31,0.52,0.02,4,2,5,5,5,1
"L83036","Topsham Surgery",1,221,223,118,138,121,131,0.99,0.86,0.92,27708,11844,3177,6158,0.27,0.52,0.02,1,4,5,5,5,1
"L83026","Torrington Health Centre",1,112,115,62,76,50,56,0.97,0.82,0.89,10000,5191,1573,2623,0.3,0.51,0.02,3,1,5,5,3,1
"L83054","Townsend House Medical Centre",1,181,185,108,119,124,133,0.98,0.91,0.93,16003,5638,2318,2930,0.41,0.52,0.03,3,2,5,5,5,1
"L83025","Wallingbrook Health Centre",1,165,175,96,128,73,86,0.94,0.75,0.85,10888,7473,2416,3809,0.32,0.51,0.02,3,2,5,5,4,1
"L83639","Wembury Surgery",1,100,100,57,68,50,52,1,0.84,0.96,28805,2857,998,1486,0.35,0.52,0.04,1,1,5,5,5,1
"L83112","West Hoe Surgery",0.87,99,112,60,92,46,61,0.88,0.65,0.75,8821,5912,1500,2881,0.25,0.49,0.02,4,2,5,5,2,1
"L83041","Westbank Practice",1,138,139,84,110,86,94,0.99,0.76,0.91,25694,9171,2299,4715,0.25,0.51,0.02,1,3,4,5,5,1
"L83115","Whipton Surgery",1,49,49,60,64,24,26,1,0.94,0.92,9451,4902,756,2542,0.15,0.52,0.01,4,1,2,2,5,1
"L83655","Wonford Green Surgery",0.93,64,66,41,53,8,13,0.97,0.77,0.62,5114,7535,713,3762,0.09,0.5,0.01,4,2,2,1,3,1
"L83106","Wooda Surgery",1,205,208,127,154,78,83,0.99,0.82,0.94,4169,9681,2510,4968,0.26,0.51,0.02,5,3,5,5,5,1
"L83116","Woodbury Surgery",1,86,87,54,69,43,49,0.99,0.78,0.88,25129,5301,1509,2769,0.28,0.52,0.02,1,1,4,5,5,1
"L83076","Wycliffe Surgery",1,117,118,104,132,41,47,0.99,0.79,0.87,6281,11484,1769,5649,0.15,0.49,0.01,4,4,2,2,2,1
"L83134","Wyndham House Surgery",0.98,78,80,47,57,47,57,0.98,0.82,0.82,17905,3994,1179,2065,0.3,0.52,0.02,2,1,5,5,5,1
"L83081","Yealm Medical Centre",1,140,141,73,85,65,71,0.99,0.86,0.92,21227,6384,1994,3229,0.31,0.51,0.02,2,2,5,5,4,1
"L83102","Yelverton Surgery",1,178,179,94,121,93,105,0.99,0.78,0.89,26297,7615,2512,3997,0.33,0.52,0.02,1,2,5,5,5,1
"A81004","Acklam Medical Centre",1,185,189,114,142,96,102,0.98,0.8,0.94,21705,11346,2282,5479,0.2,0.48,0.02,2,4,4,3,1,1
"A81067","Alma Medical Centre",1,180,181,147,176,59,64,0.99,0.84,0.92,244,11009,1694,5108,0.15,0.46,0.02,5,4,4,2,1,1
"A81007","Bankhouse Surgery",1,181,185,138,165,75,83,0.98,0.84,0.9,80,10616,2010,5304,0.19,0.5,0.02,5,4,5,3,3,1
"A81018","Bentley Medical Practice",1,223,227,140,183,81,94,0.98,0.77,0.86,185,10193,2287,4987,0.22,0.49,0.02,5,3,5,4,2,1
"A83034","Blacketts Medical Practice",1,156,157,119,133,68,76,0.99,0.89,0.89,5963,11405,2178,5725,0.19,0.5,0.01,4,4,4,3,3,1
"A81030","Borough Road & Nunthorpe Medical Group",1,237,241,171,209,107,118,0.98,0.82,0.91,729,16701,3208,8362,0.19,0.5,0.01,5,5,4,3,3,1
"A81013","Brotton Surgery",1,122,124,91,111,45,48,0.98,0.82,0.94,14267,7645,1644,3919,0.22,0.51,0.02,3,2,4,4,5,1
"A81051","Cambridge Medical Group",0.94,105,107,70,87,29,34,0.98,0.8,0.85,19175,7282,1315,3609,0.18,0.5,0.01,2,2,4,3,2,1
"A83031","Carmel Medical Practice",1,243,247,153,179,126,136,0.98,0.85,0.93,31869,11676,2940,5939,0.25,0.51,0.02,1,4,5,5,4,1
"A81011","Chadwick Practice",1,260,265,209,230,82,91,0.98,0.91,0.9,80,11878,2679,6065,0.23,0.51,0.02,5,4,5,4,4,1
"A83040","Clifton Court Medical Practice",1,214,218,157,190,75,84,0.98,0.83,0.89,10413,12258,2173,6095,0.18,0.5,0.02,3,4,5,3,2,1
"A81058","Coulby Medical Practice",1,175,179,137,178,79,91,0.98,0.77,0.87,22435,9252,1991,4885,0.22,0.53,0.02,2,3,5,4,5,1
"A81019","Crossfell Health Centre",0.98,116,119,85,106,37,43,0.97,0.8,0.86,443,8900,1514,4512,0.17,0.51,0.01,5,3,3,3,4,1
"A83047","Denmark Street Surgery",1,226,231,154,193,86,98,0.98,0.8,0.88,540,15103,2840,7514,0.19,0.5,0.02,5,5,4,3,2,1
"A81602","Dr Rasool",1,41,41,27,32,25,26,1,0.84,0.96,5644,2198,639,1082,0.29,0.49,0.02,4,1,5,5,2,1
"A81039","Eaglescliffe Medical Practice",1,242,245,148,162,103,109,0.99,0.91,0.94,20975,12679,2685,6552,0.21,0.52,0.02,2,4,5,4,5,1
"A81608","Elm Tree Surgery",1,151,156,122,152,33,37,0.97,0.8,0.89,3771,15456,1196,7390,0.08,0.48,0.01,5,5,2,1,1,1
"A81622","Gladstone House Surgery",1,99,100,72,92,32,33,0.99,0.78,0.97,80,5674,928,2834,0.16,0.5,0.02,5,2,5,3,3,1
"A81041","Hart Medical Practice",1,168,169,130,149,56,63,0.99,0.87,0.89,1228,9432,2147,4684,0.23,0.5,0.02,5,3,5,4,2,1
"A81031","Havelock Grange Practice",1,237,244,149,189,95,106,0.97,0.79,0.9,80,13708,2605,6999,0.19,0.51,0.02,5,4,5,3,4,1
"A81022","Hillside Practice",1,168,172,143,169,69,76,0.98,0.85,0.91,2764,9391,2295,4701,0.24,0.5,0.02,5,3,5,4,3,1
"A81038","Hirsel Medical Centre",0.74,41,44,45,59,8,11,0.93,0.76,0.73,520,3789,486,1883,0.13,0.5,0.01,5,1,3,2,2,1
"A81618","Huntcliff Surgery",1,177,177,132,156,95,100,1,0.85,0.95,14496,9992,2902,5115,0.29,0.51,0.02,3,3,5,5,4,1
"A81049","Kings Medical Centre",1,82,83,74,86,25,25,0.99,0.86,1,520,6494,1053,3263,0.16,0.5,0.01,5,2,3,3,3,1
"A81057","Kingsway Medical Centre",1,158,163,134,160,62,65,0.97,0.84,0.95,4062,9871,1909,5185,0.19,0.53,0.02,5,3,4,3,5,1
"A81026","Linthorpe Surgery",0.97,264,279,197,264,89,103,0.95,0.75,0.86,1247,20916,3182,10111,0.15,0.48,0.01,5,5,3,2,1,1
"A81040","Marsh House Medical Practice",1,140,145,93,126,50,62,0.97,0.74,0.81,5644,8518,1862,4294,0.22,0.5,0.02,4,3,4,4,3,1
"A81020","Martonside Medical Centre",0.97,119,125,71,97,51,62,0.95,0.73,0.82,4022,7907,1685,3986,0.21,0.5,0.02,5,3,4,4,3,1
"A81070","Mckenzie Group Practice",1,78,79,57,71,25,28,0.99,0.8,0.89,216,6178,892,3090,0.14,0.5,0.01,5,2,3,2,3,1
"A81044","Mckenzie House Surgery",1,328,336,261,306,99,106,0.98,0.85,0.93,656,18955,3941,9454,0.21,0.5,0.02,5,5,5,4,3,1
"A81056","Melrose Surgery",1,53,54,33,39,26,29,0.98,0.85,0.9,5146,2379,593,1201,0.25,0.5,0.02,4,1,5,5,3,1
"A83070","Middleton And Dinsdale Medical Practice",1,140,140,91,98,72,78,1,0.93,0.92,11427,5892,1608,2977,0.27,0.51,0.02,3,2,5,5,3,1
"A83010","Moorlands Surgery",1,246,248,130,161,131,139,0.99,0.81,0.94,22555,13237,3234,6652,0.24,0.5,0.02,2,4,5,4,3,1
"A83013","Neasham Road Surgery",1,168,169,121,143,58,61,0.99,0.85,0.95,8429,13376,2142,6674,0.16,0.5,0.01,4,4,3,2,3,1
"A81035","Newlands Medical Centre",1,140,141,132,141,54,61,0.99,0.94,0.89,729,9755,1704,4563,0.17,0.47,0.01,5,3,4,3,1,1
"A81021","Normanby Medical Centre",0.98,331,357,268,349,154,184,0.93,0.77,0.84,205,22914,4723,11772,0.21,0.51,0.02,5,5,4,4,5,1
"A81036","Norton Medical Centre",1,364,368,211,248,121,138,0.99,0.85,0.88,16950,16351,3537,8311,0.22,0.51,0.02,2,5,5,4,4,1
"A83006","Orchard Court Surgery",1,166,166,106,128,79,82,1,0.83,0.96,10686,8636,1615,4378,0.19,0.51,0.02,3,3,5,3,4,1
"A81066","Park Lane Surgery",0.99,72,73,63,66,30,30,0.99,0.95,1,8649,5414,1217,2790,0.22,0.52,0.01,4,2,3,4,5,1
"A81016","Park Surgery",1,118,119,99,107,49,51,0.99,0.93,0.96,2349,12298,1508,5701,0.12,0.46,0.01,5,4,2,2,1,1
"A83641","Parkgate Surgery",1,67,67,53,60,22,22,1,0.88,1,484,4859,674,2201,0.14,0.45,0.01,5,1,4,2,1,1
"A81611","Parkway Medical Centre",1,145,147,99,112,72,79,0.99,0.88,0.91,22435,9338,1849,4830,0.2,0.52,0.02,2,3,4,3,5,1
"A81029","Prospect Surgery",1,89,90,72,78,32,34,0.99,0.92,0.94,2829,7157,848,3098,0.12,0.43,0.01,5,2,3,2,1,1
"A81002","Queens Park Medical Centre",1,409,412,284,337,145,161,0.99,0.84,0.9,244,18758,4308,9468,0.23,0.5,0.02,5,5,5,4,3,1
"A81014","Queenstree Practice",1,92,93,57,66,44,49,0.99,0.86,0.9,4062,4151,1126,2069,0.27,0.5,0.02,5,1,5,5,3,1
"A81629","Riverside Medical Practice",1,85,87,79,95,38,41,0.98,0.83,0.93,244,7055,1130,3525,0.16,0.5,0.01,5,2,3,2,3,1
"A83048","Rockliffe Court Surgery",1,130,131,82,92,56,58,0.99,0.89,0.97,30887,6232,1614,3178,0.26,0.51,0.02,1,2,5,5,4,1
"A81042","South Grange Medical Group Practice",1,213,216,160,212,65,73,0.99,0.75,0.89,205,15423,2695,7649,0.17,0.5,0.01,5,5,4,3,2,1
"A81005","Springwood Surgery",1,186,189,116,136,92,100,0.98,0.85,0.92,8118,7677,2423,3920,0.32,0.51,0.02,4,3,5,5,4,1
"A81006","Tennant Street Medical Practice",1,304,310,206,236,107,115,0.98,0.87,0.93,244,14708,2956,7373,0.2,0.5,0.02,5,5,5,3,3,1
"A81634","The Arrival Practice",1,11,11,11,13,1,1,1,0.85,1,3874,3243,98,1290,0.03,0.4,0,5,1,1,1,1,1
"A81045","The Coatham Road Surgery",1,102,104,74,92,62,67,0.98,0.8,0.93,4334,6221,1380,3071,0.22,0.49,0.02,5,2,4,4,2,1
"A81001","The Densham Surgery",1,68,68,41,44,45,47,1,0.93,0.96,98,3904,879,1940,0.23,0.5,0.02,5,1,5,4,2,1
"A81064","The Discovery Practice",0.93,56,62,34,58,16,19,0.9,0.59,0.84,2829,8548,835,3840,0.1,0.45,0.01,5,3,2,1,1,1
"A81025","The Dovecot Surgery",1,73,73,50,54,31,34,1,0.93,0.91,98,4093,853,2010,0.21,0.49,0.02,5,1,5,4,2,1
"A81023","The Endeavour Practice",1,89,93,77,85,23,25,0.96,0.91,0.92,2829,8715,975,4071,0.11,0.47,0.01,5,3,3,1,1,1
"A81037","The Erimus Practice",1,92,94,63,76,21,23,0.98,0.83,0.91,2829,6620,884,2998,0.13,0.45,0.01,5,2,4,2,1,1
"A81065","The Eston Surgery",1,49,49,43,45,18,19,1,0.96,0.95,205,3709,597,1820,0.16,0.49,0.01,5,1,3,2,2,1
"A81032","The Garth",1,231,234,118,148,101,105,0.99,0.8,0.96,8118,11613,3093,5972,0.27,0.51,0.02,4,4,5,5,5,1
"A81052","The Green House Surgery",0.96,178,188,126,143,84,92,0.95,0.88,0.91,185,10088,2220,5267,0.22,0.52,0.02,5,3,5,4,5,1
"A81063","The Headland Medical Centre",0.97,72,82,77,94,26,28,0.88,0.82,0.93,2011,5362,1104,2515,0.21,0.47,0.02,5,2,4,4,1,1
"A81612","The Patel Practice",1,82,83,67,73,24,26,0.99,0.92,0.92,13656,4014,932,2081,0.23,0.52,0.02,3,1,5,4,5,1
"Y00286","The Ravenscar Surgery",0.94,37,41,26,36,13,13,0.9,0.72,1,185,3386,651,1747,0.19,0.52,0.01,5,1,3,3,5,1
"A81610","The Roseberry Practice",0.98,127,129,100,120,57,59,0.98,0.83,0.97,5644,7944,1508,4048,0.19,0.51,0.02,4,3,4,3,4,1
"A81054","The Saltscar Surgery",1,178,179,103,126,79,87,0.99,0.82,0.91,4334,8528,1882,4323,0.22,0.51,0.02,5,3,5,4,4,1
"A81034","Thornaby & Barwick Medical Group",1,366,374,266,329,124,133,0.98,0.81,0.93,358,20885,3452,10406,0.17,0.5,0.02,5,5,5,3,2,1
"A81621","Thorntree Surgery",1,34,34,39,43,7,7,1,0.91,1,71,2761,277,1406,0.1,0.51,0.01,5,1,3,1,4,1
"A81009","Village Medical Centre",1,125,132,97,114,44,48,0.95,0.85,0.92,1247,8139,1512,4022,0.19,0.49,0.02,5,3,4,3,2,1
"A81060","West Quay Medical Practice",0.99,112,121,101,117,42,53,0.93,0.86,0.79,80,6287,1418,3238,0.23,0.52,0.02,5,2,5,4,5,1
"A81631","West View Millenium Surgery A",1,146,151,102,120,53,58,0.97,0.85,0.91,472,7549,1521,3913,0.2,0.52,0.02,5,2,5,4,5,1
"A81012","Westbourne Medical Centre",1,57,57,56,61,24,25,1,0.92,0.96,520,5650,745,2704,0.13,0.48,0.01,5,2,2,2,1,1
"A83005","Whinfield Medical Practice",1,258,263,182,211,83,90,0.98,0.86,0.92,17329,12134,2734,6273,0.23,0.52,0.02,2,4,5,4,5,1
"A81017","Woodbridge Practice",1,305,308,189,223,86,96,0.99,0.85,0.9,358,18356,3246,9208,0.18,0.5,0.02,5,5,4,3,3,1
"A81046","Woodlands Family Medical Centre",1,216,219,117,151,88,109,0.99,0.77,0.81,927,12349,2718,6170,0.22,0.5,0.02,5,4,5,4,3,1
"A81053","Woodside Surgery",1,84,88,68,88,40,44,0.95,0.77,0.91,4723,5868,1404,2855,0.24,0.49,0.01,4,2,4,4,2,1
"A81027","Yarm Medical Practice",0.99,273,278,169,200,128,144,0.98,0.84,0.89,27029,14559,3536,7353,0.24,0.51,0.02,1,5,5,4,3,1
"A81048","Zetland Medical Practice",1,196,199,104,119,112,123,0.98,0.87,0.91,14066,6993,2202,3577,0.31,0.51,0.03,3,2,5,5,4,1
"M81094","Abbey Medical Practice",1,128,131,96,109,61,66,0.98,0.88,0.92,4943,9688,2016,4922,0.21,0.51,0.01,4,3,3,4,4,1
"M81046","Abbottswood Medical Centre",1,262,269,138,166,132,146,0.97,0.83,0.9,16702,11998,3814,6194,0.32,0.52,0.02,2,4,5,5,5,1
"M81072","Albany House Surgery",1,80,82,44,60,34,39,0.98,0.73,0.87,13448,6929,1462,3422,0.21,0.49,0.01,3,2,3,4,2,1
"M81044","Alton Street Surgery",0.97,191,195,142,182,87,101,0.98,0.78,0.86,17967,11687,3205,5821,0.27,0.5,0.02,2,4,4,5,2,1
"M81068","Aylmer Lodge Cookley Partnership",1,298,302,212,236,127,139,0.99,0.9,0.91,20881,15516,3822,7955,0.25,0.51,0.02,2,5,5,5,5,1
"M81049","Barbourne Health Centre",1,179,184,100,117,88,96,0.97,0.85,0.92,22863,11547,2314,5758,0.2,0.5,0.02,2,4,4,3,3,1
"M81078","Barnt Green Surgery",1,134,137,74,92,71,80,0.98,0.8,0.89,32139,6679,1806,3422,0.27,0.51,0.02,1,2,5,5,5,1
"M81093","Belmont Medical Centre",1,160,161,122,139,76,81,0.99,0.88,0.94,28128,10405,1715,5230,0.16,0.5,0.02,1,4,4,3,3,1
"M81057","Bewdley Medical Centre",1,399,411,228,266,193,212,0.97,0.86,0.91,15132,15207,5096,7530,0.34,0.5,0.03,3,5,5,5,2,1
"M81007","Bredon Hill Surgery",0.99,110,114,63,76,55,66,0.96,0.83,0.83,27362,5647,1647,2884,0.29,0.51,0.02,1,2,5,5,4,1
"M81032","Cantilupe Surgery",1,225,229,136,168,125,141,0.98,0.81,0.89,6860,12646,3263,6431,0.26,0.51,0.02,4,4,5,5,4,1
"M81084","Catshill Village Surgery",1,96,98,64,86,43,43,0.98,0.74,1,13471,5704,1218,2868,0.21,0.5,0.02,3,2,5,4,3,1
"M81090","Chaddesley Surgery",1,55,56,29,33,31,33,0.98,0.88,0.94,19703,3485,1077,1734,0.31,0.5,0.02,2,1,4,5,2,1
"M81070","Churchfields Surgery",1,218,220,127,157,95,107,0.99,0.81,0.89,14428,11677,2654,5797,0.23,0.5,0.02,3,4,5,4,2,1
"M81076","Colwall Surgery",1,59,60,36,43,39,43,0.98,0.84,0.91,19841,3084,1072,1591,0.35,0.52,0.02,2,1,5,5,5,1
"M81091","Corbett Medical Practice",1,249,252,147,170,115,130,0.99,0.86,0.88,29395,14198,3455,7316,0.24,0.52,0.02,1,5,5,4,5,1
"M81055","Cornhill Surgery",0.93,73,73,46,53,31,33,1,0.87,0.94,16569,5758,1044,2920,0.18,0.51,0.01,2,2,3,3,4,1
"M81616","Crabbs Cross Medical Centre",1,29,29,30,31,16,16,1,0.97,1,16376,3331,667,1585,0.2,0.48,0.01,2,1,2,3,1,1
"M81617","Crabbs Cross Surgery",1,76,77,55,69,27,28,0.99,0.8,0.96,16376,5508,896,2776,0.16,0.5,0.01,2,2,4,3,3,1
"M81600","Cradley Surgery",1,65,66,43,53,44,46,0.98,0.81,0.96,20279,3989,1197,2011,0.3,0.5,0.02,2,1,4,5,3,1
"M81069","Davenal House Surgery Partnership",1,191,193,118,143,96,103,0.99,0.83,0.93,9796,9689,2415,4877,0.25,0.5,0.02,3,3,5,5,3,1
"M81627","Demontfort Medical Centre",1,115,117,74,91,43,46,0.98,0.81,0.93,14248,8498,1391,4133,0.16,0.49,0.01,3,3,4,3,2,1
"M81017","Elbury Moor Medical Centre",1,153,156,90,110,53,59,0.98,0.82,0.9,2344,12383,1806,6143,0.15,0.5,0.01,5,4,3,2,2,1
"M81002","Elgar House",1,157,160,95,136,65,75,0.98,0.7,0.87,6678,14479,2581,6965,0.18,0.48,0.01,4,5,3,3,1,1
"M81604","Fownhope Medical Centre",1,153,154,98,113,76,84,0.99,0.87,0.9,21870,6772,1850,3448,0.27,0.51,0.02,2,2,5,5,4,1
"M81009","Golden Valley Practice",1,100,101,49,59,66,69,0.99,0.83,0.96,12618,5848,1777,2919,0.3,0.5,0.02,3,2,5,5,3,1
"M81033","Great Witley Surgery",1,144,146,95,107,53,62,0.99,0.89,0.85,22360,7423,1946,3720,0.26,0.5,0.02,2,2,5,5,3,1
"Y03602","Grey Gable Surgery",1,124,127,80,95,55,61,0.98,0.84,0.9,26681,6057,1668,3050,0.28,0.5,0.02,1,2,5,5,3,1
"M81027","Hagley Surgery",1,166,171,87,96,92,105,0.97,0.91,0.88,33010,9673,2159,5008,0.22,0.52,0.02,1,3,5,4,5,1
"M81022","Haresfield House Surgery",1,231,233,145,168,88,98,0.99,0.86,0.9,20021,18167,3253,9148,0.18,0.5,0.01,2,5,3,3,3,1
"M81026","Hereford Medical Group",1,662,671,405,523,312,352,0.99,0.77,0.89,6860,47543,9169,23914,0.19,0.5,0.01,4,5,4,3,3,1
"M81041","Hillview Medical Centre",1,155,158,128,158,49,53,0.98,0.81,0.92,18666,11150,2258,5691,0.2,0.51,0.01,2,4,4,4,4,1
"M81083","Hollyoaks Medical Centre",1,89,89,49,65,61,69,1,0.75,0.88,29980,4914,1410,2466,0.29,0.5,0.02,1,1,5,5,3,1
"M81064","Hollywood Medical Centre",1,146,146,98,113,75,84,1,0.87,0.89,33159,8260,2067,4257,0.25,0.52,0.02,1,3,5,5,5,1
"M81010","Kidderminster Medical Centre",1,246,248,146,196,80,89,0.99,0.74,0.9,3288,14551,2753,7140,0.19,0.49,0.02,5,5,4,3,2,1
"M81054","Kington Medical Practice",1,141,155,72,113,67,79,0.91,0.64,0.85,12988,7340,2422,3628,0.33,0.49,0.02,3,2,5,5,2,1
"M81045","Knightwick Surgery",1,134,137,80,96,60,65,0.98,0.83,0.92,16493,5035,1527,2571,0.3,0.51,0.03,2,1,5,5,4,1
"M81012","Ledbury Health Partnership",1,273,277,148,177,167,180,0.99,0.84,0.93,10669,13471,4049,6815,0.3,0.51,0.02,3,4,5,5,4,1
"M81075","Malvern Health Centre",1,282,289,185,211,129,143,0.98,0.88,0.9,14600,12952,3559,6615,0.27,0.51,0.02,3,4,5,5,4,1
"M81058","Merstow Green Medical Practice",1,165,167,101,125,85,94,0.99,0.81,0.9,4943,10241,2639,5161,0.26,0.5,0.02,4,4,4,5,3,1
"M81024","Much Birch Surgery",1,99,102,55,62,64,74,0.97,0.89,0.86,17115,5202,1608,2613,0.31,0.5,0.02,2,1,5,5,3,1
"M81029","New Barn Close Surgery",1,186,190,101,120,103,114,0.98,0.84,0.9,29245,8008,3007,4166,0.38,0.52,0.02,1,3,5,5,5,1
"M81629","New Court Surgery",1,153,153,97,114,88,95,1,0.85,0.93,14600,10257,2505,5230,0.24,0.51,0.01,3,4,4,4,4,1
"M81025","New Road Surgery",1,90,91,60,65,44,48,0.99,0.92,0.92,16569,5149,1152,2574,0.22,0.5,0.02,2,1,5,4,3,1
"M81021","New Road Surgery Bromsgrove",1,202,208,118,146,86,100,0.97,0.81,0.86,33127,13001,2745,6560,0.21,0.5,0.02,1,4,4,4,3,1
"M81005","Northumberland House Surgery",1,243,245,173,200,95,100,0.99,0.86,0.95,20881,13799,2688,6906,0.19,0.5,0.02,2,4,5,3,3,1
"M81048","Nunwell Surgery",1,174,176,122,142,98,108,0.99,0.86,0.91,6727,9572,3122,4827,0.33,0.5,0.02,4,3,5,5,3,1
"M81011","Ombersley Medical Centre",1,121,122,93,115,61,66,0.99,0.81,0.92,14425,7001,1828,3583,0.26,0.51,0.02,3,2,5,5,4,1
"M81061","Pendeen Surgery",1,152,152,99,119,92,102,1,0.83,0.9,17702,8855,2724,4445,0.31,0.5,0.02,2,3,5,5,3,1
"M81074","Pershore Medical Practice",1,239,245,110,149,118,136,0.98,0.74,0.87,12680,10911,3213,5535,0.29,0.51,0.02,3,4,5,5,4,1
"M81004","Riverside Surgery",1,237,241,152,204,105,119,0.98,0.75,0.88,15017,15658,3615,7799,0.23,0.5,0.02,3,5,4,4,2,1
"M81016","Ryeland Surgery",1,358,360,224,274,175,194,0.99,0.82,0.9,6149,19388,5237,9774,0.27,0.5,0.02,4,5,5,5,3,1
"M81034","Salters Medical Practice",1,179,184,118,149,68,77,0.97,0.79,0.88,11566,8786,2325,4411,0.26,0.5,0.02,3,3,5,5,3,1
"M81006","Severn Valley Medical Practice",1,281,281,146,188,99,114,1,0.78,0.87,12459,21892,3946,11291,0.18,0.52,0.01,3,5,3,3,5,1
"M81047","Spa Medical Practice",1,195,197,108,139,70,76,0.99,0.78,0.92,11566,10824,2319,5483,0.21,0.51,0.02,3,4,5,4,4,1
"M81008","Spring Gardens Group Medical Practice",1,299,303,181,205,119,131,0.99,0.88,0.91,3162,20117,3266,9881,0.16,0.49,0.02,5,5,4,3,2,1
"M81063","St Johns House Surgery",1,212,216,87,116,94,113,0.98,0.75,0.83,18584,13794,2839,6857,0.21,0.5,0.02,2,4,4,4,2,1
"M81035","St Martin's Gate Surgery",1,169,174,123,157,68,81,0.97,0.78,0.84,20021,14180,2568,7182,0.18,0.51,0.01,2,5,3,3,4,1
"M81081","St Saviours Surgery",1,145,146,95,107,53,57,0.99,0.89,0.93,20011,5515,1542,2870,0.28,0.52,0.03,2,2,5,5,5,1
"M81001","St Stephen's Medical Partnership",1,258,264,190,246,93,100,0.98,0.77,0.93,6678,17653,3331,8875,0.19,0.5,0.01,4,5,4,3,3,1
"M81082","St. Johns Surgery",1,218,220,165,189,95,105,0.99,0.87,0.9,14428,15697,2871,7979,0.18,0.51,0.01,3,5,4,3,4,1
"M81015","Stanmore House Surgery",1,232,236,130,147,127,134,0.98,0.88,0.95,23934,9699,2332,5009,0.24,0.52,0.02,1,3,5,4,5,1
"M81040","Stourport Medical Centre",1,621,632,351,432,247,276,0.98,0.81,0.89,10289,21721,6128,10974,0.28,0.51,0.03,3,5,5,5,3,1
"M81042","Tenbury Surgery",1,203,213,107,140,87,102,0.95,0.76,0.85,12515,9719,3181,4894,0.33,0.5,0.02,3,3,5,5,3,1
"M81092","The Bridge Surgery",0.99,80,82,56,68,33,37,0.98,0.82,0.89,21841,5635,1194,2794,0.21,0.5,0.01,2,2,4,4,2,1
"M81056","The Church Street Practice",1,233,235,146,175,92,104,0.99,0.83,0.88,3288,12641,2983,6205,0.24,0.49,0.02,5,4,5,4,2,1
"M81020","The Dow Surgery",1,155,158,98,125,62,68,0.98,0.78,0.91,6678,12118,2030,5903,0.17,0.49,0.01,4,4,3,3,2,1
"M81605","The Glebeland Surgery",1,80,81,54,70,46,51,0.99,0.77,0.9,25396,5537,1214,2821,0.22,0.51,0.01,1,2,4,4,4,1
"M81043","The Mortimer Medical Prac",0.83,217,222,118,166,88,118,0.98,0.71,0.75,21172,8897,3099,4540,0.35,0.51,0.02,2,3,5,5,4,1
"M81077","The Ridgeway Surgery",0.93,94,96,47,65,54,62,0.98,0.72,0.87,27608,4804,1379,2430,0.29,0.51,0.02,1,1,5,5,4,1
"M81067","The Surgery Kingstone",1,84,86,66,84,59,63,0.98,0.79,0.94,12055,5564,1467,2776,0.26,0.5,0.02,3,2,4,5,3,1
"M81037","Thorneloe Lodge Surgery",1,166,168,116,147,74,81,0.99,0.79,0.91,18012,11926,2586,5972,0.22,0.5,0.01,2,4,4,4,3,1
"M81038","Upton Surgery",1,340,350,209,235,181,197,0.97,0.89,0.92,17285,12289,4002,6328,0.33,0.51,0.03,2,4,5,5,5,1
"M81066","Wargrave House Surgery",1,114,115,89,114,73,79,0.99,0.78,0.92,6860,8330,2090,4164,0.25,0.5,0.01,4,3,4,5,3,1
"M81018","Weobley & Staunton On Wye Surgeries",1,128,129,89,89,81,83,0.99,1,0.98,12278,6459,2289,3377,0.35,0.52,0.02,3,2,5,5,5,1
"M81039","Whiteacres Medical Centre",1,217,221,138,185,134,148,0.98,0.75,0.91,20011,11956,3480,6212,0.29,0.52,0.02,2,4,5,5,5,1
"M81019","Winyates Health Centre",1,292,300,209,264,78,89,0.97,0.79,0.88,2962,17512,3456,8705,0.2,0.5,0.02,5,5,5,3,2,1
"M81608","Wolverley Surgery",0.89,83,88,36,61,33,43,0.94,0.59,0.77,16117,3933,1090,2038,0.28,0.52,0.02,2,1,5,5,5,1
"D82104","Acle Medical Partnership",0.93,143,146,93,113,88,97,0.98,0.82,0.91,24670,9534,2788,4860,0.29,0.51,0.02,1,3,4,5,4,1
"D82628","Aldborough Surgery",1,83,84,45,52,38,46,0.99,0.87,0.83,16487,3988,1338,1985,0.34,0.5,0.02,2,1,5,5,2,1
"D83002","Alexandra & Crestview Surgeries",0.96,238,245,158,198,96,113,0.97,0.8,0.85,2305,15486,3307,7680,0.21,0.5,0.02,5,5,4,4,2,1
"D83608","Andaman Surgery",1,105,108,74,98,47,52,0.97,0.76,0.9,8026,6460,1820,3380,0.28,0.52,0.02,4,2,4,5,5,1
"D82034","Attleborough Surgery",1,307,316,183,228,129,158,0.97,0.8,0.82,16066,18686,4393,9320,0.24,0.5,0.02,2,5,4,4,3,1
"D82060","Bacon Road Medical Centre",1,83,85,57,66,36,36,0.98,0.86,1,11826,5069,944,2601,0.19,0.51,0.02,3,1,4,3,5,1
"D82003","Beaches Medical Centre",0.77,378,430,231,360,154,206,0.88,0.64,0.75,6498,25106,5679,12584,0.23,0.5,0.02,4,5,5,4,3,1
"D83009","Beccles Medical Centre",1,368,381,215,259,219,242,0.97,0.83,0.9,18220,19223,5915,9753,0.31,0.51,0.02,2,5,5,5,4,1
"Y03595","Beechcroft And Old Palace",0.97,132,133,83,102,43,50,0.99,0.81,0.86,24492,6933,1477,3448,0.21,0.5,0.02,1,2,5,4,2,1
"D82059","Birchwood Medical Practice",1,255,257,137,172,111,123,0.99,0.8,0.9,20909,11998,3623,6217,0.3,0.52,0.02,2,4,5,5,5,1
"D82080","Blofield Surgery",1,193,197,95,108,110,125,0.98,0.88,0.88,27765,8747,2150,4523,0.25,0.52,0.02,1,3,5,5,5,1
"D82604","Boughton Surgery",1,60,61,40,48,38,40,0.98,0.83,0.95,12091,3544,1013,1740,0.29,0.49,0.02,3,1,5,5,2,1
"D83011","Bridge Road Surgery",0.98,251,251,148,180,122,128,1,0.82,0.95,10741,12100,3626,6111,0.3,0.51,0.02,3,4,5,5,3,1
"D82015","Bridge Street Surgery",1,183,184,119,143,114,127,0.99,0.83,0.9,10027,8530,2675,4391,0.31,0.51,0.02,3,3,5,5,5,1
"D82032","Brundall Medical Partnership",1,143,144,91,110,59,64,0.99,0.83,0.92,28158,8230,2353,4167,0.29,0.51,0.02,1,3,5,5,4,1
"D83034","Bungay Medical Centre",0.94,221,227,141,169,121,137,0.97,0.83,0.88,14105,11782,3482,5957,0.3,0.51,0.02,3,4,5,5,4,1
"D82072","Burnham Surgery",0.95,115,128,81,99,78,85,0.9,0.82,0.92,9329,3939,1545,2007,0.39,0.51,0.03,4,1,5,5,4,1
"D82057","Campingland Surgery",1,150,152,101,121,96,107,0.99,0.83,0.9,18125,7304,2470,3777,0.34,0.52,0.02,2,2,5,5,5,1
"D82011","Castle Partnership",1,287,287,165,202,148,163,1,0.82,0.91,8369,17764,3695,9041,0.21,0.51,0.02,4,5,4,4,4,1
"D82006","Chet Valley Medical Practice",1,173,174,100,121,85,93,0.99,0.83,0.91,12019,9020,2557,4588,0.28,0.51,0.02,3,3,5,5,4,1
"D82046","Church Hill Surgery",1,95,96,56,64,53,55,0.99,0.88,0.96,14417,4533,1378,2320,0.3,0.51,0.02,3,1,5,5,4,1
"D82058","Coastal Villages Practice",0.93,418,445,286,358,196,222,0.94,0.8,0.88,12549,17488,6024,8952,0.34,0.51,0.03,3,5,5,5,4,1
"D82062","Coltishall Medical Practice",1,156,157,96,120,76,80,0.99,0.8,0.95,15997,8818,2475,4523,0.28,0.51,0.02,3,3,5,5,5,1
"D82004","Cromer Group Practice",0.86,302,302,168,208,155,180,1,0.81,0.86,17855,12204,4520,6233,0.37,0.51,0.02,2,4,5,5,4,1
"D83035","Cutlers Hill Surgery",0.98,208,217,137,171,126,132,0.96,0.8,0.95,15387,10626,3795,5382,0.36,0.51,0.02,3,4,5,5,4,1
"D82029","Drayton Medical Practice",1,335,338,193,234,182,206,0.99,0.82,0.88,25965,19132,4668,9774,0.24,0.51,0.02,1,5,5,4,4,1
"D82042","E Harling & Kenninghall Medical Practice",0.84,158,165,90,125,55,62,0.96,0.72,0.89,20539,8660,2336,4347,0.27,0.5,0.02,2,3,5,5,3,1
"D82007","East Norfolk Medical Practice",1,375,383,316,371,165,180,0.98,0.85,0.92,4529,25180,4877,12136,0.19,0.48,0.02,4,5,4,3,1,1
"D82071","East Norwich Medical Partnership",1,223,230,124,157,109,141,0.97,0.79,0.77,30719,14183,3563,7053,0.25,0.5,0.02,1,5,4,5,2,1
"D82056","Elmham Surgery",0.98,198,199,118,153,90,106,0.99,0.77,0.85,7606,9804,3084,4995,0.31,0.51,0.02,4,3,5,5,4,1
"D82054","Fakenham Medical Practice",0.99,335,341,207,256,166,187,0.98,0.81,0.89,14162,15642,4786,7946,0.31,0.51,0.02,3,5,5,5,4,1
"D82079","Feltwell Surgery",0.96,98,101,71,92,34,45,0.97,0.77,0.76,11861,5567,1449,2797,0.26,0.5,0.02,3,2,5,5,3,1
"D82600","Fleggburgh Surgery",0.98,26,28,21,31,14,16,0.93,0.68,0.88,10635,1940,678,948,0.35,0.49,0.01,3,1,4,5,2,1
"D82070","Great Massingham Surgery",0.93,139,146,89,119,66,73,0.95,0.75,0.9,11886,6398,1859,3175,0.29,0.5,0.02,3,2,5,5,2,1
"D82010","Grimston Medical Centre",1,149,149,100,118,73,78,1,0.85,0.94,16466,5285,1631,2663,0.31,0.5,0.03,2,1,5,5,3,1
"D82002","Grove Surgery",1,188,190,151,165,70,71,0.99,0.92,0.99,10122,12723,2262,6164,0.18,0.48,0.01,3,4,4,3,1,1
"D82084","Harleston Medical Practice",1,174,182,112,131,85,93,0.96,0.85,0.91,16577,7966,2594,4005,0.33,0.5,0.02,2,3,5,5,3,1
"D82027","Heacham Group Practice",1,274,276,150,195,116,136,0.99,0.77,0.85,13065,7623,3188,4013,0.42,0.53,0.04,3,2,5,5,5,1
"D82078","Heathgate Medical Practice",0.99,163,166,108,129,100,106,0.98,0.84,0.94,28117,9951,2612,5078,0.26,0.51,0.02,1,3,4,5,4,1
"D82018","Hellesdon Medical Practice",1,160,166,94,115,85,92,0.96,0.82,0.92,18179,11142,2815,5574,0.25,0.5,0.01,2,4,4,5,3,1
"D83023","High Street Surgery",0.99,185,186,129,159,87,99,0.99,0.81,0.88,219,11635,2730,5759,0.23,0.49,0.02,5,4,4,4,2,1
"D82085","Hingham Surgery",0.93,105,107,66,82,44,49,0.98,0.8,0.9,12558,7816,2188,4044,0.28,0.52,0.01,3,3,4,5,5,1
"D82001","Holt Medical Practice",1,271,277,182,233,193,212,0.98,0.78,0.91,15242,14259,5428,7379,0.38,0.52,0.02,3,5,5,5,5,1
"D82025","Hoveton & Wroxham Medical Centre",1,252,253,152,171,125,135,1,0.89,0.93,13629,10177,3333,5103,0.33,0.5,0.02,3,3,5,5,3,1
"D82068","Howdale Surgery",0.93,107,116,85,109,84,97,0.92,0.78,0.87,15649,7834,2275,4066,0.29,0.52,0.01,3,3,4,5,5,1
"D82064","Humbleyard Practice",0.97,342,347,185,222,184,197,0.99,0.83,0.93,23685,22328,4918,11486,0.22,0.51,0.02,1,5,4,4,5,1
"D83030","Kirkley Mill Health Centre",0.98,90,93,86,108,23,25,0.97,0.8,0.92,4291,7452,1380,3431,0.19,0.46,0.01,5,2,3,3,1,1
"D82026","Lakenham Surgery",1,138,141,89,104,44,49,0.98,0.86,0.9,9183,8956,1764,4346,0.2,0.49,0.02,4,3,4,3,2,1
"D82022","Lawns Practice",1,137,139,69,80,78,94,0.99,0.86,0.83,11381,7235,1993,3632,0.28,0.5,0.02,3,2,5,5,3,1
"D82076","Lawson Road Surgery",1,136,136,75,95,68,70,1,0.79,0.97,19233,8715,1630,4445,0.19,0.51,0.02,2,3,4,3,4,1
"D82049","Litcham Health Centre",1,42,42,33,38,19,20,1,0.87,0.95,11949,3571,1034,1770,0.29,0.5,0.01,3,1,3,5,2,1
"D82037","Long Stratton Medical Partnership",1,165,169,113,141,88,99,0.98,0.8,0.89,17467,11263,2913,5723,0.26,0.51,0.02,2,4,4,5,4,1
"D83010","Longshore Surgeries",0.83,148,151,87,113,72,84,0.98,0.77,0.86,6464,6370,2271,3259,0.36,0.51,0.02,4,2,5,5,4,1
"D82028","Ludham And Stalham Green Surgeries",1,117,118,77,90,69,85,0.99,0.86,0.81,13318,5885,2180,2986,0.37,0.51,0.02,3,2,5,5,4,1
"D82012","Magdalen Medical Practice",1,261,264,136,166,122,131,0.99,0.82,0.93,17512,14616,2779,7423,0.19,0.51,0.02,2,5,5,3,4,1
"D82065","Manor Farm Medical Centre",1,169,174,103,128,90,100,0.97,0.8,0.9,5505,7755,2430,4006,0.31,0.52,0.02,4,3,5,5,5,1
"D82016","Market Surgery",1,207,210,102,136,87,99,0.99,0.75,0.88,11737,10136,3021,5265,0.3,0.52,0.02,3,3,5,5,5,1
"D82039","Mattishall And Lenwade Surgeries",1,192,192,111,134,91,106,1,0.83,0.86,16459,8686,2579,4408,0.3,0.51,0.02,2,3,5,5,4,1
"D82053","Mundesley Medical Centre",1,177,179,114,117,76,80,0.99,0.97,0.95,11761,5745,2158,2943,0.38,0.51,0.03,3,2,5,5,4,1
"Y06275","Nelson Medical Centre",1,68,69,65,83,22,23,0.99,0.78,0.96,2793,6207,824,2864,0.13,0.46,0.01,5,2,3,2,1,1
"Y02751","Norwich Practices Health Centre",1,106,107,56,72,50,57,0.99,0.78,0.88,10311,11245,962,5160,0.09,0.46,0.01,3,4,2,1,1,1
"D82047","Oak Street Medical Pract.",1,113,114,67,82,34,36,0.99,0.82,0.94,8369,6924,1385,3279,0.2,0.47,0.02,4,2,4,3,1,1
"D82013","Old Catton Medical Practice",1,120,122,80,89,51,53,0.98,0.9,0.96,31588,8549,1612,4253,0.19,0.5,0.01,1,3,4,3,2,1
"D82036","Old Mill And Millgates Medical Practice",0.98,163,165,88,112,84,100,0.99,0.79,0.84,27197,8969,2431,4613,0.27,0.51,0.02,1,3,5,5,5,1
"D82020","Orchard Surgery",1,258,260,127,161,119,131,0.99,0.79,0.91,8473,13184,3084,6756,0.23,0.51,0.02,4,4,5,4,5,1
"D82031","Parish Fields Practice",1,152,155,90,108,74,82,0.98,0.83,0.9,11381,8225,2263,4167,0.28,0.51,0.02,3,3,5,5,4,1
"D82066","Paston Surgery",1,168,170,102,120,77,86,0.99,0.85,0.9,20909,6745,2148,3412,0.32,0.51,0.03,2,2,5,5,4,1
"D82621","Plowright Medical Centre",0.99,131,136,89,100,79,85,0.96,0.89,0.93,7131,6733,2159,3461,0.32,0.51,0.02,4,2,5,5,5,1
"D82087","Prospect Medical Practice",1,88,90,72,85,24,25,0.98,0.85,0.96,3617,6880,778,3242,0.11,0.47,0.01,5,2,3,1,1,1
"D82030","Reepham & Aylsham Medical Practice",1,176,177,131,150,71,81,0.99,0.87,0.88,16028,8842,2707,4492,0.31,0.51,0.02,2,3,5,5,4,1
"D83047","Rosedale Surgery",1,238,245,148,192,124,139,0.97,0.77,0.89,28831,15914,3983,8230,0.25,0.52,0.02,1,5,4,5,5,1
"D82023","Roundwell Medical Centre",1,187,189,97,115,80,84,0.99,0.84,0.95,11228,14847,2354,7515,0.16,0.51,0.01,3,5,3,2,4,1
"Y01690","School Lane PMS Practice",1,64,64,46,57,21,21,1,0.81,1,10122,7075,676,3406,0.1,0.48,0.01,3,2,2,1,1,1
"D82041","School Lane Surgery",1,146,150,90,111,60,67,0.97,0.81,0.9,10122,10498,2005,5207,0.19,0.5,0.01,3,4,4,3,2,1
"D82005","Sheringham Medical Practice",0.99,295,303,139,185,142,171,0.97,0.75,0.83,18369,9355,3935,4817,0.42,0.51,0.03,2,3,5,5,5,1
"D82100","Shipdham Surgery",0.99,70,71,50,58,35,36,0.99,0.86,0.97,17638,4475,1325,2251,0.3,0.5,0.02,2,1,4,5,3,1
"D83022","Sole Bay H/C",0.93,106,108,69,84,75,79,0.98,0.82,0.95,22420,5446,2070,2820,0.38,0.52,0.02,2,2,5,5,5,1
"D82099","Southgates Surgical & Medical Centre",1,205,207,145,168,84,92,0.99,0.86,0.91,13599,17435,2426,8534,0.14,0.49,0.01,3,5,3,2,2,1
"D82105","St Clements Surgery",1,108,109,92,111,46,52,0.99,0.83,0.88,15189,7704,1870,3964,0.24,0.51,0.01,3,3,4,4,5,1
"D82051","St James Medical Practice",1,248,254,186,230,137,157,0.98,0.81,0.87,27644,18043,3738,8994,0.21,0.5,0.01,1,5,4,4,3,1
"Y03222","St John's Surgery",1,130,131,99,112,71,78,0.99,0.88,0.91,10445,6608,1709,3308,0.26,0.5,0.02,3,2,5,5,3,1
"D82008","St Stephens Gate Medical Partnership",1,355,355,201,235,160,178,1,0.86,0.9,30316,19428,4165,9884,0.21,0.51,0.02,1,5,5,4,4,1
"D82009","Stalham Staithe Surgery",1,170,176,111,126,69,71,0.97,0.88,0.97,13772,7220,2493,3645,0.35,0.5,0.02,3,2,5,5,3,1
"D82024","Taverham Surgery",1,133,133,67,77,66,77,1,0.87,0.86,23232,8075,1819,4048,0.23,0.5,0.02,2,3,4,4,3,1
"Y00297","The Hollies Surgery",1,80,81,68,77,34,35,0.99,0.88,0.97,10027,4911,1018,2512,0.21,0.51,0.02,3,1,4,4,4,1
"D82073","The Lionwood Medical Practice",1,181,184,136,166,69,77,0.98,0.82,0.9,9941,14842,2480,7427,0.17,0.5,0.01,3,5,3,3,3,1
"D82019","The Millwood Partnership",1,345,345,255,297,163,171,1,0.86,0.95,25752,19496,5185,9909,0.27,0.51,0.02,1,5,5,5,4,1
"D82067","The Park Surgery",1,235,239,181,235,80,91,0.98,0.77,0.88,406,15114,2590,7384,0.17,0.49,0.02,5,5,4,3,2,1
"D82618","The Woottons Surgery",1,100,102,73,83,63,67,0.98,0.88,0.94,23707,5861,1471,3023,0.25,0.52,0.02,1,2,5,5,5,1
"D82050","Theatre Royal Surgery",1,239,242,131,157,130,143,0.99,0.83,0.91,12566,10926,2850,5548,0.26,0.51,0.02,3,4,5,5,4,1
"D82048","Thorpewood Medical Group",1,180,182,103,121,107,114,0.99,0.85,0.94,3214,12437,2600,6211,0.21,0.5,0.01,5,4,4,4,3,1
"D82017","Trinity & Bowthorpe Medical Practice",1,138,139,82,124,43,49,0.99,0.66,0.88,22248,11383,1823,5588,0.16,0.49,0.01,2,4,3,2,2,1
"D82088","Uea Medical Centre",1,9,9,10,14,1,1,1,0.71,1,27992,20178,197,9563,0.01,0.47,0,1,5,1,1,1,1
"D82035","Upwell Health Centre",0.95,210,216,171,202,81,99,0.97,0.85,0.82,6640,11011,2956,5609,0.27,0.51,0.02,4,4,5,5,4,1
"D83016","Victoria Road Surgery",0.91,148,151,135,164,85,99,0.98,0.82,0.86,19551,10598,2840,5337,0.27,0.5,0.01,2,4,4,5,3,1
"D82044","Vida Healthcare",1,700,719,472,527,341,378,0.97,0.9,0.9,13283,30416,8398,15645,0.28,0.51,0.02,3,5,5,5,5,1
"D82043","Watlington Medical Centre",1,107,110,105,123,62,69,0.97,0.85,0.9,16552,6783,1818,3444,0.27,0.51,0.02,2,2,4,5,4,1
"D82063","Watton Medical Practice",1,241,242,150,195,117,120,1,0.77,0.98,5951,14142,3524,7084,0.25,0.5,0.02,4,5,5,5,3,1
"D82038","Wells Health Centre",0.95,98,107,51,69,55,64,0.92,0.74,0.86,14802,3311,1157,1701,0.35,0.51,0.03,3,1,5,5,5,1
"D82040","Wensum Valley Medical Practice",0.98,140,144,111,132,36,40,0.97,0.84,0.9,9048,12701,1467,6077,0.12,0.48,0.01,4,4,3,2,1,1
"D82106","West Pottergate Med Prac",1,61,61,36,44,31,36,1,0.82,0.86,3776,6025,903,3004,0.15,0.5,0.01,5,2,2,2,3,1
"D82624","Windmill Surgery",1,84,86,47,63,41,45,0.98,0.75,0.91,17123,8372,1497,4359,0.18,0.52,0.01,2,3,2,3,5,1
"D82096","Woodcock Rd Surgery",1,100,102,73,88,24,26,0.98,0.83,0.92,15593,8570,1031,4127,0.12,0.48,0.01,3,3,3,2,1,1
"D82045","Wymondham Medical Partnership",1,357,365,183,218,152,168,0.98,0.84,0.9,30166,19624,4552,10023,0.23,0.51,0.02,1,5,5,4,4,1
"N81033","Alderley Edge Medical Centre",1,119,119,78,83,103,113,1,0.94,0.91,23938,8693,2341,4475,0.27,0.51,0.01,1,3,4,5,5,1
"N81032","Ashfields Primary Care Centre",1,409,420,311,380,223,246,0.97,0.82,0.91,28424,28619,6021,14526,0.21,0.51,0.01,1,5,4,4,4,1
"N81001","Audlem Medical Practice",1,83,84,70,81,49,53,0.99,0.86,0.92,20338,5034,1773,2522,0.35,0.5,0.02,2,1,4,5,3,1
"N81034","Boughton Medical Group",1,123,125,83,98,71,76,0.98,0.85,0.93,9513,13286,2612,6589,0.2,0.5,0.01,4,4,2,3,2,1
"N81632","Broken Cross Surgery",1,71,71,59,67,26,29,1,0.88,0.9,8675,5829,946,2894,0.16,0.5,0.01,4,2,3,3,2,1
"N81006","Bunbury Medical Practice",1,84,85,52,65,45,49,0.99,0.8,0.92,21647,5418,1469,2711,0.27,0.5,0.02,2,2,4,5,3,1
"N81069","Chelford Surgery",1,81,83,47,58,46,52,0.98,0.81,0.88,30378,4637,1321,2346,0.28,0.51,0.02,1,1,5,5,4,1
"N81082","City Walls Medical Centre",1,201,205,133,170,92,109,0.98,0.78,0.84,12709,15364,3555,7528,0.23,0.49,0.01,3,5,3,4,2,1
"N81062","Cumberland House Surgery",1,254,260,183,218,121,141,0.98,0.84,0.86,8675,15055,3536,7568,0.23,0.5,0.02,4,5,5,4,3,1
"N81087","Danebridge Medical Centre",0.84,402,412,197,319,158,231,0.98,0.62,0.68,3851,24740,5824,12485,0.24,0.5,0.02,5,5,4,4,3,1
"N81031","Drs Adey And Dancy",1,135,139,88,99,81,90,0.97,0.89,0.9,31901,6257,1911,3197,0.31,0.51,0.02,1,2,5,5,4,1
"N81053","Earnswood Medical Centre",1,231,231,192,233,91,100,1,0.82,0.91,9369,17215,2796,8509,0.16,0.49,0.01,4,5,3,3,2,1
"N81025","Firdale Medical Centre",1,145,148,119,139,51,58,0.98,0.86,0.88,25289,10981,1890,5484,0.17,0.5,0.01,1,4,3,3,3,1
"N81102","Fountains Medical Practice",1,140,140,66,71,167,177,1,0.93,0.94,12709,4238,1337,2334,0.32,0.55,0.03,3,1,5,5,5,1
"N81081","Garden Lane Medical Ctr.",1,92,93,59,72,51,56,0.99,0.82,0.91,18377,9762,1556,4783,0.16,0.49,0.01,2,3,2,2,2,1
"N81071","Greenmoss Medical Centre",1,88,89,66,78,35,35,0.99,0.85,1,26582,4476,1336,2257,0.3,0.5,0.02,1,1,5,5,3,1
"N81068","Grosvenor Medical Centre",0.95,152,156,149,179,69,74,0.97,0.83,0.93,1660,15260,2479,7402,0.16,0.49,0.01,5,5,2,3,1,1
"N81070","Handforth Health Centre",1,172,177,114,139,94,105,0.97,0.82,0.9,19183,10401,2228,5206,0.21,0.5,0.02,2,4,4,4,3,1
"N81043","Haslington Surgery",1,91,91,70,76,57,61,1,0.92,0.93,22902,5893,1642,2932,0.28,0.5,0.02,2,2,4,5,2,1
"N81009","Heath Lane Medical Centre",0.97,76,76,44,54,54,61,1,0.81,0.89,14404,7623,1721,3832,0.23,0.5,0.01,3,2,2,4,3,1
"N81005","Helsby Health Centre",0.98,136,137,100,125,75,82,0.99,0.8,0.91,25367,9881,2345,5033,0.24,0.51,0.01,1,3,4,4,4,1
"N81040","High Street Practice Winsford",1,71,73,75,91,24,26,0.97,0.82,0.92,9059,6874,1021,3358,0.15,0.49,0.01,4,2,3,2,2,1
"N81013","High Street Surgery",0.95,91,93,81,97,52,58,0.98,0.84,0.9,8675,6979,1581,3471,0.23,0.5,0.01,4,2,3,4,2,1
"N81092","Hope Farm Medical Centre",1,184,186,152,170,98,107,0.99,0.89,0.92,27174,14504,2776,7446,0.19,0.51,0.01,1,5,3,3,5,1
"N81044","Hungerford Medical Centre",0.99,167,171,102,130,81,89,0.98,0.78,0.91,11198,10842,2099,5319,0.19,0.49,0.02,3,4,4,3,2,1
"N81120","Kelsall Medical Centre",0.93,84,90,71,88,42,46,0.93,0.81,0.91,26454,5926,1550,2991,0.26,0.5,0.02,1,2,4,5,3,1
"N81002","Kenmore Medical Centre",1,222,223,129,161,133,151,1,0.8,0.88,28854,12188,3327,6181,0.27,0.51,0.02,1,4,5,5,4,1
"N81049","Knutsford Medical Partnership",1,655,667,364,450,367,422,0.98,0.81,0.87,21198,23611,5951,12107,0.25,0.51,0.03,2,5,5,5,5,1
"N81115","Lache Health Centre",1,59,59,61,78,32,33,1,0.78,0.97,28572,7932,1228,4003,0.15,0.5,0.01,1,3,2,2,3,1
"N81074","Launceston Close Surgery",0.9,63,64,55,68,28,29,0.98,0.81,0.97,2840,5488,837,2801,0.15,0.51,0.01,5,2,3,2,4,1
"N81038","Laurel Bank Surgery",1,90,91,66,73,50,55,0.99,0.9,0.91,15445,7776,2095,4007,0.27,0.52,0.01,3,3,3,5,5,1
"N81052","Lawton House Surgery",1,175,175,117,148,80,90,1,0.79,0.89,4650,12892,2952,6552,0.23,0.51,0.01,4,4,3,4,4,1
"N81118","Meadowside Medical Centre",1,119,120,81,88,66,74,0.99,0.92,0.89,9541,8676,2084,4314,0.24,0.5,0.01,4,3,4,4,2,1
"N81111","Merepark Medical Centre",1,147,147,91,107,73,81,1,0.85,0.9,29950,7367,1750,3757,0.24,0.51,0.02,1,2,5,4,4,1
"N81113","Middlewich Road Surgery",1,99,99,96,119,18,20,1,0.81,0.9,9188,7334,1310,3580,0.18,0.49,0.01,4,2,3,3,2,1
"N81022","Middlewood Partnership",0.98,566,589,340,429,332,396,0.96,0.79,0.84,31044,34037,9450,17330,0.28,0.51,0.02,1,5,5,5,4,1
"N81016","Millcroft Medical Centre",1,304,307,226,297,98,110,0.99,0.76,0.89,9369,32432,3750,15530,0.12,0.48,0.01,4,5,2,2,1,1
"N81010","Nantwich Health Centre",1,104,106,91,104,69,74,0.98,0.88,0.93,10183,8335,1816,4302,0.22,0.52,0.01,3,3,3,4,5,1
"N81125","Neston Medical Centre",1,120,120,98,112,75,79,1,0.88,0.95,8802,7706,2344,3989,0.3,0.52,0.02,4,3,4,5,5,1
"N81060","Neston Surgery",1,162,167,94,128,82,94,0.97,0.73,0.87,17095,8933,2762,4558,0.31,0.51,0.02,2,3,5,5,4,1
"N81080","Northgate Medical Centre",1,82,84,61,74,39,45,0.98,0.82,0.87,12709,8787,1534,4447,0.17,0.51,0.01,3,3,2,3,4,1
"N81121","Northgate Village Surgery",1,72,72,51,62,36,41,1,0.82,0.88,12709,7097,1238,3584,0.17,0.51,0.01,3,2,2,3,3,1
"N81039","Oaklands",1,208,208,110,143,86,101,1,0.77,0.85,16304,11722,2640,6000,0.23,0.51,0.02,2,4,5,4,4,1
"N81067","Oakwood Medical Centre",0.93,124,125,88,114,40,48,0.99,0.77,0.83,15664,9160,1927,4578,0.21,0.5,0.01,3,3,4,4,3,1
"N81117","Old Hall Surgery",1,77,77,55,68,31,33,1,0.81,0.94,27776,5754,878,2856,0.15,0.5,0.01,1,2,3,2,2,1
"N81088","Park Green Surgery",1,141,144,118,129,80,84,0.98,0.91,0.95,8675,12623,2572,6363,0.2,0.5,0.01,4,4,3,4,3,1
"N81085","Park Lane Surgery",1,129,129,107,122,94,98,1,0.88,0.96,8675,9861,2132,4990,0.22,0.51,0.01,4,3,3,4,4,1
"N81046","Park Medical Centre",1,96,97,80,98,61,66,0.99,0.82,0.92,32036,10179,1999,5009,0.2,0.49,0.01,1,3,2,3,2,1
"N81030","Princeway Surgeries",1,240,240,193,231,156,170,1,0.84,0.92,19552,16657,4778,8420,0.29,0.51,0.01,2,5,4,5,3,1
"N81027","Readesmoor Medical Group Practice",1,261,262,158,198,123,143,1,0.8,0.86,9541,14714,3683,7448,0.25,0.51,0.02,4,5,5,5,4,1
"N81084","Rope Green Medical Centre",0.74,300,317,192,306,143,203,0.95,0.63,0.7,20684,21183,5097,10832,0.24,0.51,0.01,2,5,4,4,4,1
"N81029","South Park Surgery",1,159,162,103,115,91,102,0.98,0.9,0.89,8675,12541,2826,6187,0.23,0.49,0.01,4,4,3,4,2,1
"N81024","Swanlow Medical Centre",1,150,152,143,167,70,75,0.99,0.86,0.93,9059,10803,1990,5420,0.18,0.5,0.01,4,4,4,3,3,1
"N81018","Tarporley Health Centre",1,141,143,79,102,88,99,0.99,0.77,0.89,31901,8173,2409,4189,0.29,0.51,0.02,1,3,5,5,5,1
"N81008","The Cedars Medical Centre",1,228,228,131,168,121,139,1,0.78,0.87,29950,11706,2978,6023,0.25,0.51,0.02,1,4,5,5,5,1
"N81079","The Elms Medical Centre",1,100,101,88,101,48,54,0.99,0.87,0.89,12709,10013,1740,4945,0.17,0.49,0.01,3,3,2,3,2,1
"N81101","The Handbridge Med.Ctr.",1,91,92,71,79,45,48,0.99,0.9,0.94,24764,7985,1610,4090,0.2,0.51,0.01,1,3,3,4,4,1
"N81077","The Health Centre (Holmes Chapel)",1,252,256,141,160,147,160,0.98,0.88,0.92,23572,13017,3670,6676,0.28,0.51,0.02,1,4,5,5,5,1
"N81047","The Kiltearn Medical Ctr.",1,234,234,159,170,100,100,1,0.94,1,10183,12371,3159,6289,0.26,0.51,0.02,3,4,5,5,4,1
"N81614","The Surgery",1,78,80,68,81,42,45,0.98,0.84,0.93,15717,5588,1423,2819,0.25,0.5,0.01,3,2,4,5,3,1
"N81624","The Village Surgeries Group",1,117,118,82,94,70,75,0.99,0.87,0.93,21725,8525,2324,4341,0.27,0.51,0.01,2,3,4,5,4,1
"N81127","The Weaver Vale Surgery",1,154,154,124,157,64,72,1,0.79,0.89,9059,8511,1779,4381,0.21,0.51,0.02,4,3,5,4,5,1
"N81051","The Weaverham Surgery",1,125,128,94,112,57,63,0.98,0.84,0.9,29294,7074,1830,3572,0.26,0.5,0.02,1,2,5,5,3,1
"Y04664","The Willaston Surgery",1,69,70,36,41,24,27,0.99,0.88,0.89,21379,4444,1287,2271,0.29,0.51,0.02,2,1,4,5,4,1
"N81090","Tudor Surgery",1,90,90,41,49,51,57,1,0.84,0.89,10183,5255,1176,2713,0.22,0.52,0.02,3,1,5,4,5,1
"N81100","Upton Village Surgery",1,104,104,79,93,56,63,1,0.85,0.89,25206,7935,1799,4113,0.23,0.52,0.01,1,3,3,4,5,1
"N81642","Waters Edge Medical Centre",1,54,54,46,54,15,15,1,0.85,1,18434,4711,819,2366,0.17,0.5,0.01,2,1,3,3,3,1
"N81055","Watling Street Surgery",1,99,101,67,81,45,49,0.98,0.83,0.92,3851,7047,1781,3451,0.25,0.49,0.01,5,2,4,5,2,1
"N81626","Western Ave Medical Ctre",1,58,58,49,59,23,23,1,0.83,1,2866,4564,661,2329,0.14,0.51,0.01,5,1,3,2,4,1
"N81607","Westminster Surgery",1,26,26,21,24,12,13,1,0.88,0.92,312,3793,410,1818,0.11,0.48,0.01,5,1,1,1,1,1
"N81093","Whitby Health Partnership",1,208,209,148,192,97,105,1,0.77,0.92,20689,16058,3366,8132,0.21,0.51,0.01,2,5,3,4,4,1
"N81123","Willow Wood Surgery",1,75,86,54,85,31,40,0.87,0.64,0.78,8305,7051,943,3489,0.13,0.49,0.01,4,2,3,2,2,1
"N81086","Wilmslow Health Centre",1,140,141,95,118,76,82,0.99,0.81,0.93,28854,16502,2303,8197,0.14,0.5,0.01,1,5,2,2,2,1
"N81061","Witton Street Surgery",1,116,119,117,137,40,42,0.97,0.85,0.95,3851,10036,2050,5047,0.2,0.5,0.01,5,3,3,4,3,1
"N81063","York Road Group Practice",1,136,139,118,146,58,65,0.98,0.81,0.89,5173,12523,1805,6253,0.14,0.5,0.01,4,4,3,2,3,1
"B83620","Addingham Surgery",1,91,91,60,62,49,51,1,0.97,0.96,22686,3439,1463,1833,0.43,0.53,0.03,2,1,5,5,5,1
"B83062","Ashcroft Surgery",1,101,102,101,119,39,41,0.99,0.85,0.95,945,8998,1175,4522,0.13,0.5,0.01,5,3,3,2,3,1
"B83641","Ashwell Medical Centre",1,67,68,71,80,11,12,0.99,0.89,0.92,3643,10056,735,4932,0.07,0.49,0.01,5,3,1,1,2,1
"B83022","Baildon Medical Practice",1,151,152,108,144,83,95,0.99,0.75,0.87,24421,9760,2856,4898,0.29,0.5,0.02,1,3,4,5,3,1
"B83660","Bilton Medical Centre",0.94,23,23,27,30,8,8,1,0.9,1,615,6149,420,2786,0.07,0.45,0,5,2,1,1,1,1
"B83014","Bingley Medical Practice",1,221,225,127,160,124,142,0.98,0.79,0.87,8761,13635,3377,6861,0.25,0.5,0.02,4,4,4,5,3,1
"B83041","Bowling Hall Med Practice",1,144,147,129,168,45,51,0.98,0.77,0.88,3741,14875,1773,7356,0.12,0.49,0.01,5,5,2,2,2,1
"B83032","Bradford Moor Practice",1,20,20,23,27,8,9,1,0.85,0.89,753,4332,398,1958,0.09,0.45,0,5,1,1,1,1,1
"B83628","Clarendon Medical Centre",1,64,64,70,81,13,13,1,0.86,1,1515,10016,593,4603,0.06,0.46,0.01,5,3,1,1,1,1
"B83653","Dr Gilkar",1,47,47,47,53,18,20,1,0.89,0.9,517,7811,547,3785,0.07,0.48,0.01,5,3,1,1,1,1
"B83025","Dr I M Raja & Partner",1,31,32,29,33,6,6,0.97,0.88,1,517,4434,434,2091,0.1,0.47,0.01,5,1,2,1,1,1
"B83622","Dr Ia Gilkar & Partners",1,28,28,39,47,5,6,1,0.83,0.83,968,4225,340,2027,0.08,0.48,0.01,5,1,1,1,1,1
"B82053","Dyneley House Surgery",1,245,249,144,187,117,135,0.98,0.77,0.87,23354,15234,3863,7791,0.25,0.51,0.02,1,5,4,5,4,1
"Y01118","Eccleshill Village Surgery",1,58,59,60,69,24,25,0.98,0.87,0.96,6240,3449,591,1650,0.17,0.48,0.02,4,1,5,3,1,1
"B83016","Farrow Medical Centre",0.99,77,79,74,94,22,24,0.97,0.79,0.92,1649,8797,776,4535,0.09,0.52,0.01,5,3,2,1,5,1
"B83627","Frizinghall Medical Centre",0.89,31,31,22,34,8,10,1,0.65,0.8,2490,3612,410,1633,0.11,0.45,0.01,5,1,2,1,1,1
"B83034","Grange Medical Centre",0.89,54,55,44,75,10,14,0.98,0.59,0.71,3744,7073,635,3374,0.09,0.48,0.01,5,2,2,1,1,1
"B83019","Grange Park Surgery",0.98,104,111,55,76,64,72,0.94,0.72,0.89,23652,7069,1740,3600,0.25,0.51,0.02,1,2,4,5,4,1
"B83054","Haigh Hall Medical Practice",1,73,74,76,92,26,29,0.99,0.83,0.9,3267,6303,1032,3289,0.16,0.52,0.01,5,2,3,3,5,1
"B83045","Hollyns Health & Wellbeing",1,170,172,151,185,67,72,0.99,0.82,0.93,12227,12542,2304,6471,0.18,0.52,0.01,3,4,4,3,5,1
"B83035","Horton Park Medical Practice",1,118,121,103,131,47,52,0.98,0.79,0.9,486,15764,1341,7524,0.09,0.48,0.01,5,5,2,1,1,1
"B83624","I G Medical",1,395,403,165,213,232,263,0.98,0.77,0.88,24546,17083,5065,8755,0.3,0.51,0.02,1,5,5,5,5,1
"B83018","Idle Medical Centre",1,143,143,142,164,61,69,1,0.87,0.88,19136,12544,2278,6373,0.18,0.51,0.01,2,4,3,3,4,1
"B83002","Ilkley & Wharfedale Medical Practice",0.98,68,70,39,49,50,58,0.97,0.8,0.86,30787,5504,1509,2861,0.27,0.52,0.01,1,2,3,5,5,1
"B83052","Kensington Partnership",1,187,188,207,242,61,67,0.99,0.86,0.91,968,24382,2131,12142,0.09,0.5,0.01,5,5,2,1,2,1
"B83038","Leylands Lane Medical Practice",0.97,165,170,145,167,70,78,0.97,0.87,0.9,8439,18729,2311,9447,0.12,0.5,0.01,4,5,2,2,3,1
"B83008","Ling House Medical Centre",1,198,203,166,209,55,65,0.98,0.79,0.85,23,20096,2284,9753,0.11,0.49,0.01,5,5,2,1,2,1
"B83029","Low Moor Surgery",1,141,143,107,146,46,54,0.99,0.73,0.85,7427,10118,2055,5100,0.2,0.5,0.01,4,3,4,4,3,1
"B83012","Manor Medical Practice",1,98,99,91,111,49,52,0.99,0.82,0.94,968,11114,1376,5499,0.12,0.49,0.01,5,4,2,2,2,1
"B83033","Modality Partnership (Awc)",1,1522,1556,928,1239,593,684,0.98,0.75,0.87,11603,86592,19117,43775,0.22,0.51,0.02,3,5,5,4,3,1
"B83661","Moor Park Medical Practice",1,21,21,21,24,7,7,1,0.88,1,753,2954,234,1456,0.08,0.49,0.01,5,1,1,1,2,1
"B83056","Moorside Surgery",1,118,121,86,101,47,49,0.98,0.85,0.96,1609,8433,1489,4331,0.18,0.51,0.01,5,3,4,3,5,1
"B83611","New Otley Road Medical Practice",0.94,87,91,82,108,27,32,0.96,0.76,0.84,115,11737,804,5455,0.07,0.46,0.01,5,4,2,1,1,1
"B83031","Oak Glen Surgery",0.95,52,58,43,56,25,28,0.9,0.77,0.89,32680,3977,955,2011,0.24,0.51,0.01,1,1,4,4,4,1
"B83659","Park Grange Medical Centre",0.91,30,31,28,36,12,12,0.97,0.78,1,3249,3906,237,1846,0.06,0.47,0.01,5,1,2,1,1,1
"B83010","Parklands Medical Practice",0.79,100,108,78,105,45,54,0.93,0.74,0.83,17144,10156,1611,4936,0.16,0.49,0.01,2,3,3,2,2,1
"B83629","Peel Park Surgery",1,26,26,27,30,7,7,1,0.9,1,1609,3176,324,1550,0.1,0.49,0.01,5,1,2,1,2,1
"B83614","Picton Medical Centre",1,80,80,67,83,26,26,1,0.81,1,209,9718,687,4761,0.07,0.49,0.01,5,3,2,1,2,1
"B83026","Primrose Surgery",0.98,18,19,25,32,9,9,0.95,0.78,1,115,5888,320,2800,0.05,0.48,0,5,2,1,1,1,1
"B83042","Rooley Lane Med. Centre",1,93,93,82,100,31,35,1,0.82,0.89,3741,8854,1194,4502,0.13,0.51,0.01,5,3,2,2,4,1
"B83063","Shipley Medical Practice-Affinity Care",1,251,256,193,263,100,111,0.98,0.73,0.9,20772,19735,3119,9812,0.16,0.5,0.01,2,5,3,2,2,1
"B83009","Sunnybank & Cowgill Medical Practice",0.96,193,193,162,201,108,115,1,0.81,0.94,2715,15824,3077,8201,0.19,0.52,0.01,5,5,3,3,5,1
"B83058","The Avicenna Medical Practice",1,45,45,51,60,9,10,1,0.85,0.9,753,8734,384,4093,0.04,0.47,0.01,5,3,1,1,1,1
"B83642","The City Medical Practice",1,31,31,33,41,10,12,1,0.8,0.83,618,4507,366,2153,0.08,0.48,0.01,5,1,1,1,1,1
"B83604","The Lister Surgery",1,24,24,30,37,9,11,1,0.81,0.82,618,4631,370,2225,0.08,0.48,0.01,5,1,1,1,1,1
"B83055","The Ridge Medical Pract.",1,322,329,260,333,108,112,0.98,0.78,0.96,264,32167,4008,16211,0.12,0.5,0.01,5,5,2,2,3,1
"B83064","The Rockwell And Wrose Practice",0.99,142,144,114,145,63,71,0.99,0.79,0.89,14094,11575,1827,5924,0.16,0.51,0.01,3,4,3,2,4,1
"B83039","The Saltaire & Windhill Medical P'ship",1,336,343,259,299,167,187,0.98,0.87,0.89,3894,24294,4924,12438,0.2,0.51,0.01,5,5,4,4,4,1
"B83067","The Springfield Surgery (Bingley)",1,116,117,77,102,64,70,0.99,0.75,0.91,8761,7801,1846,3974,0.24,0.51,0.01,4,3,4,4,4,1
"B83020","The Willows Medical Practice",0.99,221,224,196,229,89,98,0.99,0.86,0.91,14435,18311,3400,9216,0.19,0.5,0.01,3,5,3,3,3,1
"B83037","The Wilsden Medical Practice",1,160,160,110,149,86,96,1,0.74,0.9,16928,10042,2694,5251,0.27,0.52,0.02,2,3,4,5,5,1
"B83005","Thornbury Medical Practice",1,50,50,66,69,24,24,1,0.96,1,1954,7060,656,3434,0.09,0.49,0.01,5,2,1,1,2,1
"B83015","Tong Medical Practice",1,84,85,80,108,37,40,0.99,0.74,0.92,2216,8812,1116,4422,0.13,0.5,0.01,5,3,2,2,3,1
"B82007","Townhead Surgery",1,194,197,125,146,104,109,0.98,0.86,0.95,21373,9628,3271,4850,0.34,0.5,0.02,2,3,5,5,3,1
"B83626","Valley View Surgery",1,34,34,46,53,10,10,1,0.87,1,1609,6477,456,3204,0.07,0.49,0.01,5,2,1,1,2,1
"B83028","Wibsey & Queensbury Med P",0.9,89,105,115,140,47,54,0.85,0.82,0.87,9316,10874,2116,5521,0.19,0.51,0.01,4,4,2,3,4,1
"H84007","Acorn Group Practice",1,70,71,61,74,35,38,0.99,0.82,0.92,26776,7864,1491,3964,0.19,0.5,0.01,1,3,2,3,3,1
"H83028","Addington Medical Practice",1,104,107,89,114,41,43,0.97,0.78,0.95,4925,9858,1416,5034,0.14,0.51,0.01,4,3,3,2,4,1
"H85656","Alexandra Road Surgery",0.87,33,35,24,42,12,13,0.94,0.57,0.92,22090,5747,664,2776,0.12,0.48,0.01,2,2,1,2,1,1
"H85065","Alton Practice",1,22,22,25,31,5,5,1,0.81,1,7680,4688,398,2184,0.08,0.47,0,4,1,1,1,1,1
"H83033","Ashburton Park Medical Centre",1,34,35,35,38,11,12,0.97,0.92,0.92,7622,4543,484,2313,0.11,0.51,0.01,4,1,2,1,4,1
"H83037","Auckland Surgery",1,65,65,53,71,48,49,1,0.75,0.98,16322,7758,1073,4052,0.14,0.52,0.01,2,3,2,2,5,1
"H85637","Balham Health Centre",0.85,10,10,5,7,5,7,1,0.71,0.71,23320,1260,241,663,0.19,0.53,0.01,2,1,2,3,5,1
"H85066","Balham Park Surgery",1,79,80,81,99,46,52,0.99,0.82,0.88,19844,20303,1919,10572,0.09,0.52,0,2,5,1,1,5,1
"H85111","Battersea Fields Practice",1,93,94,88,101,63,63,0.99,0.87,1,19458,14475,1080,7340,0.07,0.51,0.01,2,5,1,1,4,1
"H85049","Battersea Rise Group Practice",1,15,15,27,29,15,16,1,0.93,0.94,23095,6941,559,3425,0.08,0.49,0,2,2,1,1,2,1
"H85009","Bedford Hill Family Practice",1,64,65,62,89,23,29,0.98,0.7,0.79,23320,14243,1498,7268,0.11,0.51,0,2,5,1,1,4,1
"H85662","Beeches Surgery",1,39,40,39,47,21,23,0.98,0.83,0.91,28378,5544,1115,2745,0.2,0.5,0.01,1,2,2,3,2,1
"H85031","Benhill & Belmont Gp Centre",1,97,99,96,117,59,66,0.98,0.82,0.89,24964,12331,1850,6208,0.15,0.5,0.01,1,4,2,2,3,1
"H84053","Berrylands Surgery",1,31,31,23,27,25,29,1,0.85,0.86,22972,5394,839,2756,0.16,0.51,0.01,2,2,1,2,4,1
"H83627","Birdhurst Medical Practice",1,65,66,49,64,31,33,0.98,0.77,0.94,15780,8043,918,4033,0.11,0.5,0.01,3,3,2,1,3,1
"H85023","Bishopsford Road Medical Centre",1,27,27,31,36,20,21,1,0.86,0.95,9334,5015,661,2569,0.13,0.51,0.01,4,1,1,2,4,1
"H85077","Bolingbroke Medical Centre",1,37,37,47,55,15,16,1,0.85,0.94,28086,6487,679,3357,0.1,0.52,0.01,1,2,1,1,5,1
"H83052","Bramley Avenue Surgery",1,27,27,28,32,16,17,1,0.88,0.94,31931,2864,618,1394,0.22,0.49,0.01,1,1,2,4,2,1
"H85045","Bridge Lane Group Practice",1,109,110,92,113,49,56,0.99,0.81,0.88,21176,14223,1892,6895,0.13,0.48,0.01,2,5,2,2,1,1
"H83017","Brigstock Medical Practice",1,100,101,144,162,47,51,0.99,0.89,0.92,11937,13823,1868,6715,0.14,0.49,0.01,3,4,2,2,2,1
"H84018","Broad Lane Surgery",1,69,69,52,63,34,36,1,0.83,0.94,32439,7030,1205,3675,0.17,0.52,0.01,1,2,2,3,5,1
"H85048","Brocklebank Group Practice",1,90,92,88,107,41,46,0.98,0.82,0.89,18443,16235,1643,8178,0.1,0.5,0.01,2,5,1,1,3,1
"H83030","Broom Road Medical Practice",1,28,28,28,32,12,13,1,0.88,0.92,29779,3355,454,1754,0.14,0.52,0.01,1,1,2,2,5,1
"H84015","Brunswick Surgery",1,88,90,70,74,32,34,0.98,0.95,0.94,22972,9022,1168,4580,0.13,0.51,0.01,2,3,2,2,4,1
"H84010","Canbury Medical Centre",1,93,93,78,98,42,47,1,0.8,0.89,30280,9318,1548,4755,0.17,0.51,0.01,1,3,2,3,4,1
"H85070","Central Medical Centre",1,61,62,66,76,18,19,0.98,0.87,0.95,13627,9699,1058,4641,0.11,0.48,0.01,3,3,1,1,1,1
"H84030","Central Surgery",1,136,137,116,148,91,103,0.99,0.78,0.88,22972,12913,2764,6648,0.21,0.51,0.01,2,4,2,4,5,1
"Y01132","Chartfield Surgery",1,63,64,54,61,31,33,0.98,0.89,0.94,29021,13092,1632,6098,0.12,0.47,0,1,4,1,2,1,1
"H85047","Chatfield Health Care",1,50,51,64,80,31,34,0.98,0.8,0.91,27999,12414,1382,6255,0.11,0.5,0,1,4,1,1,3,1
"H85105","Cheam Family Practice",1,146,148,92,108,87,98,0.99,0.85,0.89,21963,13880,2268,7246,0.16,0.52,0.01,2,4,3,3,5,1
"H85063","Cheam Gp Centre",1,119,120,94,109,60,69,0.99,0.86,0.87,21301,12144,2912,6159,0.24,0.51,0.01,2,4,2,4,4,1
"H85021","Chesser Practice",1,60,61,49,62,33,38,0.98,0.79,0.87,9185,6181,907,3040,0.15,0.49,0.01,4,2,2,2,2,1
"H84050","Chessington Park Surgery",1,69,69,60,76,33,36,1,0.79,0.92,20109,7556,1294,3817,0.17,0.51,0.01,2,2,2,3,3,1
"H84027","Churchill Medical Centre",1,88,90,89,99,38,40,0.98,0.9,0.95,25541,18221,2216,8876,0.12,0.49,0,1,5,1,2,2,1
"H85693","Circle Gp Surgery",1,68,69,78,98,14,15,0.99,0.8,0.93,9242,10350,1002,5225,0.1,0.5,0.01,4,4,1,1,3,1
"H85088","Clapham Junction Medical Practice",1,10,10,18,19,8,9,1,0.95,0.89,8685,2481,340,1189,0.14,0.48,0,4,1,1,2,1,1
"H84619","Claremont Medical Centre",1,60,60,58,75,25,26,1,0.77,0.96,27118,10979,1067,5446,0.1,0.5,0.01,1,4,1,1,2,1
"H85649","Colliers Wood Surgery",1,74,74,71,84,24,25,1,0.85,0.96,20154,11197,1111,5358,0.1,0.48,0.01,2,4,1,1,1,1
"Y05317","Country Park Practice",1,59,59,53,61,25,27,1,0.87,0.93,7161,7332,991,3821,0.14,0.52,0.01,4,2,2,2,5,1
"H84630","Crane Park Surgery",1,14,14,16,19,5,5,1,0.84,1,27688,3787,354,1887,0.09,0.5,0,1,1,1,1,2,1
"H85038","Cricket Green Medical Practice",1,92,94,82,114,51,64,0.98,0.72,0.8,14657,11454,1528,5878,0.13,0.51,0.01,3,4,2,2,5,1
"H84039","Cross Deep Surgery",1,141,144,89,102,63,67,0.98,0.87,0.94,29736,11756,1912,6013,0.16,0.51,0.01,1,4,3,3,4,1
"H85067","Danebury Avenue Surgery",0.83,14,14,19,23,9,9,1,0.83,1,5481,3003,330,1411,0.11,0.47,0,4,1,1,1,1,1
"Y05318","Denmark Road Surgery",1,39,40,52,60,17,18,0.98,0.87,0.94,7161,5798,847,2927,0.15,0.5,0.01,4,2,1,2,3,1
"H85041","Earlsfield Surgery",1,49,55,49,65,23,26,0.89,0.75,0.88,28003,15344,1151,7992,0.08,0.52,0,1,5,1,1,5,1
"H83044","East Croydon Medical Centre",1,125,126,99,128,59,68,0.99,0.77,0.87,16505,25413,2332,12250,0.09,0.48,0,2,5,1,1,1,1
"H85057","Elborough Street Surgery",1,26,27,31,37,11,11,0.96,0.84,1,32762,8234,678,4286,0.08,0.52,0,1,3,1,1,5,1
"H84023","Essex House Surgery",1,88,89,69,76,41,45,0.99,0.91,0.91,19862,13302,1700,6843,0.13,0.51,0.01,2,4,1,2,5,1
"H83020","Eversley Medical Centre",0.73,77,79,84,115,23,30,0.97,0.73,0.77,2690,10300,1237,5116,0.12,0.5,0.01,5,4,2,2,2,1
"H85683","Faccini House Surgery",1,24,24,20,24,11,11,1,0.83,1,11240,4549,520,2123,0.11,0.47,0.01,3,1,1,2,1,1
"H84020","Fairhill Medical Practice",1,87,87,81,96,42,43,1,0.84,0.98,19399,23354,1812,12136,0.08,0.52,0,2,5,1,1,5,1
"H83624","Fairview Medical Centre",1,57,57,60,73,29,32,1,0.82,0.91,13591,8592,1067,4028,0.12,0.47,0.01,3,3,1,2,1,1
"H85002","Falcon Road Medical Centre",1,50,51,39,69,28,29,0.98,0.57,0.97,23241,11418,900,5747,0.08,0.5,0,2,4,1,1,3,1
"H83004","Farley Road Medical Practice",1,146,150,105,121,75,78,0.97,0.87,0.96,21924,11570,2613,5968,0.23,0.52,0.01,2,4,3,4,5,1
"H85090","Figges Marsh Surgery",1,53,54,64,77,27,29,0.98,0.83,0.93,12238,11017,1070,5070,0.1,0.46,0,3,4,1,1,1,1
"H85026","Francis Grove Surgery",1,62,62,58,65,39,45,1,0.89,0.87,30356,14793,1530,7439,0.1,0.5,0,1,5,1,1,3,1
"H83019","Friends Road Medical Practice",1,34,34,25,36,19,22,1,0.69,0.86,9580,7445,1111,3616,0.15,0.49,0,4,2,1,2,2,1
"Y01206","Glebe Road Surgery",1,104,105,65,81,64,78,0.99,0.8,0.82,27482,9997,2214,4956,0.22,0.5,0.01,1,3,2,4,2,1
"Y02423","Grafton Medical Partners",1,216,217,207,260,90,100,1,0.8,0.9,16324,44332,3439,21830,0.08,0.49,0,2,5,1,1,2,1
"H85101","Grand Drive Surgery",1,49,50,39,47,22,24,0.98,0.83,0.92,28911,9183,1314,4506,0.14,0.49,0.01,1,3,1,2,2,1
"H83631","Greenside Group Practice",1,65,65,67,74,21,22,1,0.91,0.95,4192,11313,683,5338,0.06,0.47,0.01,5,4,1,1,1,1
"H85011","Greyswood Practice",1,78,79,57,72,35,36,0.99,0.79,0.97,13597,10627,1337,5425,0.13,0.51,0.01,3,4,2,2,4,1
"H85686","Grove Road Practice",0.97,73,74,67,84,36,42,0.99,0.8,0.86,27781,11265,1636,5817,0.15,0.52,0.01,1,4,1,2,5,1
"H84016","Groves Medical Centre",1,161,164,113,138,109,125,0.98,0.82,0.87,31665,16903,3060,8744,0.18,0.52,0.01,1,5,2,3,5,1
"H85103","Hackbridge Medical Centre",1,24,24,37,43,16,17,1,0.86,0.94,24563,7439,594,3839,0.08,0.52,0,1,2,1,1,5,1
"H85075","Haider Practice",1,14,14,17,23,5,6,1,0.74,0.83,19678,5694,419,2854,0.07,0.5,0,2,2,1,1,3,1
"H83031","Haling Park Medical Practice",1,32,32,26,32,18,20,1,0.81,0.9,14302,3711,511,1833,0.14,0.49,0.01,3,1,2,2,2,1
"H84623","Hampton Hill Medical Centre",1,94,95,64,81,50,53,0.99,0.79,0.94,25589,8665,1352,4516,0.16,0.52,0.01,1,3,3,2,5,1
"H84040","Hampton Medical Centre",1,118,119,91,121,75,84,0.99,0.75,0.89,32439,11336,2531,5628,0.22,0.5,0.01,1,4,2,4,2,1
"H84032","Hampton Wick Surgery",0.97,64,65,72,85,47,52,0.98,0.85,0.9,24188,8974,1834,4364,0.2,0.49,0.01,1,3,2,4,2,1
"H83029","Hartland Way Surgery",1,55,57,33,46,39,45,0.96,0.72,0.87,25166,4886,1280,2540,0.26,0.52,0.01,1,1,3,5,5,1
"H83049","Headley Drive Surgery",1,20,20,18,23,10,10,1,0.78,1,4830,2616,288,1299,0.11,0.5,0.01,4,1,2,1,2,1
"H85061","Heathbridge Practice",1,120,132,91,105,59,64,0.91,0.87,0.92,29310,22928,1957,11240,0.09,0.49,0.01,1,5,1,1,2,1
"H84042","Holmwood Corner Surgery",1,116,119,80,95,64,69,0.97,0.84,0.93,19577,13723,2116,6940,0.15,0.51,0.01,2,4,2,2,4,1
"H84025","Hook Surgery",0.96,54,57,45,55,31,33,0.95,0.82,0.94,20109,7371,1066,3670,0.14,0.5,0.01,2,2,2,2,2,1
"H85618","James O'Riordan Medical Centre",1,70,71,74,84,31,34,0.99,0.88,0.91,22010,9472,1476,4760,0.16,0.5,0.01,2,3,2,2,3,1
"H84031","Jubilee Surgery",1,38,38,33,40,30,31,1,0.82,0.97,27688,5836,1040,3034,0.18,0.52,0.01,1,2,1,3,5,1
"Y02946","Junction Health Centre",0.96,16,16,23,28,3,3,1,0.82,1,8685,8641,185,3993,0.02,0.46,0,4,3,1,1,1,1
"H83016","Keston Medical Practice",0.99,227,231,173,231,124,138,0.98,0.75,0.9,9319,24100,3944,12208,0.16,0.51,0.01,4,5,2,3,4,1
"H84639","Kew Medical Practice",1,21,21,23,28,11,12,1,0.82,0.92,28380,6194,534,3114,0.09,0.5,0,1,2,1,1,3,1
"H84061","Kingston Health Centre",1,80,82,93,126,26,29,0.98,0.74,0.9,21182,27577,1838,14381,0.07,0.52,0,2,5,1,1,5,1
"H85051","Lambton Road Medical Practice",1,111,114,85,109,61,66,0.97,0.78,0.92,30070,18288,2226,9170,0.12,0.5,0.01,1,5,1,2,3,1
"H84062","Langley Medical Practice",0.99,77,79,60,76,41,46,0.97,0.79,0.89,22972,8794,1274,4526,0.14,0.51,0.01,2,3,2,2,5,1
"H85069","Lavender Hill Group Practice",1,76,77,71,88,42,47,0.99,0.81,0.89,14249,15449,1225,7995,0.08,0.52,0,3,5,1,1,5,1
"H83042","Leander Family Practice",1,56,57,57,71,23,25,0.98,0.8,0.92,13202,9240,1083,4607,0.12,0.5,0.01,3,3,1,2,3,1
"H83021","London Road Medical Practice",1,64,65,64,71,17,17,0.98,0.9,1,2690,6161,944,2955,0.15,0.48,0.01,5,2,2,2,1,1
"H85113","Maldon Road Surgery",1,25,32,26,38,6,10,0.78,0.68,0.6,10296,4653,743,2328,0.16,0.5,0.01,3,1,1,2,3,1
"H84635","Manor Drive Medical Centre",0.91,112,126,91,116,73,82,0.89,0.78,0.89,29038,16025,2603,8112,0.16,0.51,0.01,1,5,2,3,4,1
"H85116","Manor Practice",0.81,69,83,58,121,30,38,0.83,0.48,0.79,17089,12185,1386,6145,0.11,0.5,0.01,2,4,1,1,3,1
"H85006","Mayfield Surgery",0.99,51,55,33,45,29,33,0.93,0.73,0.88,14893,6772,860,3330,0.13,0.49,0.01,3,2,2,2,2,1
"H83609","Mersham Medical Centre",1,30,30,43,49,13,13,1,0.88,1,5819,5054,629,2501,0.12,0.49,0.01,4,1,1,2,2,1
"H85634","Merton Medical Practice",1,19,19,38,44,8,8,1,0.86,1,19181,7726,551,3681,0.07,0.48,0,2,3,1,1,1,1
"H85024","Mitcham & Tooting Health",1,55,56,49,61,43,48,0.98,0.8,0.9,10273,8110,1246,3694,0.15,0.46,0.01,3,3,1,2,1,1
"H85078","Mitcham Family Practice",1,35,35,27,33,11,12,1,0.82,0.92,11762,4473,482,1985,0.11,0.44,0.01,3,1,2,1,1,1
"H85037","Morden Hall Medical Centre",1,98,100,92,120,60,66,0.98,0.77,0.91,28358,14460,2119,6903,0.15,0.48,0.01,1,5,1,2,1,1
"H83023","Morland Road Surgery",0.97,66,66,76,89,25,29,1,0.85,0.86,6631,6593,935,3205,0.14,0.49,0.01,4,2,2,2,2,1
"H85018","Mulgrave Road Surgery",1,70,72,51,66,44,46,0.97,0.77,0.96,24761,8803,1428,4438,0.16,0.5,0.01,1,3,2,3,3,1
"H85020","Nelson Medical Practice",1,212,217,148,165,119,129,0.98,0.9,0.92,29244,32866,4612,16625,0.14,0.51,0.01,1,5,1,2,4,1
"H83006","New Addington Group Practice",1,93,95,104,130,43,45,0.98,0.8,0.96,4925,11963,1177,6179,0.1,0.52,0.01,4,4,2,1,5,1
"H83009","Norbury Medical Practice",1,81,82,87,109,36,39,0.99,0.8,0.92,11096,10722,1504,5155,0.14,0.48,0.01,3,4,2,2,1,1
"H83011","North Croydon Medical Centre",1,51,51,51,63,14,14,1,0.81,1,2690,7999,722,3483,0.09,0.44,0.01,5,3,1,1,1,1
"H83008","Northway Road Surgery",1,23,23,24,29,12,12,1,0.83,1,9732,4008,551,2016,0.14,0.5,0.01,3,1,1,2,3,1
"H83013","Old Coulsdon Medical Practice",1,163,168,152,186,83,89,0.97,0.82,0.93,31527,19083,3257,9780,0.17,0.51,0.01,1,5,2,3,5,1
"H85030","Old Court House Surgery",1,124,137,81,108,84,99,0.91,0.75,0.85,10865,13476,2391,6947,0.18,0.52,0.01,3,4,2,3,5,1
"H85087","Open Door Surgery",1,69,70,71,83,38,39,0.99,0.86,0.97,27165,10269,1494,4351,0.15,0.42,0.01,1,4,1,2,1,1
"H84034","Orchard Practice",1,70,72,63,79,23,26,0.97,0.8,0.88,28905,8673,1526,4340,0.18,0.5,0.01,1,3,2,3,3,1
"H84014","Paradise Road Surgery",1,11,11,14,15,8,8,1,0.93,1,25233,2513,404,1174,0.16,0.47,0,1,1,1,2,1,1
"H83053","Parchmore Medical Centre",1,131,135,132,154,58,63,0.97,0.86,0.92,5819,14975,1952,7340,0.13,0.49,0.01,4,5,2,2,2,1
"H85022","Park Road Medical Centre",1,26,26,29,35,13,18,1,0.83,0.72,17089,4555,661,2290,0.15,0.5,0.01,2,1,1,2,3,1
"H84002","Park Road Surgery",0.9,106,124,70,107,43,57,0.85,0.65,0.75,30514,12641,2255,6454,0.18,0.51,0.01,1,4,2,3,4,1
"H84005","Parkshot Medical Practice",1,89,91,70,87,58,66,0.98,0.8,0.88,25151,14274,2183,6971,0.15,0.49,0.01,1,5,1,2,2,1
"H83015","Parkside Group Practice",1,109,110,86,105,63,71,0.99,0.82,0.89,16149,13928,2028,7078,0.15,0.51,0.01,2,4,2,2,4,1
"H83001","Portland Medical Centre",1,91,92,93,117,44,47,0.99,0.79,0.94,7161,15162,1514,7757,0.1,0.51,0.01,4,5,1,1,4,1
"H85012","Putneymead Group Medical Practice",1,143,143,106,126,70,78,1,0.84,0.9,22900,25067,2611,12542,0.1,0.5,0.01,2,5,1,1,3,1
"H83014","Queenhill Medical Practice",1,83,84,52,64,48,49,0.99,0.81,0.98,21924,6906,1724,3500,0.25,0.51,0.01,2,2,3,5,4,1
"H85003","Queenstown Road Medical Practice",0.91,44,47,36,64,22,33,0.94,0.56,0.67,5370,7179,863,3539,0.12,0.49,0.01,4,2,1,2,2,1
"H85110","Ravensbury Park Medical Centre",1,34,34,30,37,14,16,1,0.81,0.88,13982,5507,762,2654,0.14,0.48,0.01,3,2,1,2,1,1
"H84054","Red Lion Road Surgery",1,26,26,27,32,13,14,1,0.84,0.93,20163,3703,491,1680,0.13,0.45,0.01,2,1,1,2,1,1
"H84060","Richmond Lock Surgery",1,53,53,53,62,20,22,1,0.85,0.91,31172,7689,1141,3936,0.15,0.51,0.01,1,3,1,2,4,1
"H84006","Richmond Medical Group",1,136,138,90,115,95,108,0.99,0.78,0.88,24817,17616,2919,8981,0.17,0.51,0.01,1,5,2,3,4,1
"H85092","Riverhouse Medical Practice",1,28,28,42,49,18,19,1,0.86,0.95,19536,6116,655,2951,0.11,0.48,0,2,2,1,1,1,1
"H85095","Robin Hood Lane Health Centre",1,92,94,89,112,43,48,0.98,0.79,0.9,21023,15530,1651,7870,0.11,0.51,0.01,2,5,1,1,4,1
"H85008","Roehampton Surgery",0.87,87,89,47,69,54,68,0.98,0.68,0.79,6440,6570,1086,3304,0.17,0.5,0.01,4,2,3,3,3,1
"H84051","Roselawn Surgery",1,40,40,53,60,17,19,1,0.88,0.89,19577,7468,940,3699,0.13,0.5,0.01,2,2,1,2,2,1
"H83611","Selhurst Medical Centre",1,26,26,27,33,12,13,1,0.82,0.92,8287,5771,416,2956,0.07,0.51,0,4,2,1,1,4,1
"H83018","Selsdon Park Medical Practice",1,197,202,124,169,87,94,0.98,0.73,0.93,21924,17919,3419,9111,0.19,0.51,0.01,2,5,3,3,4,1
"H84017","Seymour House Surgery",0.91,139,154,110,129,87,98,0.9,0.85,0.89,16447,12687,2430,6146,0.19,0.48,0.01,2,4,3,3,1,1
"H84055","Sheen Lane Surgery",1,88,90,59,71,52,59,0.98,0.83,0.88,24817,11736,1893,5914,0.16,0.5,0.01,1,4,2,2,3,1
"H83043","Shirley Medical Centre",0.99,75,86,60,78,46,57,0.87,0.77,0.81,25166,7389,1815,3726,0.25,0.5,0.01,1,2,3,5,3,1
"H85115","Shotfield Medical Practice",0.95,123,125,85,123,85,97,0.98,0.69,0.88,12012,12333,2637,6363,0.21,0.52,0.01,3,4,2,4,5,1
"H83010","South Norwood Hill Medical Centre",0.8,19,19,38,44,13,13,1,0.86,1,16587,6698,937,3327,0.14,0.5,0,2,2,1,2,2,1
"H85007","Southfields Group Practice",1,82,83,59,67,49,52,0.99,0.88,0.94,31266,10910,1724,5581,0.16,0.51,0.01,1,4,2,2,4,1
"H84033","St Albans Medical Centre",1,61,62,51,63,30,32,0.98,0.81,0.94,31607,6469,1354,3241,0.21,0.5,0.01,1,2,2,4,3,1
"H83012","St James Medical Centre",0.65,63,63,65,78,19,19,1,0.83,1,4657,9748,1027,4844,0.11,0.5,0.01,4,3,1,1,2,1
"H85659","St Johns Hill Surgery",1,30,30,22,27,20,23,1,0.81,0.87,19678,11328,537,5972,0.05,0.53,0,2,4,1,1,5,1
"H85100","St Pauls Cottage Surgery",1,54,55,42,50,18,20,0.98,0.84,0.9,19268,7930,780,3851,0.1,0.49,0.01,2,3,1,1,2,1
"H84057","Staines Road Medical Centre",1,26,29,23,28,8,10,0.9,0.82,0.8,15331,3794,441,1912,0.12,0.5,0.01,3,1,2,2,3,1
"H85076","Stonecot Surgery",1,102,105,98,124,44,50,0.97,0.79,0.88,22010,9980,1780,4989,0.18,0.5,0.01,2,3,2,3,3,1
"H83039","Stovell House Surgery",1,72,73,67,75,38,41,0.99,0.89,0.93,8507,8291,1378,4167,0.17,0.5,0.01,4,3,2,3,3,1
"H85052","Streatham Park Surgery",1,54,55,37,50,22,25,0.98,0.74,0.88,15359,4537,662,2207,0.15,0.49,0.01,3,1,3,2,2,1
"H84618","Sunray Surgery",1,26,26,26,32,13,14,1,0.81,0.93,28012,5378,662,2619,0.12,0.49,0,1,2,1,2,2,1
"H85053","Sutton Medical Centre",1,20,20,23,29,7,8,1,0.79,0.88,22709,5525,663,2578,0.12,0.47,0,2,2,1,2,1,1
"H85033","Tamworth House Medical Centre",1,77,78,79,91,26,27,0.99,0.87,0.96,18404,9743,1438,4874,0.15,0.5,0.01,2,3,2,2,3,1
"H84059","Thameside Medical Practice",1,41,41,24,25,30,31,1,0.96,0.97,32866,5130,690,2670,0.13,0.52,0.01,1,1,2,2,5,1
"H84044","The Green & Fir Road",0.81,57,64,41,63,24,30,0.89,0.65,0.8,29102,8207,1079,4207,0.13,0.51,0.01,1,3,2,2,5,1
"H83022","Thornton Heath Medical Centre",0.93,44,44,47,52,32,34,1,0.9,0.94,2210,6001,972,2923,0.16,0.49,0.01,5,2,2,3,2,1
"H83051","Thornton Road & Valley Park Surgery",1,49,49,66,77,12,13,1,0.86,0.92,12316,20110,1112,9582,0.06,0.48,0,3,5,1,1,1,1
"H85114","Thurleigh Road Practice",1,55,56,43,55,31,35,0.98,0.78,0.89,30612,13221,1372,6648,0.1,0.5,0,1,4,1,1,3,1
"H85680","Tooting South Medical Centre",1,37,37,43,52,14,15,1,0.83,0.93,19588,10089,715,4625,0.07,0.46,0,2,3,1,1,1,1
"H85082","Triangle Surgery",1,29,29,26,34,7,7,1,0.76,1,25299,4565,466,2135,0.1,0.47,0.01,1,1,1,1,1,1
"H85682","Tudor Lodge Health Centre",1,60,61,57,64,20,20,0.98,0.89,1,14338,10865,790,5234,0.07,0.48,0.01,3,4,1,1,1,1
"H84048","Twickenham Park Surgery",1,81,83,66,70,57,60,0.98,0.94,0.95,29662,8520,1104,4327,0.13,0.51,0.01,1,3,2,2,4,1
"H83005","Upper Norwood Group Practice",1,70,71,68,84,29,33,0.99,0.81,0.88,18286,15024,1247,7398,0.08,0.49,0,2,5,1,1,2,1
"H85112","Vineyard Hill Road Surgery",1,18,18,14,16,13,14,1,0.88,0.93,32827,6005,602,3049,0.1,0.51,0,1,2,1,1,4,1
"H84041","Vineyard Surgery",1,19,19,20,25,12,12,1,0.8,1,27336,7394,669,3745,0.09,0.51,0,1,2,1,1,4,1
"H83007","Violet Lane Medical Practice",0.84,68,77,64,94,33,37,0.88,0.68,0.89,9846,10744,1258,5395,0.12,0.5,0.01,3,4,2,2,3,1
"H85653","Wallington Family Practice",1,181,185,139,197,84,106,0.98,0.71,0.79,12012,19860,3442,10082,0.17,0.51,0.01,3,5,2,3,4,1
"H85001","Wandsworth Medical Centre",1,64,65,70,84,23,25,0.98,0.83,0.92,19562,19457,1069,9849,0.05,0.51,0,2,5,1,1,4,1
"H85055","West Barnes Surgery",1,56,57,64,74,34,36,0.98,0.86,0.94,31959,7275,1405,3508,0.19,0.48,0.01,1,2,2,3,1,1
"H83034","Whitehorse Practice",1,70,70,53,69,22,23,1,0.77,0.96,3908,7144,765,3501,0.11,0.49,0.01,5,2,2,1,2,1
"H85029","Wide Way Medical Centre",1,132,134,106,128,55,60,0.99,0.83,0.92,13083,15476,2009,7644,0.13,0.49,0.01,3,5,2,2,2,1
"H85028","Wimbledon Medical Practice",1,40,41,38,47,27,29,0.98,0.81,0.93,30726,10823,1125,5306,0.1,0.49,0,1,4,1,1,2,1
"H85027","Wimbledon Village Surgery",0.95,113,116,69,89,97,105,0.97,0.78,0.92,27201,13421,2800,6849,0.21,0.51,0.01,1,4,2,4,4,1
"H83024","Woodcote Medical",1,157,161,114,143,99,108,0.98,0.8,0.92,16496,17687,3263,8933,0.18,0.51,0.01,2,5,2,3,3,1
"H84625","Woodlawn Medical Centre",1,39,39,32,35,24,24,1,0.91,1,16618,5040,724,2422,0.14,0.48,0.01,2,1,2,2,1,1
"H85025","Wrythe Green Surgery",0.98,135,138,106,132,78,84,0.98,0.8,0.93,16146,16703,2516,8631,0.15,0.52,0.01,2,5,2,2,5,1
"H84012","York Medical Practice",1,84,85,84,108,55,61,0.99,0.78,0.9,25844,14860,2011,7514,0.14,0.51,0.01,1,5,1,2,4,1
"H83608","Your Family Practice",1,39,40,71,89,19,20,0.98,0.8,0.95,7735,11420,1077,5448,0.09,0.48,0,4,4,1,1,1,1
"B82609","Ampleforth Surgery",1,84,84,59,73,42,44,1,0.81,0.95,17522,4113,1144,2119,0.28,0.52,0.02,2,1,5,5,5,1
"B82063","Ayton And Snainton Medical Practice",1,209,212,162,189,122,134,0.99,0.86,0.91,14899,9557,3266,4981,0.34,0.52,0.02,3,3,5,5,5,1
"B82069","Beech House Surgery",0.97,124,125,67,88,66,73,0.99,0.76,0.9,19758,7558,2067,3841,0.27,0.51,0.02,2,2,4,5,4,1
"B82041","Beech Tree Surgery",1,322,328,179,244,128,162,0.98,0.73,0.79,28671,15904,3831,8008,0.24,0.5,0.02,1,5,5,4,3,1
"B82088","Brook Square Surgery",1,147,158,113,135,75,79,0.93,0.84,0.95,8554,10531,2212,5158,0.21,0.49,0.02,4,4,4,4,2,1
"Y02669","Castle Health Centre",1,44,45,42,57,13,14,0.98,0.74,0.93,1015,5108,566,2428,0.11,0.48,0.01,5,1,2,1,1,1
"B82023","Catterick Village Surgery",1,114,114,92,105,46,52,1,0.88,0.88,21020,6243,1426,3207,0.23,0.51,0.02,2,2,5,4,5,1
"B82045","Central Dales Practice",1,99,108,77,87,48,54,0.92,0.89,0.89,17658,4112,1410,2001,0.34,0.49,0.03,2,1,5,5,2,1
"B82059","Church Avenue Medical Group",1,201,204,129,146,102,112,0.99,0.88,0.91,18886,11324,2836,5672,0.25,0.5,0.02,2,4,5,5,3,1
"B82032","Church Lane Surgery",1,202,208,125,164,116,126,0.97,0.76,0.92,21361,12320,3220,6350,0.26,0.52,0.02,2,4,4,5,5,1
"B82025","Derwent Practice",1,314,321,194,278,160,183,0.98,0.7,0.87,16571,21199,4924,10562,0.23,0.5,0.02,2,5,4,4,2,1
"B82029","Doctors Lane Surgery",0.98,68,70,47,60,31,35,0.97,0.78,0.89,18459,3226,1075,1631,0.33,0.51,0.02,2,1,5,5,4,1
"B82030","Dr Akester & Partners",1,99,104,72,93,49,55,0.95,0.77,0.89,17555,5866,1845,2976,0.31,0.51,0.02,2,2,5,5,4,1
"B82016","East Parade Surgery",1,114,114,77,80,51,57,1,0.96,0.89,17234,8340,1587,4241,0.19,0.51,0.01,2,3,4,3,4,1
"B82024","Eastfield Medical Centre",1,146,147,130,149,69,74,0.99,0.87,0.93,1510,9260,2103,4805,0.23,0.52,0.02,5,3,4,4,5,1
"B82060","Eastgate Medical Group",1,220,220,153,184,113,124,1,0.83,0.91,19758,12928,3108,6627,0.24,0.51,0.02,2,4,4,4,5,1
"B82018","Escrick Surgery",0.99,118,122,108,122,62,72,0.97,0.89,0.86,27214,6740,1896,3438,0.28,0.51,0.02,1,2,5,5,4,1
"B82086","Esk Valley Medical Practice",1,71,73,53,63,43,49,0.97,0.84,0.88,10556,5089,1534,2552,0.3,0.5,0.01,3,1,4,5,3,1
"B82037","Filey Surgery",1,233,237,187,217,133,146,0.98,0.86,0.91,6840,8847,3425,4538,0.39,0.51,0.03,4,3,5,5,5,1
"B82066","Glebe House Surgery",1,214,217,114,141,108,112,0.99,0.81,0.96,16479,9956,2924,5012,0.29,0.5,0.02,2,3,5,5,3,1
"B82022","Great Ayton Surgery",1,151,154,82,103,86,100,0.98,0.8,0.86,27072,5664,1860,2930,0.33,0.52,0.03,1,2,5,5,5,1
"B82106","Hackness Road Surgery",1,96,97,79,89,43,46,0.99,0.89,0.93,23710,4619,1435,2409,0.31,0.52,0.02,1,1,5,5,5,1
"B82104","Harewood Medical Practice",1,88,88,63,70,29,33,1,0.9,0.88,21139,8472,802,4671,0.09,0.55,0.01,2,3,2,1,5,1
"B82038","Haxby Group Scarborough",1,348,356,249,298,174,202,0.98,0.84,0.86,8167,24696,5417,12015,0.22,0.49,0.01,4,5,4,4,2,1
"B82068","Helmsley Surgery",1,105,107,70,80,60,67,0.98,0.88,0.9,17749,3631,1151,1796,0.32,0.49,0.03,2,1,5,5,2,1
"B82628","Hunmanby Surgery",1,107,109,77,97,47,51,0.98,0.79,0.92,8829,4319,1557,2242,0.36,0.52,0.03,4,1,5,5,5,1
"B82014","Kingswood Surgery",1,113,114,63,76,64,73,0.99,0.83,0.88,33625,6921,1529,3436,0.22,0.5,0.02,1,2,4,4,2,1
"B82077","Kirkbymoorside Surgery",1,129,129,80,92,74,80,1,0.87,0.92,13965,6155,1979,3161,0.32,0.51,0.02,3,2,5,5,5,1
"B82042","Lambert Medical Centre",1,208,209,122,152,98,104,1,0.8,0.94,17616,8593,2382,4423,0.28,0.51,0.02,2,3,5,5,5,1
"B82078","Leyburn Medical Practice",1,208,211,122,131,92,98,0.99,0.93,0.94,27426,6161,2213,3165,0.36,0.51,0.03,1,2,5,5,5,1
"B82075","Mayford House Surgery",1,264,268,152,189,134,152,0.99,0.8,0.88,31976,9599,2684,4930,0.28,0.51,0.03,1,3,5,5,5,1
"B82002","Millfield Surgery",1,137,138,118,136,96,103,0.99,0.87,0.93,28953,7909,2262,4080,0.29,0.52,0.02,1,3,5,5,5,1
"B82013","Moss Healthcare Harrogate",1,260,263,163,188,141,153,0.99,0.87,0.92,11730,20421,4058,10156,0.2,0.5,0.01,3,5,3,3,2,1
"B82050","Mowbray House Surgery",1,549,549,287,333,243,280,1,0.86,0.87,21495,21494,6161,11056,0.29,0.51,0.03,2,5,5,5,5,1
"B82004","Nidderdale Group Practice",1,183,186,102,135,101,111,0.98,0.76,0.91,15800,11104,3131,5643,0.28,0.51,0.02,3,4,4,5,4,1
"B82008","North House Surgery",1,177,180,109,133,102,114,0.98,0.82,0.89,12773,8759,2639,4381,0.3,0.5,0.02,3,3,5,5,3,1
"B82091","Park Parade Surgery",1,120,122,50,65,66,72,0.98,0.77,0.92,17234,7668,1641,4039,0.21,0.53,0.02,2,3,4,4,5,1
"B82036","Park Street",1,134,135,72,92,75,86,0.99,0.78,0.87,22532,7762,1961,4032,0.25,0.52,0.02,2,3,5,5,5,1
"B82033","Pickering Medical Practice",1,201,202,160,185,133,151,1,0.86,0.88,9724,10951,3821,5662,0.35,0.52,0.02,3,4,5,5,5,1
"B82074","Posterngate Surgery",0.97,283,285,214,271,146,167,0.99,0.79,0.87,7071,18658,3856,9446,0.21,0.51,0.02,4,5,4,4,4,1
"B82034","Quakers Lane Surgery",1,132,132,83,103,78,85,1,0.81,0.92,17491,6407,2085,3347,0.33,0.52,0.02,2,2,5,5,5,1
"B82622","Reeth Medical Centre",1,28,28,26,26,18,18,1,1,1,15451,1525,554,757,0.36,0.5,0.02,3,1,5,5,2,1
"B82010","Ripon Spa Surgery",1,130,132,93,107,74,75,0.98,0.87,0.99,22532,7846,1857,4010,0.24,0.51,0.02,2,3,4,4,4,1
"B82054","Scarborough Medical Group",1,355,360,251,307,193,215,0.99,0.82,0.9,23710,16034,5229,8294,0.33,0.52,0.02,1,5,5,5,5,1
"B82035","Scorton Medical Centre",1,68,68,52,61,35,38,1,0.85,0.92,18474,3600,987,1806,0.27,0.5,0.02,2,1,5,5,3,1
"B82097","Scott Road Medical Centre",1,146,149,118,153,48,53,0.98,0.77,0.91,5422,11445,1970,5687,0.17,0.5,0.01,4,4,3,3,2,1
"B82031","Sherburn Group Practice",0.99,134,139,103,130,68,78,0.96,0.79,0.87,16662,11031,1960,5597,0.18,0.51,0.01,2,4,3,3,4,1
"B82011","Sherburn Surgery",1,94,94,89,90,38,39,1,0.99,0.97,12616,5660,1476,2877,0.26,0.51,0.02,3,2,4,5,4,1
"B82101","Sleights And Sandsend Medical Practice",0.99,120,122,99,115,62,70,0.98,0.86,0.89,12175,5247,1739,2694,0.33,0.51,0.02,3,1,5,5,5,1
"B82073","South Milford Surgery",0.99,174,179,134,153,70,82,0.97,0.88,0.85,28554,10814,2332,5453,0.22,0.5,0.02,1,4,4,4,3,1
"B82057","Springbank Surgery",1,87,88,59,73,42,46,0.99,0.81,0.91,23931,7498,1636,3810,0.22,0.51,0.01,1,2,3,4,4,1
"B82046","Staithes Surgery",1,58,58,50,56,28,32,1,0.89,0.88,7335,3105,924,1517,0.3,0.49,0.02,4,1,5,5,2,1
"B82079","Stillington Surgery",1,84,85,54,61,56,59,0.99,0.89,0.95,20989,3700,1226,1913,0.33,0.52,0.02,2,1,5,5,5,1
"B82067","Stockwell Road Surgery",1,142,143,95,117,70,77,0.99,0.81,0.91,19758,8411,2066,4320,0.25,0.51,0.02,2,3,4,5,5,1
"B82044","Stokesley Surgery",1,211,212,107,122,149,153,1,0.88,0.97,7647,9448,3082,4859,0.33,0.51,0.02,4,3,5,5,5,1
"B82105","Tadcaster Medical Centre",1,152,152,117,146,87,95,1,0.8,0.92,14531,9399,2219,4798,0.24,0.51,0.02,3,3,4,4,4,1
"B82619","Terrington Surgery",1,32,32,27,34,17,19,1,0.79,0.89,17215,1783,524,913,0.29,0.51,0.02,2,1,5,5,4,1
"B82072","The Friary Surgery",1,84,88,59,87,51,65,0.95,0.68,0.78,17491,5034,1596,2530,0.32,0.5,0.02,2,1,5,5,3,1
"B82012","The Leeds Road Practice",1,303,312,148,164,163,187,0.97,0.9,0.87,31989,15512,3749,7914,0.24,0.51,0.02,1,5,5,4,4,1
"B82027","The Spa Surgery",1,224,228,144,158,106,117,0.98,0.91,0.91,17234,14098,3109,7250,0.22,0.51,0.02,2,5,4,4,5,1
"B82049","Thirsk Doctors Surgery",1,158,162,104,114,76,84,0.98,0.91,0.9,24967,8133,2169,4246,0.27,0.52,0.02,1,3,5,5,5,1
"B82064","Tollerton Surgery",1,62,62,58,67,23,24,1,0.87,0.96,26402,3587,908,1819,0.25,0.51,0.02,1,1,5,5,4,1
"B82019","Topcliffe Surgery",0.97,47,54,49,59,22,27,0.87,0.83,0.81,20578,4213,841,2163,0.2,0.51,0.01,2,1,3,3,5,1
"B82017","Whitby Group Practice",1,253,259,188,216,132,142,0.98,0.87,0.93,17564,13496,4093,6785,0.3,0.5,0.02,2,4,5,5,3,1
"C84065","Abbey Medical Centre",1,90,90,44,51,41,46,1,0.86,0.89,16000,5105,908,2455,0.18,0.48,0.02,3,1,5,3,1,1
"C84037","Abbey Medical Group",0.98,222,239,129,182,96,120,0.93,0.71,0.8,18016,12633,3209,6434,0.25,0.51,0.02,2,4,5,5,4,1
"C84679","Acorn Medical Practice",1,39,39,45,51,12,12,1,0.88,1,3519,4493,454,2114,0.1,0.47,0.01,5,1,2,1,1,1
"C84067","Ashfield House (Annesley)",1,107,108,75,95,45,49,0.99,0.79,0.92,12707,5644,1353,2810,0.24,0.5,0.02,3,2,5,4,2,1
"C84091","Aspley Medical Centre",0.95,129,139,86,122,56,63,0.93,0.7,0.89,11910,8919,1221,4570,0.14,0.51,0.02,3,3,4,2,5,1
"C84693","Bakersfield Medical Centre",0.93,53,57,61,76,24,28,0.93,0.8,0.86,11760,5235,956,2477,0.18,0.47,0.01,3,1,3,3,1,1
"Y05369","Balderton Surgery",1,92,92,61,77,50,55,1,0.79,0.91,16426,6583,1158,3327,0.18,0.51,0.01,2,2,4,3,3,1
"C84009","Barnby Gate Surgery",1,224,229,161,193,93,103,0.98,0.83,0.9,8107,13818,2768,6897,0.2,0.5,0.02,4,4,4,3,3,1
"C84017","Belvoir Health Group",1,371,374,299,336,186,204,0.99,0.89,0.91,22730,26835,6150,13740,0.23,0.51,0.01,2,5,4,4,4,1
"Y06356","Bilborough Medical Centre",1,114,116,101,114,48,52,0.98,0.89,0.92,1413,9622,1379,4757,0.14,0.49,0.01,5,3,3,2,2,1
"C84123","Bilsthorpe Surgery",1,85,86,58,68,28,30,0.99,0.85,0.93,7485,4272,932,2202,0.22,0.52,0.02,4,1,5,4,5,1
"C84112","Bramcote Surgery",1,41,41,26,31,33,36,1,0.84,0.92,21636,3817,858,1893,0.22,0.5,0.01,2,1,3,4,2,1
"C84092","Bridgeway Practice",1,50,50,41,43,25,25,1,0.95,1,4580,5373,536,2448,0.1,0.46,0.01,4,2,2,1,1,1
"C84077","Brierley Park Medical Group",1,264,268,193,232,126,138,0.99,0.83,0.91,8995,18647,3917,9442,0.21,0.51,0.01,4,5,4,4,4,1
"Y06792","Broad Oak Medical Practice",1,62,62,43,53,21,21,1,0.81,1,3437,7482,613,3767,0.08,0.5,0.01,5,2,2,1,3,1
"C84605","Castle Healthcare Practice",1,228,230,193,206,131,140,0.99,0.94,0.94,31873,17444,3469,8761,0.2,0.5,0.01,1,5,3,3,3,1
"C84120","Chilwell Valley And Meadows Practice",1,228,234,145,185,131,136,0.97,0.78,0.96,22544,15794,3231,8130,0.2,0.51,0.01,2,5,4,4,5,1
"C84034","Churchfields Medical Practice",0.97,145,148,103,132,46,53,0.98,0.78,0.87,5573,8838,1510,4395,0.17,0.5,0.02,4,3,4,3,2,1
"C84020","Churchside Medical Practice",0.91,69,77,57,85,27,31,0.9,0.67,0.87,3519,7192,1137,3539,0.16,0.49,0.01,5,2,3,2,2,1
"C84046","Clifton Medical Practice",1,149,153,105,119,59,64,0.97,0.88,0.92,4316,8976,1501,4526,0.17,0.5,0.02,5,3,4,3,3,1
"C84045","Collingham Medical Centre",0.88,138,141,93,122,60,75,0.98,0.76,0.8,30698,7954,2459,4033,0.31,0.51,0.02,1,3,5,5,4,1
"C84066","Daybrook Medical Practice",1,176,180,115,150,73,84,0.98,0.77,0.87,7276,10563,2276,5329,0.22,0.5,0.02,4,4,4,4,3,1
"C84044","Deer Park Family Medical Practice",1,118,119,96,118,71,81,0.99,0.81,0.88,33372,10626,2471,5426,0.23,0.51,0.01,1,4,3,4,4,1
"C84039","Derby Road Health Centre",0.99,117,121,93,103,50,59,0.97,0.9,0.85,21934,12862,1531,6010,0.12,0.47,0.01,2,4,2,2,1,1
"C84025","East Bridgford Med Centre",1,155,156,111,132,68,77,0.99,0.84,0.88,26012,7870,2174,4045,0.28,0.51,0.02,1,3,5,5,5,1
"C84032","Eastwood Primary Care Centre",1,378,382,239,292,168,191,0.99,0.82,0.88,5477,18390,5215,9378,0.28,0.51,0.02,4,5,5,5,4,1
"C84011","Elmswood Surgery",0.92,118,127,72,114,69,98,0.93,0.63,0.7,16516,9258,1965,4768,0.21,0.52,0.01,2,3,4,4,5,1
"C84105","Fairfields Practice",1,55,56,50,63,17,19,0.98,0.79,0.89,655,7649,630,3682,0.08,0.48,0.01,5,3,2,1,1,1
"C84074","Family Medical Centre (Kirkby)",0.77,67,74,68,88,34,41,0.91,0.77,0.83,801,5141,989,2666,0.19,0.52,0.01,5,1,4,3,5,1
"C84018","Family Medical Centre (Sood)",1,141,143,130,158,31,34,0.99,0.82,0.91,3431,12497,1349,6066,0.11,0.49,0.01,5,4,3,1,2,1
"C84036","Forest Medical",1,220,222,189,236,98,107,0.99,0.8,0.92,3028,18668,3202,9292,0.17,0.5,0.01,5,5,3,3,2,1
"C84019","Fountain Medical Centre",1,188,190,125,142,115,127,0.99,0.88,0.91,10288,12618,2954,6290,0.23,0.5,0.02,3,4,4,4,3,1
"C84667","Giltbrook Surgery",1,65,65,44,55,30,33,1,0.8,0.91,28404,5807,1160,2930,0.2,0.5,0.01,1,2,3,3,3,1
"Y03124","Grange Farm Medical Centre",0.96,85,85,56,69,25,29,1,0.81,0.86,5339,5698,862,2965,0.15,0.52,0.01,4,2,4,2,5,1
"C84063","Greendale Primary Care Centre",0.92,98,98,74,96,25,26,1,0.77,0.96,4563,8573,1028,4025,0.12,0.47,0.01,4,3,3,2,1,1
"C84676","Greenfields Medical Centre (Yvs Rao)",0.94,45,48,42,62,10,11,0.94,0.68,0.91,1952,8412,541,3622,0.06,0.43,0.01,5,3,1,1,1,1
"C84624","Hama Medical Centre",1,61,62,47,56,26,29,0.98,0.84,0.9,17455,5613,1099,2835,0.2,0.51,0.01,2,2,3,3,3,1
"C84629","Health Care Complex, Kirkby",0.95,50,57,62,79,13,18,0.88,0.78,0.72,3153,4489,810,2201,0.18,0.49,0.01,5,1,3,3,2,1
"C84705","Hickings Lane Medical Ctr",1,64,64,64,70,32,33,1,0.91,0.97,14510,7853,1229,3999,0.16,0.51,0.01,3,3,2,2,4,1
"C84055","Highcroft Surgery",1,181,185,99,123,107,114,0.98,0.8,0.94,8182,11275,2229,5740,0.2,0.51,0.02,4,4,4,3,4,1
"C84691","Highgreen Practice (Khan)",1,59,61,40,69,12,17,0.97,0.58,0.71,655,9375,524,3999,0.06,0.43,0.01,5,3,1,1,1,1
"C84656","Hill View Surgery",0.82,150,151,116,135,60,66,0.99,0.86,0.91,11517,8371,1878,4246,0.22,0.51,0.02,3,3,5,4,4,1
"C84660","Hounsfield Surgery",0.87,85,87,50,61,37,42,0.98,0.82,0.88,18383,4427,1227,2226,0.28,0.5,0.02,2,1,5,5,3,1
"C84078","Hucknall Road Medical Centre",0.99,187,198,141,164,79,89,0.94,0.86,0.89,4503,13269,2126,6823,0.16,0.51,0.01,4,4,4,2,5,1
"C84654","Jacksdale Medical Centre",0.84,62,67,48,61,41,45,0.93,0.79,0.91,10034,4417,1003,2247,0.23,0.51,0.02,3,1,4,4,4,1
"C84081","John Ryle Medical Practice",0.98,107,116,67,103,36,44,0.92,0.65,0.82,4316,6899,1298,3488,0.19,0.51,0.02,5,2,4,3,4,1
"C84704","Jrb Healthcare Beechdale Surgery",1,121,122,111,123,36,39,0.99,0.9,0.92,14045,7859,1047,3786,0.13,0.48,0.02,3,3,4,2,1,1
"C84613","Jubilee Park Medical Partnership",0.98,159,172,116,162,62,77,0.92,0.72,0.81,11234,12238,2431,6324,0.2,0.52,0.01,3,4,4,3,5,1
"C84061","King's Medical Centre",1,118,122,102,118,54,57,0.97,0.86,0.95,4630,9801,1433,4836,0.15,0.49,0.01,4,3,3,2,2,1
"Y05690","Kirkby Community Primary Care Centre (3)",1,71,71,56,65,32,36,1,0.86,0.89,3153,7146,885,3700,0.12,0.52,0.01,5,2,2,2,5,1
"C84076","Kirkby Health Centre",0.97,42,42,42,56,28,30,1,0.75,0.93,3153,4086,818,2078,0.2,0.51,0.01,5,1,2,3,4,1
"C84043","Leen View Surgery",1,162,165,143,177,76,83,0.98,0.81,0.92,1234,12827,1956,6483,0.15,0.51,0.01,5,4,3,2,3,1
"C84694","Lime Tree Surgery",1,44,45,41,49,25,27,0.98,0.84,0.93,3423,4528,613,2285,0.14,0.5,0.01,5,1,2,2,3,1
"C84029","Lombard Medical Centre",1,356,366,230,265,141,153,0.97,0.87,0.92,2249,22223,4107,10960,0.18,0.49,0.02,5,5,4,3,2,1
"C84140","Lowmoor Road Surgery",0.93,63,63,43,67,16,18,1,0.64,0.89,3153,4945,1209,2450,0.24,0.5,0.01,5,1,3,5,2,1
"C84113","Major Oak Medical Practice",1,119,120,89,97,71,72,0.99,0.92,0.99,15465,7253,1865,3698,0.26,0.51,0.02,3,2,4,5,4,1
"C84144","Meadows Health Centre (Larner)",0.99,40,40,44,49,11,13,1,0.9,0.85,4580,5148,469,2448,0.09,0.48,0.01,4,1,2,1,1,1
"C84658","Meden Medical Services",0.89,120,121,105,144,57,66,0.99,0.73,0.86,11153,10327,2114,5286,0.2,0.51,0.01,3,4,3,4,4,1
"C84116","Melbourne Park Medical Centre",0.86,68,68,60,85,36,45,1,0.71,0.8,3737,8464,1359,4309,0.16,0.51,0.01,5,3,2,2,4,1
"C84021","Middleton Lodge Practice",1,272,278,206,251,89,104,0.98,0.82,0.86,11499,13280,2845,6633,0.21,0.5,0.02,3,4,5,4,3,1
"C84106","Millview Surgery",1,129,132,94,108,55,58,0.98,0.87,0.95,1958,8557,1773,4237,0.21,0.5,0.02,5,3,4,4,2,1
"C84090","Musters Medical Practice",1,92,95,70,88,68,73,0.97,0.8,0.93,31873,9592,1903,4753,0.2,0.5,0.01,1,3,2,3,2,1
"C84131","Newthorpe Medical Practice",1,98,100,81,96,47,51,0.98,0.84,0.92,15519,8314,1795,4315,0.22,0.52,0.01,3,3,3,4,5,1
"C84095","Oakenhall Medical Pract",1,97,99,63,79,52,55,0.98,0.8,0.95,11902,7134,1514,3603,0.21,0.51,0.01,3,2,4,4,3,1
"C84016","Oakwood Surgery",0.95,231,236,141,199,111,133,0.98,0.71,0.83,9543,16071,3745,8065,0.23,0.5,0.01,4,5,4,4,3,1
"C84051","Orchard Medical Practice",0.98,232,233,182,236,107,116,1,0.77,0.92,4243,19192,3553,9794,0.19,0.51,0.01,5,5,3,3,4,1
"C82040","Orchard Surgery",1,134,136,82,108,75,83,0.99,0.76,0.9,22268,9209,1832,4699,0.2,0.51,0.01,2,3,4,3,4,1
"C84064","Parkside Medical Centre",1,97,98,90,116,42,46,0.99,0.78,0.91,1234,10441,1327,5430,0.13,0.52,0.01,5,4,2,2,5,1
"Y02847","Parliament Street Medical Centre",0.94,33,33,27,30,5,5,1,0.9,1,8626,10035,334,4447,0.03,0.44,0,4,3,1,1,1,1
"C84115","Plains View Surgery",0.99,115,123,94,116,64,71,0.93,0.81,0.9,31012,9400,1939,4869,0.21,0.52,0.01,1,3,3,4,5,1
"C84057","Pleasley Surgery",1,69,70,44,55,29,30,0.99,0.8,0.97,11701,4304,915,2145,0.21,0.5,0.02,3,1,4,4,3,1
"C84084","Radcliffe-On-Trent. Health Centre",1,170,172,112,122,132,134,0.99,0.92,0.99,30765,8385,2467,4408,0.29,0.53,0.02,1,3,5,5,5,1
"C84117","Radford Medical Practice (Kaur)",1,37,38,25,34,8,8,0.97,0.74,1,9128,20811,424,9112,0.02,0.44,0,4,5,1,1,1,1
"C84087","Rainworth Health Centre",1,104,106,67,86,45,51,0.98,0.78,0.88,12493,5748,1176,2942,0.2,0.51,0.02,3,2,5,4,4,1
"C84129","Rise Park Surgery",0.94,155,167,110,160,71,84,0.93,0.69,0.85,23746,9694,2018,5079,0.21,0.52,0.02,1,3,5,4,5,1
"C84060","Rivergreen Medical Centre",0.93,193,204,162,184,70,75,0.95,0.88,0.93,7221,8666,1683,4370,0.19,0.5,0.02,4,3,5,3,3,1
"C84069","Roundwood Surgery",1,195,197,117,148,103,118,0.99,0.79,0.87,3519,13525,2736,6635,0.2,0.49,0.01,5,4,4,4,2,1
"C84637","Sandy Lane Surgery",0.93,114,125,97,125,47,52,0.91,0.78,0.9,47,9711,1645,4716,0.17,0.49,0.01,5,3,3,3,2,1
"C84042","Saxon Cross Surgery",1,103,105,60,69,71,77,0.98,0.87,0.92,11792,7350,1437,3782,0.2,0.51,0.01,3,2,4,3,5,1
"C84142","Selston Surgery",0.92,64,67,68,70,35,36,0.96,0.97,0.97,7445,5287,1259,2620,0.24,0.5,0.01,4,1,3,4,2,1
"C84682","Sherrington Park Medical Practice",1,51,51,47,52,22,22,1,0.9,1,21095,4912,660,2357,0.13,0.48,0.01,2,1,2,2,1,1
"C84059","Sherwood Medical Partnership",1,139,142,123,146,60,61,0.98,0.84,0.98,18236,12692,1999,6474,0.16,0.51,0.01,2,4,3,2,4,1
"C84628","Sherwood Rise Medical Centre",1,41,44,49,66,12,15,0.93,0.74,0.8,1839,7901,512,3568,0.06,0.45,0.01,5,3,1,1,1,1
"Y05622","Southglade Medical Practice",1,30,30,30,38,6,7,1,0.79,0.86,2514,5267,373,2728,0.07,0.52,0.01,5,1,1,1,5,1
"C84049","Southwell Medical Centre",1,205,211,134,171,139,153,0.97,0.78,0.91,30006,12208,3813,6321,0.31,0.52,0.02,1,4,5,5,5,1
"C84004","St Albans Medical Centre",1,117,118,93,120,40,41,0.99,0.78,0.98,3122,9710,1409,4719,0.15,0.49,0.01,5,3,3,2,2,1
"C84086","St Georges Med Practice",1,160,160,104,121,92,97,1,0.86,0.95,23735,15122,2450,7741,0.16,0.51,0.01,1,5,2,3,4,1
"C84136","St. Luke's Surgery",0.93,37,38,47,56,7,7,0.97,0.84,1,9128,5070,547,2264,0.11,0.45,0.01,4,1,2,1,1,1
"C84026","Stenhouse Medical Centre",1,233,236,160,199,111,139,0.99,0.8,0.8,14704,12799,3192,6686,0.25,0.52,0.02,3,4,5,5,5,1
"C84695","The Alice Medical Centre",0.97,44,47,39,47,12,13,0.94,0.83,0.92,5838,4461,445,2233,0.1,0.5,0.01,4,1,2,1,3,1
"C84047","The Calverton Practice",1,173,175,126,152,102,110,0.99,0.83,0.93,30031,10485,2814,5357,0.27,0.51,0.02,1,4,4,5,4,1
"C84703","The Gamston Medical Ctr.",1,79,79,49,59,46,51,1,0.83,0.9,30218,6782,997,3394,0.15,0.5,0.01,1,2,3,2,3,1
"C84646","The Ivy Medical Group",0.99,119,121,55,73,51,68,0.98,0.75,0.75,32250,6545,1969,3336,0.3,0.51,0.02,1,2,5,5,4,1
"C84107","The Linden Medical Group",0.99,130,132,87,101,58,63,0.98,0.86,0.92,11792,7075,1813,3493,0.26,0.49,0.02,3,2,5,5,2,1
"C84080","The Manor Surgery",1,188,192,154,171,131,136,0.98,0.9,0.96,24213,13863,2999,6866,0.22,0.5,0.01,1,4,4,4,2,1
"C84151","The Medical Centre (Irfan)",1,14,14,14,16,6,7,1,0.88,0.86,2142,3649,274,1687,0.08,0.46,0,5,1,1,1,1,1
"C84030","The Oaks Medical Centre",1,125,126,64,88,78,86,0.99,0.73,0.91,24213,11909,1870,5764,0.16,0.48,0.01,1,4,2,2,1,1
"Y00026","The Om Surgery",0.8,33,34,21,39,7,12,0.97,0.54,0.58,10650,2635,376,1285,0.14,0.49,0.01,3,1,3,2,2,1
"C84028","The Ruddington Med Centre",0.96,105,105,65,77,67,71,1,0.84,0.94,31506,7600,1598,3923,0.21,0.52,0.01,1,2,4,4,5,1
"C84023","The Univ Of Nottingham Health Serv",1,25,25,25,27,13,15,1,0.93,0.87,26217,41018,513,19157,0.01,0.47,0,1,5,1,1,1,1
"C84072","The Wellspring Surgery",0.98,90,92,87,114,30,33,0.98,0.76,0.91,1680,10947,1093,5312,0.1,0.49,0.01,5,4,2,1,1,1
"C84683","The Windmill Practice",1,108,110,92,119,21,25,0.98,0.77,0.84,4033,11392,947,5383,0.08,0.47,0.01,5,4,2,1,1,1
"C84053","Torkard Hill Medical Ctre",1,242,246,150,189,114,130,0.98,0.79,0.88,10650,16842,3133,8595,0.19,0.51,0.01,3,5,4,3,4,1
"C84010","Trentside Medical Group",1,274,298,166,230,92,112,0.92,0.72,0.82,9390,18874,3277,9518,0.17,0.5,0.02,4,5,4,3,3,1
"C84619","Tudor House Medical Practice",0.96,69,69,51,68,39,43,1,0.75,0.91,9087,6928,969,3546,0.14,0.51,0.01,4,2,2,2,4,1
"C84150","Unity Surgery",1,61,62,39,50,34,39,0.98,0.78,0.87,29743,4861,838,2432,0.17,0.5,0.01,1,1,3,3,3,1
"C84085","Victoria And Mapperley Practice",1,103,105,104,117,44,48,0.98,0.89,0.92,6851,10514,1596,5117,0.15,0.49,0.01,4,4,2,2,2,1
"C84005","Village Health Group",1,459,464,267,330,276,308,0.99,0.81,0.9,18807,27799,7223,14146,0.26,0.51,0.02,2,5,4,5,4,1
"C84664","Welbeck Surgery",1,42,43,43,47,17,19,0.98,0.91,0.89,9914,5474,672,2753,0.12,0.5,0.01,3,2,2,2,3,1
"C84621","West Bridgford Medical Centre",1,48,49,33,39,23,25,0.98,0.85,0.92,23735,5090,551,2464,0.11,0.48,0.01,1,1,2,1,1,1
"C84696","West Oak Surgery",1,57,57,50,56,27,32,1,0.89,0.84,31316,4973,1006,2550,0.2,0.51,0.01,1,1,3,4,5,1
"C84033","Westdale Lane Surgery",0.89,121,123,83,109,50,62,0.98,0.76,0.81,18456,8980,2033,4564,0.23,0.51,0.01,2,3,4,4,4,1
"Y06443","Whyburn Medical Practice",1,184,187,128,154,83,93,0.98,0.83,0.89,10650,12804,2406,6557,0.19,0.51,0.01,3,4,4,3,4,1
"C84012","Willowbrook Medical Practice",1,286,287,181,209,120,130,1,0.87,0.92,4630,12173,2759,6081,0.23,0.5,0.02,4,4,5,4,3,1
"C84122","Wollaton Park Medical Centre",0.91,112,115,67,98,52,61,0.97,0.68,0.85,27287,10746,1675,5505,0.16,0.51,0.01,1,4,3,2,4,1
"C84014","Woodlands Medical Practice",1,170,175,129,159,55,60,0.97,0.81,0.92,31691,11468,2181,5838,0.19,0.51,0.02,1,4,4,3,4,1
"H82023","Adur Health Partnership",1,505,511,324,433,269,294,0.99,0.75,0.91,15162,36271,8327,18574,0.23,0.51,0.01,3,5,4,4,4,1
"H82021","Arundel Surgery",0.94,128,132,86,105,79,84,0.97,0.82,0.94,16334,6525,2202,3361,0.34,0.52,0.02,2,2,5,5,5,1
"H82048","Avisford Medical Group",0.99,210,215,126,160,118,132,0.98,0.79,0.89,14843,12097,3877,6262,0.32,0.52,0.02,3,4,5,5,5,1
"H82065","Ball Tree Surgery",1,201,204,144,189,139,156,0.99,0.76,0.89,20679,14896,3859,7671,0.26,0.51,0.01,2,5,4,5,5,1
"H82087","Barn Surgery",0.7,118,129,44,82,52,81,0.91,0.54,0.64,27250,3859,2019,2094,0.52,0.54,0.03,1,1,5,5,5,1
"H82016","Bersted Green Surgery",1,202,204,141,159,88,100,0.99,0.89,0.88,18245,13108,2779,6338,0.21,0.48,0.02,2,4,4,4,1,1
"H82088","Bewbush Medical Centre",1,46,46,47,62,6,6,1,0.76,1,6926,6549,728,3119,0.11,0.48,0.01,4,2,1,1,1,1
"H82055","Billingshurst Surgery",1,134,136,108,134,84,96,0.99,0.81,0.88,18967,13947,2941,7005,0.21,0.5,0.01,2,5,2,4,3,1
"H82020","Bognor Medical Centre",1,101,103,66,78,41,43,0.98,0.85,0.95,1599,9678,1667,4463,0.17,0.46,0.01,5,3,3,3,1,1
"H82047","Bridge Medical Centre",1,92,93,69,89,51,56,0.99,0.78,0.91,15051,12138,1803,5943,0.15,0.49,0.01,3,4,2,2,2,1
"H82046","Broadwater Medical Centre",1,138,138,99,119,64,72,1,0.83,0.89,13922,11886,2376,6022,0.2,0.51,0.01,3,4,3,3,4,1
"H82084","Brow Medical Centre",1,160,161,86,105,129,141,0.99,0.82,0.91,21805,7733,1658,4032,0.21,0.52,0.02,2,3,5,4,5,1
"H82042","Cathedral Medical Group",1,197,202,122,152,112,131,0.98,0.8,0.85,20604,14111,3089,7214,0.22,0.51,0.01,2,5,4,4,4,1
"H82098","Coachmans Medical Practice",1,65,70,77,89,21,23,0.93,0.87,0.91,2719,10476,1189,5108,0.11,0.49,0.01,5,4,1,1,2,1
"H82014","Coppice Surgery",1,241,244,110,147,151,171,0.99,0.75,0.88,7733,13568,3986,7009,0.29,0.52,0.02,4,4,5,5,5,1
"H82076","Cornerways Surgery",1,58,59,36,43,37,43,0.98,0.84,0.86,27326,3990,1207,2104,0.3,0.53,0.01,1,1,4,5,5,1
"H82004","Cowfold Surgery",1,71,71,57,62,35,37,1,0.92,0.95,17901,5067,1277,2537,0.25,0.5,0.01,2,1,4,5,3,1
"H82005","Cuckfield Medical Centre",1,126,127,94,113,70,77,0.99,0.83,0.91,21118,12657,1947,6418,0.15,0.51,0.01,2,4,2,2,4,1
"H82044","Dolphins Practice",0.93,135,154,93,122,87,98,0.88,0.76,0.89,29739,10815,2370,5386,0.22,0.5,0.01,1,4,4,4,2,1
"H82066","Fitzalan Medical Group",1,251,255,168,212,113,130,0.98,0.79,0.87,3911,16266,3362,8023,0.21,0.49,0.02,5,5,4,4,2,1
"H82038","Flansham Park Health Centre",1,276,278,156,189,166,177,0.99,0.83,0.94,23193,13098,4140,6816,0.32,0.52,0.02,2,4,5,5,5,1
"H82053","Furnace Green Surgery",1,94,94,96,104,65,70,1,0.92,0.93,27270,7404,1577,3699,0.21,0.5,0.01,1,2,3,4,3,1
"H82070","Glebe Surgery",1,247,247,149,192,143,164,1,0.78,0.87,22659,13277,4318,6803,0.33,0.51,0.02,2,4,5,5,5,1
"H82033","Gossops Green Medical Ctr",1,69,71,62,73,27,30,0.97,0.85,0.9,14284,7254,1136,3572,0.16,0.49,0.01,3,2,2,2,2,1
"H82043","Grove House Surgery",0.98,244,249,175,186,169,173,0.98,0.94,0.98,13270,11031,4535,5674,0.41,0.51,0.02,3,4,5,5,5,1
"H82060","Henfield Medical Centre",1,169,172,101,122,88,98,0.98,0.83,0.9,16935,10171,2960,5245,0.29,0.52,0.02,2,3,4,5,5,1
"H82640","Holbrook Surgery",1,138,141,109,133,67,77,0.98,0.82,0.87,33390,16377,3198,8307,0.2,0.51,0.01,1,5,2,3,4,1
"H82050","Ifield Medical Practice",1,96,99,83,102,35,39,0.97,0.81,0.9,12914,10914,1503,5358,0.14,0.49,0.01,3,4,2,2,2,1
"Y00351","Langley Corner Surgery",1,119,120,98,111,65,74,0.99,0.88,0.88,15352,12214,1801,5857,0.15,0.48,0.01,3,4,2,2,1,1
"H82013","Langley House Surgery",1,204,209,126,155,124,139,0.98,0.81,0.89,20604,13485,3886,7159,0.29,0.53,0.02,2,4,4,5,5,1
"H82051","Lavant Road Surgery",0.97,187,189,121,138,127,143,0.99,0.88,0.89,33165,12603,3301,6592,0.26,0.52,0.01,1,4,4,5,5,1
"H82012","Leacroft Medical Practice",1,102,104,97,116,42,46,0.98,0.84,0.91,8669,15078,1624,7163,0.11,0.48,0.01,4,5,1,1,1,1
"H82034","Lime Tree Surgery",1,473,484,262,345,254,282,0.98,0.76,0.9,30992,27829,7825,14287,0.28,0.51,0.02,1,5,5,5,5,1
"H82035","Lindfield Medical Centre",1,171,172,83,101,119,133,0.99,0.82,0.89,26946,10905,2984,5663,0.27,0.52,0.02,1,4,4,5,5,1
"H82031","Loxwood Surgery",1,69,71,44,59,51,53,0.97,0.75,0.96,21799,6852,1736,3415,0.25,0.5,0.01,2,2,2,5,3,1
"H82058","Maywood Health Care Centre",1,271,271,196,233,128,139,1,0.84,0.92,14672,17863,3619,9023,0.2,0.51,0.02,3,5,4,4,3,1
"H82003","Meadows Surgery",1,166,169,93,116,78,87,0.98,0.8,0.9,22477,10527,2095,5427,0.2,0.52,0.02,2,4,4,3,5,1
"H82057","Mid Sussex Health Care",0.98,321,327,135,185,142,178,0.98,0.73,0.8,32739,21897,4945,11281,0.23,0.52,0.01,1,5,4,4,5,1
"H82063","Moatfield Surgery",1,316,322,203,252,168,189,0.98,0.81,0.89,25829,16974,3647,8776,0.21,0.52,0.02,1,5,5,4,5,1
"H82040","Modality Mid Sussex",0.95,394,414,278,364,244,281,0.95,0.76,0.87,29321,29314,7249,14689,0.25,0.5,0.01,1,5,4,5,3,1
"H82091","New Pond Row Surgery",1,112,113,66,86,53,56,0.99,0.77,0.95,12702,8660,1977,4419,0.23,0.51,0.01,3,3,3,4,4,1
"H82056","Newtons Practice",1,242,246,128,158,124,137,0.98,0.81,0.91,25547,14293,2791,7345,0.2,0.51,0.02,1,5,5,3,5,1
"H82100","Northlands Wood Surgery",1,65,67,56,68,51,57,0.97,0.82,0.89,21395,8906,1554,4577,0.17,0.51,0.01,2,3,2,3,5,1
"H82036","Orchard Surgery",0.99,169,171,108,135,114,123,0.99,0.8,0.93,9562,8904,2552,4559,0.29,0.51,0.02,4,3,5,5,4,1
"H82615","Ouse Valley Practice",1,127,128,85,97,66,74,0.99,0.88,0.89,19710,9868,1601,5045,0.16,0.51,0.01,2,3,3,3,4,1
"H82017","Park Surgery",1,339,346,175,230,222,248,0.98,0.76,0.9,19328,19927,4572,9961,0.23,0.5,0.02,2,5,5,4,3,1
"H82039","Park Surgery",0.98,161,162,105,130,74,85,0.99,0.81,0.87,18926,11143,2716,5735,0.24,0.51,0.01,2,4,4,4,5,1
"H82049","Parklands Surgery",1,180,181,83,107,113,121,0.99,0.78,0.93,18922,10739,2563,5506,0.24,0.51,0.02,2,4,4,4,5,1
"H82052","Pound Hill Medical Group",1,187,187,153,191,92,95,1,0.8,0.97,16801,17247,3300,8653,0.19,0.5,0.01,2,5,3,3,3,1
"H82030","Pulborough Medical Group",0.94,254,258,125,181,137,167,0.98,0.69,0.82,22696,13393,4296,6890,0.32,0.51,0.02,2,4,5,5,5,1
"H82032","Riverbank Medical Centre",1,196,197,129,157,127,138,0.99,0.82,0.92,27766,13089,3892,6703,0.3,0.51,0.02,1,4,4,5,4,1
"H82089","Riverside Medical Practice",0.99,88,90,79,92,42,46,0.98,0.86,0.91,25669,11414,1819,5858,0.16,0.51,0.01,1,4,2,2,5,1
"H82027","Rudgwick Medical Centre",1,46,46,26,34,29,31,1,0.76,0.94,26142,3998,944,2020,0.24,0.51,0.01,1,1,3,4,3,1
"H82026","Saxonbrook Medical Centre",1,114,116,129,151,33,45,0.98,0.85,0.73,25291,19549,1963,9647,0.1,0.49,0.01,1,5,1,1,2,1
"H82061","Selden Medical Centre",1,103,105,76,85,52,57,0.98,0.89,0.91,12853,9118,1707,4503,0.19,0.49,0.01,3,3,3,3,2,1
"H82037","Selsey Medical Practice",1,326,332,215,257,170,189,0.98,0.84,0.9,15973,12667,4456,6485,0.35,0.51,0.03,3,4,5,5,4,1
"H82072","Silverdale Practice",1,158,162,90,110,91,98,0.98,0.82,0.93,33679,13559,2672,6901,0.2,0.51,0.01,1,4,3,3,4,1
"H82078","Southbourne Surgery",1,165,167,105,130,97,107,0.99,0.81,0.91,17925,10328,2763,5354,0.27,0.52,0.02,2,4,4,5,5,1
"H82064","Southgate Medical Group",1,92,92,118,122,43,44,1,0.97,0.98,8091,11700,1298,5707,0.11,0.49,0.01,4,4,2,1,2,1
"H82009","St. Lawrence Surgery",1,227,230,151,199,123,135,0.99,0.76,0.91,32269,16535,3526,8570,0.21,0.52,0.01,1,5,4,4,5,1
"H82022","Steyning Health Centre",1,189,192,118,137,145,158,0.98,0.86,0.92,29730,11761,3490,6085,0.3,0.52,0.02,1,4,4,5,5,1
"H82011","Strand Medical Group",0.94,226,251,148,192,82,110,0.9,0.77,0.75,16873,15754,3455,7933,0.22,0.5,0.02,2,5,4,4,3,1
"H82067","Tangmere Medical Centre",1,145,147,99,115,42,45,0.99,0.86,0.93,12771,8297,1432,4252,0.17,0.51,0.02,3,3,5,3,5,1
"H82028","The Courtyard Surgery",1,120,122,108,120,75,78,0.98,0.9,0.96,19328,15939,2366,7920,0.15,0.5,0.01,2,5,2,2,2,1
"H82077","The Croft Surgery",0.99,221,223,157,193,102,118,0.99,0.81,0.86,19639,13208,2985,6720,0.23,0.51,0.02,2,4,4,4,4,1
"H82096","The Orchard Surgery",1,90,91,74,89,43,48,0.99,0.83,0.9,8461,5539,1377,2658,0.25,0.48,0.02,4,2,4,5,1,1
"H82006","The Petworth Surgery",1,146,146,73,91,70,80,1,0.8,0.88,19533,6025,1871,3049,0.31,0.51,0.02,2,2,5,5,4,1
"H82041","Victoria Road Surgery",1,206,208,106,139,86,97,0.99,0.76,0.89,6271,13997,2589,7193,0.18,0.51,0.01,4,5,4,3,5,1
"H82092","Village Surgery",1,122,123,97,110,58,63,0.99,0.88,0.92,28024,11141,2014,5598,0.18,0.5,0.01,1,4,3,3,3,1
"H82099","West Meads Surgery",1,169,172,121,146,102,118,0.98,0.83,0.86,21840,8064,2483,4089,0.31,0.51,0.02,2,3,5,5,4,1
"H82007","Westcourt Medical Centre",1,255,273,171,209,123,141,0.93,0.82,0.87,17983,13000,4312,6852,0.33,0.53,0.02,2,4,5,5,5,1
"H82059","Willow Green Surgery",1,269,273,136,167,141,157,0.99,0.81,0.9,7733,11398,4091,6131,0.36,0.54,0.02,4,4,5,5,5,1
"H82095","Witterings Medical Centre",1,221,227,126,144,132,150,0.97,0.88,0.88,19138,10448,3590,5448,0.34,0.52,0.02,2,4,5,5,5,1
"H82025","Woodlands&Clerklands Partnership",1,191,193,159,188,73,82,0.99,0.85,0.89,15630,17523,2604,8886,0.15,0.51,0.01,3,5,3,2,4,1
"H82045","Worthing Medical Group",1,411,417,247,292,276,309,0.99,0.85,0.89,8636,20902,4680,10501,0.22,0.5,0.02,4,5,5,4,3,1
"C83051","Abbey Medical Practice",1,71,71,63,84,17,18,1,0.75,0.94,8992,9055,815,4096,0.09,0.45,0.01,4,3,2,1,1,1
"C83617","Abbeyview Surgery",0.99,125,129,106,125,55,58,0.97,0.85,0.95,14468,9175,1977,4660,0.22,0.51,0.01,3,3,4,4,4,1
"C83019","Beacon Medical Practice",0.85,607,654,380,562,173,218,0.93,0.68,0.79,14860,22074,6640,11015,0.3,0.5,0.03,3,5,5,5,3,1
"C83003","Beechfield Medical Centre",0.85,259,262,178,209,118,136,0.99,0.85,0.87,17096,21409,3751,10495,0.18,0.49,0.01,2,5,3,3,2,1
"C83030","Billinghay Medical Practice",1,72,72,53,58,37,38,1,0.91,0.97,8148,5185,1381,2679,0.27,0.52,0.01,4,1,4,5,5,1
"C83643","Binbrook Surgery",1,43,43,39,44,24,26,1,0.89,0.92,13260,2376,783,1191,0.33,0.5,0.02,3,1,5,5,3,1
"C83082","Birchwood Medical Practice",1,152,154,119,157,63,70,0.99,0.76,0.9,17228,10698,2113,5407,0.2,0.51,0.01,2,4,4,3,3,1
"C83014","Boultham Park Medical Practice",1,153,155,98,126,76,85,0.99,0.78,0.89,18773,10377,1995,5227,0.19,0.5,0.01,2,4,4,3,3,1
"C83054","Bourne Galletly Practice Team",0.98,245,250,146,186,125,146,0.98,0.78,0.86,28922,15417,3435,7869,0.22,0.51,0.02,1,5,4,4,4,1
"C83029","Branston & Heighington Family Practice",0.89,80,80,57,74,35,35,1,0.77,1,15781,4672,1140,2367,0.24,0.51,0.02,3,1,5,4,4,1
"C83078","Brant Road & Springcliffe Surgery",1,118,118,88,111,55,62,1,0.79,0.89,9075,9003,1808,4589,0.2,0.51,0.01,4,3,3,3,4,1
"C83626","Brayford Medical Practice",0.96,75,76,68,77,23,25,0.99,0.88,0.92,14688,10614,952,5140,0.09,0.48,0.01,3,4,1,1,1,1
"C83613","Caistor Health Centre",1,114,115,74,86,46,48,0.99,0.86,0.96,9636,5281,1440,2620,0.27,0.5,0.02,4,1,5,5,2,1
"C83044","Caskgate Street Surgery",1,171,173,112,131,80,83,0.99,0.85,0.96,2001,12201,2334,6138,0.19,0.5,0.01,5,4,4,3,3,1
"C83020","Caythorpe & Ancaster Medical Practice",1,182,185,127,150,95,107,0.98,0.85,0.89,17336,10055,2743,5160,0.27,0.51,0.02,2,3,5,5,5,1
"C83062","Church Walk Surgery",0.98,97,98,57,76,53,56,0.99,0.75,0.95,11878,5761,1460,2981,0.25,0.52,0.02,3,2,4,5,5,1
"C83018","Cleveland Surgery",1,154,154,107,141,69,78,1,0.76,0.88,5138,12238,2412,6120,0.2,0.5,0.01,4,4,3,3,3,1
"C83073","Cliff House Medical Practice",0.93,70,70,42,62,36,43,1,0.68,0.84,21959,8216,1045,4126,0.13,0.5,0.01,2,3,2,2,3,1
"C83053","Colsterworth Surgery",1,50,51,38,42,21,23,0.98,0.9,0.91,15752,2438,645,1180,0.26,0.48,0.02,3,1,5,5,1,1
"C83049","Dr Sinha & Partners",0.9,181,194,95,149,68,87,0.93,0.64,0.78,10129,10138,2081,3759,0.21,0.37,0.02,3,3,5,4,1,1
"C83056","East Lindsey Medical Group",0.92,296,305,182,247,138,160,0.97,0.74,0.86,11286,14046,4142,7248,0.29,0.52,0.02,3,5,5,5,5,1
"C83079","Glebe Park Surgery",1,79,79,68,82,24,26,1,0.83,0.92,19520,6303,1061,3228,0.17,0.51,0.01,2,2,3,3,4,1
"C83036","Gosberton Medical Centre",0.75,161,161,125,147,78,87,1,0.85,0.9,17019,8207,2318,4229,0.28,0.52,0.02,2,3,5,5,5,1
"C83059","Greyfriars Surgery",0.97,162,183,143,196,83,104,0.89,0.73,0.8,4228,14139,2271,7080,0.16,0.5,0.01,5,5,3,2,3,1
"C83045","Hawthorn Medical Practice",0.93,366,392,235,315,116,145,0.93,0.75,0.8,2090,16752,4868,8312,0.29,0.5,0.02,5,5,5,5,2,1
"C83001","Heart Of Lincoln Health Group",1,196,200,156,186,66,73,0.98,0.84,0.9,2703,29204,3028,14143,0.1,0.48,0.01,5,5,1,1,1,1
"C83035","Hereward Medical Centre",1,187,191,112,140,119,133,0.98,0.8,0.89,19806,12383,2806,6376,0.23,0.51,0.02,2,4,4,4,5,1
"C83033","Hibaldstow Medical Practice",1,80,82,50,53,46,51,0.98,0.94,0.9,13433,3765,1109,1893,0.29,0.5,0.02,3,1,5,5,3,1
"C83028","Holbeach Medical Centre",1,162,162,110,139,87,97,1,0.79,0.9,16314,7913,2028,3962,0.26,0.5,0.02,2,3,5,5,3,1
"C83027","Horncastle Medical Group",0.75,232,269,149,220,112,146,0.86,0.68,0.77,9624,10320,3094,5366,0.3,0.52,0.03,4,4,5,5,5,1
"C83085","James Street Family Practice",1,283,287,172,237,127,139,0.99,0.73,0.91,10303,13417,3517,6796,0.26,0.51,0.02,3,4,5,5,4,1
"C83057","Kirton Medical Centre",0.89,115,123,72,102,58,70,0.93,0.71,0.83,15668,8284,1676,4204,0.2,0.51,0.01,3,3,4,4,4,1
"C83007","Lakeside Healthcare Stamford",1,457,463,267,342,257,283,0.99,0.78,0.91,26052,27085,6621,13738,0.24,0.51,0.02,1,5,5,4,4,1
"C83009","Lindum Medical Practice",1,110,113,90,108,52,56,0.97,0.83,0.93,4478,8738,1515,4453,0.17,0.51,0.01,4,3,3,3,4,1
"C83004","Liquorpond Surgery",1,208,214,142,162,94,101,0.97,0.88,0.93,1528,11649,2170,5718,0.19,0.49,0.02,5,4,5,3,2,1
"C83065","Littlebury Medical Centre",1,181,196,142,173,79,96,0.92,0.82,0.82,12272,9305,2321,4693,0.25,0.5,0.02,3,3,5,5,3,1
"C83067","Long Bennington Medical Centre",1,125,127,88,114,61,67,0.98,0.77,0.91,26498,6867,2137,3554,0.31,0.52,0.02,1,2,5,5,5,1
"C83063","Long Sutton Medical Ctr.",1,312,321,260,343,166,181,0.97,0.76,0.92,13552,15967,4706,8062,0.29,0.5,0.02,3,5,5,5,3,1
"C83064","Marisco Medical Practice",1,430,442,333,377,159,177,0.97,0.88,0.9,1252,14218,5898,7217,0.41,0.51,0.03,5,5,5,5,4,1
"C83649","Market Cross Surgery",0.96,80,88,50,68,35,40,0.91,0.74,0.88,18175,5270,1270,2718,0.24,0.52,0.02,2,1,4,4,5,1
"C83043","Market Rasen Surgery",1,183,191,133,168,95,108,0.96,0.79,0.88,8923,10574,3097,5381,0.29,0.51,0.02,4,4,5,5,4,1
"C83042","Marsh Medical Practice",1,190,192,142,170,76,86,0.99,0.84,0.88,10759,6870,2312,3522,0.34,0.51,0.03,3,2,5,5,5,1
"C83032","Merton Lodge Surgery",1,158,158,110,131,88,94,1,0.84,0.94,7100,6955,2449,3545,0.35,0.51,0.02,4,2,5,5,4,1
"C83011","Millview Medical Centre",1,201,201,153,184,109,116,1,0.83,0.94,17150,12238,3014,6372,0.25,0.52,0.02,2,4,4,5,5,1
"C83072","Minster Medical Practice",1,143,146,102,115,74,81,0.98,0.89,0.91,4478,9810,2172,5012,0.22,0.51,0.01,4,3,4,4,4,1
"C83039","Moulton Medical Centre",1,126,126,82,108,70,74,1,0.76,0.95,12745,5585,1761,2818,0.32,0.5,0.02,3,2,5,5,3,1
"C83022","Munro Medical Centre",1,323,332,235,273,189,208,0.97,0.86,0.91,23779,22807,4572,11125,0.2,0.49,0.01,1,5,4,3,2,1
"C83002","Navenby Cliff Villages Surgery",0.97,153,165,83,114,91,103,0.93,0.73,0.88,28463,9130,2387,4942,0.26,0.54,0.02,1,3,5,5,5,1
"C83031","Nettleham Medical Practice",1,255,259,164,199,140,152,0.98,0.82,0.92,31448,12390,3826,6356,0.31,0.51,0.02,1,4,5,5,5,1
"C83061","North Thoresby Surgery",0.99,190,198,155,177,82,95,0.96,0.88,0.86,17263,9024,2962,4683,0.33,0.52,0.02,2,3,5,5,5,1
"C83010","Parkside Medical Centre",0.91,206,239,141,211,93,106,0.86,0.67,0.88,2409,19481,3018,9564,0.15,0.49,0.01,5,5,3,2,2,1
"C83025","Richmond Medical Centre",1,293,295,190,229,175,186,0.99,0.83,0.94,23972,18435,4127,9514,0.22,0.52,0.02,1,5,4,4,5,1
"C83013","Ruskington Surgery",0.99,139,148,83,97,63,73,0.94,0.86,0.86,27702,7988,2275,4119,0.28,0.52,0.02,1,3,5,5,5,1
"C83023","Sleaford Medical Group",1,329,338,210,240,148,162,0.97,0.88,0.91,13936,17561,4220,8932,0.24,0.51,0.02,3,5,5,4,4,1
"C83005","Spilsby Surgery",1,193,198,109,148,88,106,0.97,0.74,0.83,11756,7529,2354,3847,0.31,0.51,0.03,3,2,5,5,4,1
"C83048","St. Johns Medical Centre",1,151,153,102,145,84,98,0.99,0.7,0.86,10166,13408,2463,6667,0.18,0.5,0.01,3,4,3,3,2,1
"C83040","St. Peters Hill Surgery",0.91,225,241,124,171,114,127,0.93,0.73,0.9,8504,14630,3384,7178,0.23,0.49,0.02,4,5,4,4,2,1
"C83055","Stickney Surgery",0.77,143,158,109,137,47,56,0.91,0.8,0.84,8601,6049,1892,3009,0.31,0.5,0.03,4,2,5,5,2,1
"C83614","Sutterton Surgery",0.98,74,81,50,78,23,31,0.91,0.64,0.74,12052,3638,1016,1828,0.28,0.5,0.02,3,1,5,5,3,1
"C83015","Swineshead Surgery",1,175,178,140,159,72,75,0.98,0.88,0.96,12415,8649,2519,4289,0.29,0.5,0.02,3,3,5,5,2,1
"C83008","Swingbridge Surgery",1,94,95,56,79,35,42,0.99,0.71,0.83,839,7480,1213,3840,0.16,0.51,0.01,5,2,3,3,5,1
"C83634","Tasburgh Lodge Surgery",1,135,138,77,88,75,79,0.98,0.88,0.95,26667,4812,1814,2520,0.38,0.52,0.03,1,1,5,5,5,1
"C83611","The Bassingham Surgery",1,55,56,45,54,24,26,0.98,0.83,0.92,22979,7087,1306,3635,0.18,0.51,0.01,2,2,2,3,5,1
"C83026","The Deepings Practice",1,409,414,262,316,200,213,0.99,0.83,0.94,24567,23660,6444,12262,0.27,0.52,0.02,1,5,5,5,5,1
"C83038","The Glebe Practice",1,162,164,111,130,87,96,0.99,0.85,0.91,16122,8198,2398,4169,0.29,0.51,0.02,2,3,5,5,4,1
"C83024","The Glenside Country Practice",1,52,52,33,42,21,23,1,0.79,0.91,16802,3783,1030,1909,0.27,0.5,0.01,2,1,4,5,3,1
"C83080","The Harrowby Lane Surgery",0.82,75,84,51,80,29,37,0.89,0.64,0.78,3360,5784,1180,2943,0.2,0.51,0.01,5,2,4,4,4,1
"C83046","The Heath Surgery",1,62,62,51,61,29,30,1,0.84,0.97,29065,6101,1145,3054,0.19,0.5,0.01,1,2,2,3,3,1
"C83052","The Ingham Surgery",1,49,50,42,49,15,15,0.98,0.86,1,19768,4004,943,2010,0.24,0.5,0.01,2,1,3,4,3,1
"C83083","The New Coningsby Surgery",0.96,132,133,71,93,49,63,0.99,0.76,0.78,6638,7750,1918,4020,0.25,0.52,0.02,4,3,5,5,5,1
"Y01652","The New Springwells Practice",1,114,116,86,98,69,73,0.98,0.88,0.95,13221,6159,1920,3143,0.31,0.51,0.02,3,2,5,5,4,1
"C83060","The Sidings Medical Practice",0.87,235,260,173,242,92,112,0.9,0.71,0.82,3010,15846,2772,7588,0.17,0.48,0.02,5,5,4,3,1,1
"C82076","The Welby Practice",1,108,109,71,92,46,53,0.99,0.77,0.87,24306,6929,1949,3452,0.28,0.5,0.02,1,2,4,5,2,1
"C83041","The Woodland Medical Practice",0.99,135,139,97,110,88,91,0.97,0.88,0.97,17228,7760,1911,4009,0.25,0.52,0.02,2,3,5,5,5,1
"C83650","The Wragby Surgery",1,94,95,61,77,37,43,0.99,0.79,0.86,10722,4062,1205,2070,0.3,0.51,0.02,3,1,5,5,4,1
"C83641","Trent Valley Surgery",1,87,89,64,74,39,45,0.98,0.86,0.87,16122,4021,1371,1992,0.34,0.5,0.02,2,1,5,5,2,1
"C83075","Vine Street Surgery",1,193,198,111,132,76,84,0.97,0.84,0.9,8504,10411,2259,5465,0.22,0.52,0.02,4,4,5,4,5,1
"C83058","Washingborough Surgery",0.95,158,169,100,122,98,104,0.93,0.82,0.94,25494,8943,2686,4682,0.3,0.52,0.02,1,3,5,5,5,1
"C83037","Welton Family Health Centre",1,135,135,96,115,55,61,1,0.83,0.9,20040,9856,2329,5050,0.24,0.51,0.01,2,3,4,4,5,1
"C83074","Willingham-By-Stow Surgery",1,89,90,74,87,46,51,0.99,0.85,0.9,16530,4812,1541,2426,0.32,0.5,0.02,2,1,5,5,3,1
"C83635","Woodhall Spa New Surgery",1,130,133,109,131,62,67,0.98,0.83,0.93,16346,5339,1857,2757,0.35,0.52,0.02,2,2,5,5,5,1
"G83031","Abbey Wood Surgery",1,83,83,83,102,29,30,1,0.81,0.97,4724,7286,1016,3610,0.14,0.5,0.01,4,2,3,2,2,1
"G83631","Abbeyslade PMS (Dr Chand)",0.92,34,35,31,48,6,8,0.97,0.65,0.75,14158,4938,466,2338,0.09,0.47,0.01,3,1,1,1,1,1
"G84017","Addington Road Surgery",0.91,92,95,56,82,49,64,0.97,0.68,0.77,26652,8762,2046,4393,0.23,0.5,0.01,1,3,3,4,3,1
"G85695","Akerman Medical Practice",1,29,29,35,43,7,7,1,0.81,1,11103,7067,421,3225,0.06,0.46,0,3,2,1,1,1,1
"G85138","Albion Street Group Practice",1,94,95,79,98,27,27,0.99,0.81,1,13914,15365,1265,7175,0.08,0.47,0.01,3,5,1,1,1,1
"G83030","All Saints Medical Centre Pms",1,34,34,39,50,15,16,1,0.78,0.94,6824,6622,704,3330,0.11,0.5,0.01,4,2,1,1,3,1
"G85698","Amersham Vale Training Practice",0.97,52,52,57,72,19,20,1,0.79,0.95,4986,15612,800,8241,0.05,0.53,0,4,5,1,1,5,1
"G85057","Ashdown Medical Group",1,84,86,83,105,51,54,0.98,0.79,0.94,6560,12956,1661,6579,0.13,0.51,0.01,4,4,1,2,4,1
"Y02974","At Medics",1,22,22,36,43,3,3,1,0.84,1,13460,12649,444,6192,0.04,0.49,0,3,4,1,1,2,1
"G84040","Ballater Surgery",1,111,113,91,113,48,53,0.98,0.81,0.91,20243,10828,1710,5515,0.16,0.51,0.01,2,4,2,2,4,1
"G84609","Bank House Surgery",1,40,40,39,45,18,19,1,0.87,0.95,27918,3554,822,1781,0.23,0.5,0.01,1,1,3,4,3,1
"G83654","Bannockburn Surgery",1,49,49,59,63,9,9,1,0.94,1,5845,5807,501,2701,0.09,0.47,0.01,4,2,2,1,1,1
"G83004","Barnard Medical Group",0.97,179,189,101,128,89,111,0.95,0.79,0.8,20745,13580,3300,7091,0.24,0.52,0.01,2,4,4,4,5,1
"G85100","Beckett House Practice",1,70,70,56,66,14,16,1,0.85,0.88,6084,8876,562,4321,0.06,0.49,0.01,4,3,2,1,2,1
"G83009","Bellegrove Surgery",1,133,136,113,134,76,78,0.98,0.84,0.97,21810,11622,2017,6031,0.17,0.52,0.01,2,4,3,3,5,1
"G83052","Belvedere Medical Centre",1,146,149,116,152,55,72,0.98,0.76,0.76,9142,17983,2453,9125,0.14,0.51,0.01,4,5,2,2,4,1
"G85623","Bermondsey Spa Medical Centre",0.96,53,68,76,89,19,22,0.78,0.85,0.86,13004,11070,934,5417,0.08,0.49,0.01,3,4,1,1,2,1
"G83028","Bexley Group Practice",1,114,117,88,111,44,49,0.97,0.79,0.9,10910,14066,1931,7097,0.14,0.5,0.01,3,5,2,2,3,1
"G83053","Bexley Medical Group",1,228,229,156,191,80,88,1,0.82,0.91,31634,21149,3157,10950,0.15,0.52,0.01,1,5,3,2,5,1
"G85123","Binfield Road Surgery",1,37,37,48,63,7,8,1,0.76,0.88,10947,10437,826,5055,0.08,0.48,0,3,4,1,1,1,1
"G85642","Blackfriars Medical Practice",0.96,45,47,53,62,12,13,0.96,0.85,0.92,24168,9743,758,4540,0.08,0.47,0,1,3,1,1,1,1
"G83013","Blackheath Standard Pms",1,60,61,67,79,27,29,0.98,0.85,0.93,12996,7859,1064,4025,0.14,0.51,0.01,3,3,2,2,4,1
"G85025","Brixton Hill Group Practice",1,62,62,58,74,25,28,1,0.78,0.89,15178,12837,882,6323,0.07,0.49,0,3,4,1,1,2,1
"G85137","Brockwell Park Surgery",1,42,43,51,64,17,19,0.98,0.8,0.89,23978,9113,703,4745,0.08,0.52,0,1,3,1,1,5,1
"Y06345","Bromleag Care Practice",0.96,167,184,65,82,208,235,0.91,0.79,0.89,21318,1446,1375,998,0.95,0.69,0.13,2,1,5,5,5,1
"G84024","Bromley Common Practice",0.98,74,76,59,79,46,48,0.97,0.75,0.96,23153,9987,1400,5067,0.14,0.51,0.01,2,3,2,2,4,1
"G84019","Broomwood Health Centre",1,83,84,85,104,42,48,0.99,0.82,0.88,4680,11141,1528,5659,0.14,0.51,0.01,4,4,2,2,4,1
"G85726","Brunswick Park Family Practice",1,40,42,50,62,10,10,0.95,0.81,1,11515,7676,754,3933,0.1,0.51,0.01,3,3,1,1,5,1
"G83065","Burney Street Pms",1,77,79,55,83,30,37,0.97,0.66,0.81,18863,15726,1248,7970,0.08,0.51,0.01,2,5,1,1,4,1
"G83046","Bursted Wood Surgery",1,64,64,63,77,18,19,1,0.82,0.95,31700,6431,1132,3274,0.18,0.51,0.01,1,2,2,3,4,1
"G85013","Camberwell Green Surgery",1,54,55,74,94,24,24,0.98,0.79,1,5899,8932,1115,4223,0.12,0.47,0.01,4,3,1,2,1,1
"Y02811","Cator Medical Centre",0.92,78,95,58,87,31,36,0.82,0.67,0.86,31610,12173,1125,6414,0.09,0.53,0.01,1,4,2,1,5,1
"G84020","Chelsfield Surgery",1,112,114,67,101,67,74,0.98,0.66,0.91,26186,9364,2080,4779,0.22,0.51,0.01,1,3,3,4,4,1
"G85011","Clapham Family Practice",0.98,70,82,83,104,27,33,0.85,0.8,0.82,21299,20589,1344,10475,0.07,0.51,0,2,5,1,1,4,1
"G85109","Clapham Park Group Practice",1,111,112,101,116,40,45,0.99,0.87,0.89,21055,21289,1409,10879,0.07,0.51,0.01,2,5,1,1,4,1
"G85026","Clifton Rise Family Practice",0.94,29,29,40,53,17,24,1,0.75,0.71,4986,4412,646,2239,0.15,0.51,0.01,4,1,1,2,4,1
"G83633","Conway Pms",1,24,24,19,23,9,9,1,0.83,1,5845,5752,563,2592,0.1,0.45,0,4,2,1,1,1,1
"G84018","Cornerways Surgery",0.99,92,92,50,65,77,82,1,0.77,0.94,32392,7749,1910,3918,0.25,0.51,0.01,1,3,3,5,4,1
"G83642","Crayford Town Surgery",0.57,76,81,54,78,19,25,0.94,0.69,0.76,6946,10339,1017,5272,0.1,0.51,0.01,4,4,2,1,4,1
"G84630","Crescent Surgery",0.99,26,26,24,28,9,9,1,0.86,1,13760,2965,456,1489,0.15,0.5,0.01,3,1,2,2,3,1
"G85736","Deptford Medical Centre",0.98,37,40,24,38,9,11,0.92,0.63,0.82,8677,4316,367,1940,0.09,0.45,0.01,4,1,2,1,1,1
"G85711","Deptford Surgery",0.98,24,24,36,45,4,4,1,0.8,1,8677,12158,411,6246,0.03,0.51,0,4,4,1,1,5,1
"G84005","Derry Downs Surgery",0.99,72,73,65,77,32,35,0.99,0.84,0.91,21838,5123,981,2609,0.19,0.51,0.01,2,1,4,3,4,1
"G85031","Dmc Chadwick Road",0.99,44,45,58,70,17,22,0.98,0.83,0.77,14902,6867,725,3410,0.11,0.5,0.01,3,2,1,1,2,1
"G85708","Dr Curran & Partners",0.98,42,44,48,67,21,22,0.95,0.72,0.95,10771,10737,799,5335,0.07,0.5,0,3,4,1,1,2,1
"G83033","Dr Davies & Partner",0.92,91,91,66,81,37,41,1,0.81,0.9,32315,5551,1345,2780,0.24,0.5,0.02,1,2,4,4,3,1
"G84002","Dysart Surgery",1,83,84,83,101,51,55,0.99,0.82,0.93,17179,13183,1852,6765,0.14,0.51,0.01,2,4,1,2,5,1
"G85721","East Street Surgery",0.96,33,34,49,54,11,11,0.97,0.91,1,6921,6824,614,3087,0.09,0.45,0,4,2,1,1,1,1
"G84011","Eden Park Surgery",1,94,96,88,106,36,40,0.98,0.83,0.9,27389,8434,1479,4282,0.18,0.51,0.01,1,3,3,3,4,1
"G85724","Edith Cavell Practice",1,73,74,74,96,30,30,0.99,0.77,1,14924,20482,1096,10289,0.05,0.5,0,3,5,1,1,3,1
"G84027","Elm House Surgery",0.87,132,147,109,156,86,103,0.9,0.7,0.83,31610,20804,3201,10851,0.15,0.52,0.01,1,5,1,2,5,1
"G85051","Elm Lodge Surgery",1,60,61,62,69,36,41,0.98,0.9,0.88,23404,9091,1365,4648,0.15,0.51,0.01,1,3,1,2,4,1
"G83673","Elmstead Medical Clinic",1,58,58,46,58,20,20,1,0.79,1,15294,6324,672,3093,0.11,0.49,0.01,3,2,2,1,2,1
"G83680","Eltham Medical Practice",1,221,221,197,241,102,110,1,0.82,0.93,14430,25998,4281,13358,0.16,0.51,0.01,3,5,2,3,5,1
"G83015","Eltham Palace Pms",1,82,82,62,83,35,42,1,0.75,0.83,14430,7824,1071,3991,0.14,0.51,0.01,3,3,2,2,4,1
"G83027","Everest Health Partnership",0.91,120,129,107,117,46,49,0.93,0.91,0.94,9166,19875,2617,10199,0.13,0.51,0.01,4,5,1,2,5,1
"G83044","Fairfield Pms",1,104,107,109,139,26,28,0.97,0.78,0.93,8323,12739,1333,6440,0.1,0.51,0.01,4,4,2,1,3,1
"G85029","Falmouth Road Group Practice",1,72,73,78,87,14,15,0.99,0.9,0.93,25763,17106,843,8329,0.05,0.49,0,1,5,1,1,2,1
"G84009","Family Surgery",1,64,64,35,42,37,41,1,0.83,0.9,29766,4239,1004,2055,0.24,0.48,0.02,1,1,4,4,1,1
"G85001","Forest Hill Group Practice",1,77,77,65,77,38,41,1,0.84,0.93,23708,10385,1588,5286,0.15,0.51,0.01,1,4,2,2,4,1
"G84030","Forge Close Surgery",0.88,66,68,59,73,38,39,0.97,0.81,0.97,33310,6657,1344,3341,0.2,0.5,0.01,1,2,2,4,3,1
"G83012","Gallions Reach Health Centre",1,104,105,142,190,34,38,0.99,0.75,0.89,8905,15794,1594,7682,0.1,0.49,0.01,4,5,1,1,2,1
"G84041","Gillmans Road Surgery",1,19,19,20,27,5,6,1,0.74,0.83,26783,4235,406,2063,0.1,0.49,0,1,1,1,1,2,1
"G83060","Glyndon Pms",1,28,28,45,53,7,7,1,0.85,1,5902,7555,799,3594,0.11,0.48,0,4,2,1,1,1,1
"G85674","Grafton Square Surgery",1,24,24,24,29,8,9,1,0.83,0.89,25105,6836,379,3338,0.06,0.49,0,1,2,1,1,2,1
"G85102","Gray's Inn Medical Group Vauxhall",0.95,38,44,38,50,16,17,0.86,0.76,0.94,8410,9495,489,4749,0.05,0.5,0,4,3,1,1,3,1
"G84627","Green Street Green Med Ct",1,71,76,57,68,38,42,0.93,0.84,0.9,29766,7090,1690,3606,0.24,0.51,0.01,1,2,3,4,4,1
"Y03755","Greenwich Peninsula",0.95,85,86,76,106,83,90,0.99,0.72,0.92,11753,13930,1177,7288,0.08,0.52,0.01,3,4,1,1,5,1
"G85085","Grove Medical Centre",0.89,36,36,41,65,15,16,1,0.63,0.94,25812,12948,726,6361,0.06,0.49,0,1,4,1,1,2,1
"G85016","Herne Hill Group Practice",1,103,103,112,135,40,47,1,0.83,0.85,21436,15187,1753,7548,0.12,0.5,0.01,2,5,1,2,2,1
"G85690","Herne Hill Road Medical Practice",0.91,37,37,38,56,9,11,1,0.68,0.82,11619,7232,514,3577,0.07,0.49,0.01,3,2,1,1,2,1
"Y03063","Hetherington At The Pavilion",1,30,30,47,56,15,16,1,0.84,0.94,8374,8187,571,3728,0.07,0.46,0,4,3,1,1,1,1
"G85045","Hetherington Group Practice",1,65,66,68,89,28,31,0.98,0.76,0.9,7675,8065,985,3931,0.12,0.49,0.01,4,3,2,2,2,1
"G84604","Highland Road Surgery",1,33,33,36,47,15,16,1,0.77,0.94,20102,8472,1118,4148,0.13,0.49,0,2,3,1,2,2,1
"G85053","Hurley And Riverside Practices",1,100,102,121,145,26,29,0.98,0.83,0.9,6954,23341,1824,10899,0.08,0.47,0,4,5,1,1,1,1
"G85104","Ico Health Group",0.86,72,73,73,91,37,39,0.99,0.8,0.95,6560,10022,1515,5022,0.15,0.5,0.01,4,3,2,2,3,1
"G83024","Ingleton Avenue Surgery",1,37,38,28,33,18,20,0.97,0.85,0.9,22823,4825,896,2427,0.19,0.5,0.01,2,1,2,3,3,1
"G85020","Kingfisher Medical Centre",0.95,51,52,62,80,17,19,0.98,0.78,0.89,5601,16301,1080,7788,0.07,0.48,0,4,5,1,1,1,1
"G85047","Knights Hill Surgery Suite 1",0.98,62,62,65,79,31,36,1,0.82,0.86,8291,11743,819,5948,0.07,0.51,0.01,4,4,1,1,4,1
"G84032","Knoll Medical Practice",0.82,163,186,112,149,89,116,0.88,0.75,0.77,21252,14125,3002,7407,0.21,0.52,0.01,2,5,3,4,5,1
"G83018","Lakeside Medical",1,131,137,110,198,44,52,0.96,0.56,0.85,4590,19120,1840,9771,0.1,0.51,0.01,4,5,1,1,4,1
"Y07020","Lambeth Healthcare Practice",1,58,59,62,74,50,51,0.98,0.84,0.98,11103,520,411,268,0.79,0.52,0.11,3,1,5,5,5,1
"G85054","Lambeth Walk Group Practice",1,86,88,83,104,36,41,0.98,0.8,0.88,11103,8127,1213,3946,0.15,0.49,0.01,3,3,3,2,2,1
"G85046","Lee Road Surgery",1,97,99,43,52,74,78,0.98,0.83,0.95,25828,12387,1818,6446,0.15,0.52,0.01,1,4,2,2,5,1
"G85023","Lewisham Medical Centre",0.84,64,64,67,89,19,21,1,0.75,0.9,19957,14775,1128,7336,0.08,0.5,0,2,5,1,1,2,1
"G84003","Links Medical Practice",1,85,86,103,124,28,29,0.99,0.83,0.97,10763,11795,1604,5941,0.14,0.5,0.01,3,4,2,2,3,1
"G84016","London Lane Clinic",1,106,111,79,99,49,56,0.95,0.8,0.88,17645,13511,2591,6800,0.19,0.5,0.01,2,4,2,3,3,1
"G83049","Lyndhurst Road Medical Centre",1,196,200,110,133,107,119,0.98,0.83,0.9,29019,12304,2465,6393,0.2,0.52,0.02,1,4,4,3,5,1
"G83001","Manor Brook Pms",1,116,118,98,123,66,71,0.98,0.8,0.93,13179,12479,2026,6544,0.16,0.52,0.01,3,4,2,3,5,1
"G84008","Manor Road Surgery",0.99,52,52,39,51,21,23,1,0.76,0.91,31735,6232,1134,3158,0.18,0.51,0.01,1,2,2,3,4,1
"G85130","Mawbey Group Practice",1,74,74,70,90,25,26,1,0.78,0.96,9455,10909,997,5054,0.09,0.46,0.01,4,4,1,1,1,1
"G85135","Minet Green Health Practice",1,60,60,95,117,17,17,1,0.81,1,11103,11773,1290,5913,0.11,0.5,0.01,3,4,1,1,3,1
"G85004","Modality Lewisham (Ml)",1,324,333,302,410,139,159,0.97,0.74,0.87,6685,35512,5077,18157,0.14,0.51,0.01,4,5,2,2,4,1
"G85076","New Cross Centre (Hurley Group)",1,40,41,56,73,7,8,0.98,0.77,0.88,4986,9827,763,4689,0.08,0.48,0,4,3,1,1,1,1
"G83628","New Eltham And Blackfen Medical Centre",0.7,57,67,47,70,34,41,0.85,0.67,0.83,24571,10671,1363,5347,0.13,0.5,0.01,1,4,1,2,3,1
"G85034","Nexus Health Group",1,633,638,625,703,170,183,0.99,0.89,0.93,4977,75271,7433,36253,0.1,0.48,0.01,4,5,2,1,1,1
"G85727","Nightingale Surgery",0.99,27,27,25,32,16,16,1,0.78,1,21330,6939,641,3571,0.09,0.51,0,2,2,1,1,5,1
"G84039","Norheads Lane Surgery",1,28,29,26,32,13,13,0.97,0.81,1,28870,3812,655,1912,0.17,0.5,0.01,1,1,2,3,3,1
"G85022","North Wood Group Practice",1,102,105,109,142,45,48,0.97,0.77,0.94,6651,15750,2024,7963,0.13,0.51,0.01,4,5,1,2,4,1
"G83010","Northumberland Heath Med.Ctr.",0.93,138,162,112,185,53,66,0.85,0.61,0.8,22707,14446,2367,7281,0.16,0.5,0.01,2,5,3,3,3,1
"G85633","Novum Health Partnership",0.72,129,133,150,195,51,59,0.97,0.77,0.86,11297,21209,2214,10534,0.1,0.5,0.01,3,5,1,1,2,1
"G84625","Oakfield Surgery",1,33,34,43,54,9,10,0.97,0.8,0.9,9701,7495,448,3813,0.06,0.51,0,4,2,1,1,4,1
"G85716","Oakview Family Practice",1,38,39,45,51,18,19,0.97,0.88,0.95,7347,6402,510,3328,0.08,0.52,0.01,4,2,1,1,5,1
"G85052","Old Kent Road Surgery",1,35,36,55,66,6,6,0.97,0.83,1,6709,10561,638,4854,0.06,0.46,0,4,4,1,1,1,1
"G85041","Palace Road Surgery",0.86,53,56,66,88,19,21,0.95,0.75,0.9,8038,8093,991,3993,0.12,0.49,0.01,4,3,1,2,2,1
"G85125","Park Medical Centre",0.97,62,62,55,66,17,18,1,0.83,0.94,15005,6314,745,3205,0.12,0.51,0.01,3,2,2,2,4,1
"G85030","Parkside Medical Centre",1,28,28,30,38,9,10,1,0.79,0.9,8292,6270,628,2904,0.1,0.46,0,4,2,1,1,1,1
"G85121","Parkview Surgery",1,47,48,67,82,32,33,0.98,0.82,0.97,11124,9923,755,5081,0.08,0.51,0,3,3,1,1,4,1
"G85039","Paxton Green Group Practice",1,151,155,133,165,80,84,0.97,0.81,0.95,21980,19295,2460,9961,0.13,0.52,0.01,2,5,2,2,5,1
"G85084","Penrose Surgery",1,74,76,81,101,19,20,0.97,0.8,0.95,8354,15952,914,8025,0.06,0.5,0,4,5,1,1,3,1
"G84033","Pickhurst Surgery",1,49,49,41,49,39,44,1,0.84,0.89,33310,8698,1600,4310,0.18,0.5,0.01,1,3,1,3,2,1
"G83029","Plas Meddyg Surgery",1,65,66,46,52,52,59,0.98,0.88,0.88,32719,7331,1553,3821,0.21,0.52,0.01,1,2,2,4,5,1
"G83641","Plumbridge Medical Centre",1,16,16,23,27,7,7,1,0.85,1,17506,3396,302,1604,0.09,0.47,0,2,1,1,1,1,1
"G83647","Plumstead And Wickham Lane Surgery",0.9,60,60,76,88,19,21,1,0.86,0.9,5845,7974,773,3926,0.1,0.49,0.01,4,3,2,1,2,1
"G83019","Plumstead H/C Pms",0.99,145,147,140,163,58,60,0.99,0.86,0.97,7377,15730,2511,8008,0.16,0.51,0.01,4,5,2,2,4,1
"G84007","Poverest Medical Centre",1,90,90,65,86,40,43,1,0.76,0.93,15756,8182,1419,4161,0.17,0.51,0.01,3,3,3,3,4,1
"G85021","Prentis Medical Centre",1,40,41,44,54,20,20,0.98,0.81,1,10345,4726,672,2143,0.14,0.45,0.01,3,1,2,2,1,1
"G83058","Primecare PMS (South Street)",1,58,58,57,71,17,18,1,0.8,0.94,18442,11236,874,5742,0.08,0.51,0.01,2,4,1,1,4,1
"Y06113","Qhs Gp Care Home Service",1,64,65,45,48,68,70,0.98,0.94,0.97,13004,459,431,277,0.94,0.6,0.14,3,1,5,5,5,1
"G83630","Riverside Surgery",1,102,102,104,128,24,26,1,0.81,0.92,5964,12571,1397,6299,0.11,0.5,0.01,4,4,2,1,3,1
"G84029","Robin Hood Surgery",0.99,23,24,27,38,11,14,0.96,0.71,0.79,15477,3818,726,1826,0.19,0.48,0.01,3,1,1,3,1,1
"G83016","Royal Arsenal Medical Centre",1,50,50,73,90,16,18,1,0.81,0.89,19982,11502,971,5600,0.08,0.49,0,2,4,1,1,2,1
"G85083","Sandmere Practice",1,79,79,66,88,25,27,1,0.75,0.93,13788,12650,1174,5981,0.09,0.47,0.01,3,4,1,1,1,1
"G83066","Sidcup Medical Centre",1,277,284,148,197,175,196,0.98,0.75,0.89,20044,20644,4017,10673,0.19,0.52,0.01,2,5,4,3,5,1
"G85087","Silverlock Medical Centre",1,60,61,66,75,15,17,0.98,0.88,0.88,10544,16696,896,8404,0.05,0.5,0,3,5,1,1,3,1
"G83062","Slade Green Medical Ctr.",0.93,59,59,70,94,4,6,1,0.74,0.67,8202,11582,899,6039,0.08,0.52,0.01,4,4,1,1,5,1
"G84001","South View Partnership",1,115,117,91,111,65,75,0.98,0.82,0.87,22303,13574,2315,7001,0.17,0.52,0.01,2,4,2,3,5,1
"G84023","Southborough Lane Surgery",1,122,123,97,113,70,73,0.99,0.86,0.96,23153,10019,1964,5122,0.2,0.51,0.01,2,3,3,3,4,1
"G85673","Springfield Medical Centre",0.96,22,24,36,46,7,7,0.92,0.78,1,10967,7039,449,3394,0.06,0.48,0,3,2,1,1,1,1
"G85042","St Giles Surgery",1,32,32,39,40,14,15,1,0.98,0.93,11515,6813,585,3670,0.09,0.54,0,3,2,1,1,5,1
"G84028","St James' Practice",1,78,79,58,70,37,40,0.99,0.83,0.92,27389,7173,1359,3743,0.19,0.52,0.01,1,2,3,3,5,1
"G83039","St Marks Pms",1,64,64,68,77,19,20,1,0.88,0.95,5250,10110,1043,5097,0.1,0.5,0.01,4,3,1,1,3,1
"G84013","St Mary Cray Practice",1,50,51,39,50,17,17,0.98,0.78,1,10164,4351,579,2233,0.13,0.51,0.01,3,1,3,2,5,1
"G83047","Station Road Surgery",1,103,105,67,82,59,64,0.98,0.82,0.92,22602,10068,1976,5282,0.2,0.52,0.01,2,3,2,3,5,1
"G84015","Station Road Surgery",0.9,120,133,98,126,79,90,0.9,0.78,0.88,23437,10684,2724,5377,0.25,0.5,0.01,1,4,3,5,3,1
"G85119","Sternhall Lane Surgery",1,29,29,34,40,18,18,1,0.85,1,13430,6245,597,3058,0.1,0.49,0,3,2,1,1,2,1
"G84004","Stock Hill Surgery",0.89,140,142,104,120,84,91,0.99,0.87,0.92,18371,9593,2708,4852,0.28,0.51,0.01,2,3,4,5,4,1
"G85028","Stockwell Group Practice",1,91,94,98,118,45,51,0.97,0.83,0.88,10144,12848,1578,6449,0.12,0.5,0.01,3,4,2,2,3,1
"G85014","Streatham Common Practice",1,79,80,55,73,33,36,0.99,0.75,0.92,12665,11709,1473,5808,0.13,0.5,0.01,3,4,1,2,2,1
"G85002","Streatham High Practice",1,52,53,79,92,18,20,0.98,0.86,0.9,19440,24490,1043,12083,0.04,0.49,0,2,5,1,1,2,1
"G84006","Summercroft Surgery",1,116,118,91,112,74,80,0.98,0.81,0.92,32019,9693,2481,5020,0.26,0.52,0.01,1,3,3,5,5,1
"G84629","Sundridge Medical Centre",1,36,38,44,54,27,28,0.95,0.81,0.96,17645,6555,831,3331,0.13,0.51,0.01,2,2,1,2,4,1
"G85024","Sydenham Green Group Practice",0.79,120,121,82,170,44,62,0.99,0.48,0.71,10458,15026,2143,7601,0.14,0.51,0.01,3,5,2,2,4,1
"G85132","Tessa Jowell Gp Surgery",1,47,49,44,63,14,17,0.96,0.7,0.82,17183,15550,1201,8115,0.08,0.52,0,2,5,1,1,5,1
"G85006","The Acorn & Gaumont House Surgery",0.88,47,53,55,62,20,22,0.89,0.89,0.91,6846,9181,997,4336,0.11,0.47,0.01,4,3,1,1,1,1
"G83006","The Albion Surgery",1,193,195,136,165,102,116,0.99,0.82,0.88,20111,15840,3106,8197,0.2,0.52,0.01,2,5,3,3,5,1
"G84010","The Chislehurst Partnership",1,299,307,216,269,164,183,0.97,0.8,0.9,25469,24070,4750,12517,0.2,0.52,0.01,1,5,3,3,5,1
"G85127","The Corner Surgery",1,25,25,34,43,9,9,1,0.79,1,16247,6538,461,3118,0.07,0.48,0,2,2,1,1,1,1
"G85129","The Deerbrook Surgery",1,36,36,32,35,21,21,1,0.91,1,12826,7295,478,3766,0.07,0.52,0,3,2,1,1,5,1
"G85651","The Dulwich Medical Centre",1,50,53,50,57,16,18,0.94,0.88,0.89,17201,6971,682,3385,0.1,0.49,0.01,2,2,2,1,2,1
"G85647","The Exchange Surgery",1,53,53,41,50,20,21,1,0.82,0.95,19440,7483,685,3773,0.09,0.5,0.01,2,2,1,1,3,1
"G85644","The Gardens Surgery",1,30,30,52,57,16,16,1,0.91,1,20078,6378,728,3392,0.11,0.53,0,2,2,1,1,5,1
"Y00020","The Grantham Centre Practice",0.96,41,44,43,53,8,9,0.93,0.81,0.89,6084,8739,753,4085,0.09,0.47,0.01,4,3,1,1,1,1
"G85038","The Lewisham Care Partnership",1,273,279,312,417,138,155,0.98,0.75,0.89,11972,52631,5609,26760,0.11,0.51,0.01,3,5,1,1,4,1
"G85715","The Lister Practice",1,73,75,78,86,19,19,0.97,0.91,1,9089,11259,897,5560,0.08,0.49,0.01,4,4,1,1,2,1
"G85134","The Lister Primary Care Centre",1,22,22,48,53,9,9,1,0.91,1,9089,8682,753,4127,0.09,0.48,0,4,3,1,1,1,1
"G85681","The Lordship Lane Surgery",0.86,15,17,21,27,3,6,0.88,0.78,0.5,18542,5057,526,2399,0.1,0.47,0,2,1,1,1,1,1
"G85705","The New Mill Street Surgery",1,31,31,36,40,13,13,1,0.9,1,32137,7373,533,3556,0.07,0.48,0,1,2,1,1,1,1
"G85685","The Nunhead Surgery",1,56,56,78,85,16,18,1,0.92,0.89,7151,9243,1074,4790,0.12,0.52,0.01,4,3,1,2,5,1
"G85706","The Old Dairy Health Centre",1,31,31,28,38,27,29,1,0.74,0.93,15045,6035,760,2949,0.13,0.49,0.01,3,2,1,2,2,1
"G84025","The Park Practice",0.98,49,52,60,77,10,10,0.94,0.78,1,9701,9153,894,4692,0.1,0.51,0.01,4,3,1,1,5,1
"G85015","The Qrp Surgery",0.83,68,70,93,112,31,35,0.97,0.83,0.89,6045,9170,1178,4464,0.13,0.49,0.01,4,3,2,2,2,1
"G85086","The South Lambeth Rd Practice",1,42,42,44,52,25,26,1,0.85,0.96,10947,10280,786,5099,0.08,0.5,0,3,4,1,1,2,1
"G85662","The Streatham Hill Group Practice",1,36,37,32,37,19,20,0.97,0.86,0.95,19440,7555,953,3631,0.13,0.48,0,2,2,1,2,1,1
"G85091","The Three Zero Six Medical Centre",1,26,26,29,33,9,9,1,0.88,1,23550,6850,478,3536,0.07,0.52,0,1,2,1,1,5,1
"G85096","The Vale Surgery",1,53,54,60,70,19,21,0.98,0.86,0.9,10595,11007,1082,4838,0.1,0.44,0,3,4,1,1,1,1
"G85632","The Villa Street Medical Centre",1,37,37,48,57,9,9,1,0.84,1,6921,9373,617,4658,0.07,0.5,0,4,3,1,1,2,1
"G83002","The Westwood Surgery",1,100,103,84,89,68,69,0.97,0.94,0.99,17293,9774,1671,4885,0.17,0.5,0.01,2,3,2,3,3,1
"G85032","Torridon Road Medical Practice",0.82,66,77,79,106,39,42,0.86,0.75,0.93,17864,11877,1636,5932,0.14,0.5,0.01,2,4,1,2,3,1
"G85019","Trafalgar Surgery",0.79,18,18,30,33,7,7,1,0.91,1,10086,3673,343,1785,0.09,0.49,0,3,1,1,1,2,1
"G85120","Triangle Group Practice",1,43,44,62,73,18,18,0.98,0.85,1,6579,6622,856,3351,0.13,0.51,0.01,4,2,1,2,4,1
"G83026","Triveni Pms",1,58,58,67,87,9,10,1,0.77,0.9,8186,8329,649,4015,0.08,0.48,0.01,4,3,1,1,1,1
"G84035","Tudor Way Surgery",1,52,52,37,50,34,37,1,0.74,0.92,33741,8418,1519,4329,0.18,0.51,0.01,1,3,1,3,5,1
"G85696","Vale Medical Centre",0.88,50,50,65,88,22,25,1,0.74,0.88,17414,16799,1094,8681,0.07,0.52,0,2,5,1,1,5,1
"G83067","Valentine Health Partnership",1,171,186,205,267,24,29,0.92,0.77,0.83,8186,32186,2224,15855,0.07,0.49,0.01,4,5,1,1,2,1
"G85044","Valley Road Surgery",1,42,42,37,49,18,19,1,0.76,0.95,11643,5701,755,2854,0.13,0.5,0.01,3,2,2,2,3,1
"G83021","Vanbrugh Group Practice",1,85,85,86,104,41,44,1,0.83,0.93,19799,18569,1604,9629,0.09,0.52,0,2,5,1,1,5,1
"G85073","Vassall Medical Centre",1,49,49,66,82,24,27,1,0.8,0.89,6766,7667,715,3464,0.09,0.45,0.01,4,3,1,1,1,1
"G85105","Vesta Road Surgery",0.96,34,35,49,60,13,13,0.97,0.82,1,14224,6639,508,3336,0.08,0.5,0.01,3,2,1,1,3,1
"G85136","Waterloo Health Centre",0.92,57,57,59,68,22,24,1,0.87,0.92,17105,14794,1056,7315,0.07,0.49,0,2,5,1,1,2,1
"G83635","Waverley Pms",0.9,28,28,31,42,7,9,1,0.74,0.78,8574,4428,703,2151,0.16,0.49,0.01,4,1,1,2,2,1
"G83025","Welling Medical Practice",0.96,142,155,101,123,66,72,0.92,0.82,0.92,30147,11276,2382,5706,0.21,0.51,0.01,1,4,4,4,4,1
"G85114","Wells Park Practice",1,89,89,90,103,43,49,1,0.87,0.88,13040,12993,1365,6703,0.11,0.52,0.01,3,4,1,1,5,1
"G84621","Whitehouse Surgery",0.84,26,26,14,15,13,15,1,0.93,0.87,32724,4236,642,2153,0.15,0.51,0.01,1,1,1,2,4,1
"G84607","Wickham Park Surgery",0.93,61,63,43,52,41,42,0.97,0.83,0.98,33304,5608,1147,3018,0.2,0.54,0.01,1,2,3,4,5,1
"G85722","Woodlands Health Centre",1,47,48,68,82,18,20,0.98,0.83,0.9,15034,10963,696,5636,0.06,0.51,0,3,4,1,1,5,1
"G83057","Woodlands Surgery",1,141,142,117,140,70,79,0.99,0.84,0.89,20993,11572,2331,5960,0.2,0.52,0.01,2,4,3,4,5,1
"G83651","Woodlands Surgery",1,37,38,34,39,18,18,0.97,0.87,1,19236,5951,700,2898,0.12,0.49,0.01,2,2,1,2,2,1
"G85061","Woolstone Medical Centre",0.9,65,67,55,67,33,34,0.97,0.82,0.97,18083,9569,1101,5019,0.12,0.52,0.01,2,3,1,2,5,1
"K83032","Abbey House Medical Practice",1,311,312,193,215,117,125,1,0.9,0.94,7342,22476,3848,11103,0.17,0.49,0.01,4,5,4,3,2,1
"K83047","Abbey Medical Practice",1,317,320,235,289,115,128,0.99,0.81,0.9,20130,27251,4399,13811,0.16,0.51,0.01,2,5,3,3,4,1
"K83043","Abington Medical Centre",1,152,153,123,160,69,75,0.99,0.77,0.92,22666,14717,2396,7319,0.16,0.5,0.01,2,5,2,3,2,1
"K83029","Abington Park Surgery",1,151,151,111,136,55,59,1,0.82,0.93,20492,12760,2317,6118,0.18,0.48,0.01,2,4,3,3,1,1
"K83026","Albany House Medical Centre",0.95,193,197,156,201,80,90,0.98,0.78,0.89,2679,20454,2882,9806,0.14,0.48,0.01,5,5,2,2,1,1
"K83614","Aspiro Healthcare Studfall Med Centre",1,113,113,92,111,37,42,1,0.83,0.88,10248,8476,1510,4305,0.18,0.51,0.01,3,3,3,3,4,1
"K83049","Brackley Medical Centre",1,157,158,109,131,83,88,0.99,0.83,0.94,33201,16119,3168,8042,0.2,0.5,0.01,1,5,2,3,3,1
"K83048","Brook Medical Centre",0.89,57,57,53,65,18,19,1,0.82,0.95,17425,5986,1114,2942,0.19,0.49,0.01,2,2,2,3,2,1
"K83070","Bugbrooke Medical Practice",1,131,134,92,116,67,74,0.98,0.79,0.91,20716,10777,2081,5326,0.19,0.49,0.01,2,4,3,3,2,1
"K83031","Byfield Medical Centre",1,75,75,78,94,38,42,1,0.83,0.9,23288,8255,1862,4117,0.23,0.5,0.01,2,3,2,4,3,1
"K83056","County Surgery",1,29,29,23,27,12,13,1,0.85,0.92,13130,4424,618,2003,0.14,0.45,0.01,3,1,1,2,1,1
"K83053","Crick Medical Practice",1,79,80,58,67,44,49,0.99,0.87,0.9,24336,6257,1452,3020,0.23,0.48,0.01,1,2,3,4,1,1
"K83610","Danes Camp Medical Centre",0.95,78,84,56,74,28,31,0.93,0.76,0.9,32374,10609,1489,5388,0.14,0.51,0.01,1,4,2,2,4,1
"K83015","Danetre Medical Practice",1,156,156,114,150,76,85,1,0.76,0.89,24171,12592,2749,6271,0.22,0.5,0.01,1,4,3,4,2,1
"K83068","Denton Village Surgery",1,114,115,64,76,44,51,0.99,0.84,0.86,23318,6276,1640,3171,0.26,0.51,0.02,2,2,5,5,3,1
"K83618","Dr Abbas",1,82,82,69,83,23,24,1,0.83,0.96,5575,12577,1257,6182,0.1,0.49,0.01,4,4,1,1,2,1
"Y00399","Dr Pasquali",1,52,53,43,52,30,33,0.98,0.83,0.91,10050,4048,929,1972,0.23,0.49,0.01,3,1,3,4,2,1
"K83037","Dr Spencer & Partners",1,180,181,141,163,67,72,0.99,0.87,0.93,27339,14007,2734,7046,0.2,0.5,0.01,1,5,3,3,3,1
"K83039","Dryland Medical Centre",0.91,235,240,108,162,105,118,0.98,0.67,0.89,5069,12043,2613,5976,0.22,0.5,0.02,4,4,5,4,2,1
"K83601","Earls Barton Medical Centre",0.65,77,93,68,97,24,37,0.83,0.7,0.65,27006,8566,1687,4222,0.2,0.49,0.01,1,3,3,3,2,1
"K83010","Eleanor Cross Healthcare",1,197,199,144,180,79,89,0.99,0.8,0.89,4867,19581,2675,9917,0.14,0.51,0.01,4,5,2,2,4,1
"K83013","Eskdaill Medical",1,248,248,137,167,74,81,1,0.82,0.91,8556,15121,2340,7575,0.15,0.5,0.02,4,5,4,2,3,1
"K83622","Great Oakley Medical Centre",1,145,149,153,180,36,39,0.97,0.85,0.92,27267,15448,1871,7784,0.12,0.5,0.01,1,5,2,2,3,1
"K83066","Greens Norton & Weedon Medical Practice",1,217,222,157,182,112,125,0.98,0.86,0.9,25429,14733,3837,7413,0.26,0.5,0.02,1,5,4,5,3,1
"K83077","Greenview Surgery",0.92,97,98,65,77,58,62,0.99,0.84,0.94,25262,9544,1705,4910,0.18,0.51,0.01,1,3,2,3,5,1
"K83007","Harborough Field Surgery",0.98,167,171,157,193,84,92,0.98,0.81,0.91,9494,13777,2647,7022,0.19,0.51,0.01,4,4,3,3,4,1
"K83006","Headlands Surgery",1,114,116,90,102,48,51,0.98,0.88,0.94,15350,9603,1727,4737,0.18,0.49,0.01,3,3,3,3,2,1
"K83080","Higham Ferrers Surgery",1,62,63,45,58,31,34,0.98,0.78,0.91,16043,5624,1066,2852,0.19,0.51,0.01,2,2,3,3,4,1
"K83012","King Edward Road Surgery",1,159,159,95,112,89,95,1,0.85,0.94,20492,12018,2103,6010,0.17,0.5,0.01,2,4,3,3,3,1
"K83035","Kingsthorpe Medical Ctr.",1,59,59,49,56,25,26,1,0.88,0.96,5017,7022,1084,3437,0.15,0.49,0.01,4,2,2,2,2,1
"K83002","Lakeside Healthcare",1,618,627,466,560,201,221,0.99,0.83,0.91,5372,46415,7135,22518,0.15,0.49,0.01,4,5,3,2,1,1
"K83027","Langham Place Surgery",1,109,111,72,89,48,52,0.98,0.81,0.92,10714,10423,1361,5037,0.13,0.48,0.01,3,4,3,2,1,1
"K83014","Leicester Tce Healthcare Ctr",1,161,164,138,168,76,79,0.98,0.82,0.96,2088,18372,2500,8805,0.14,0.48,0.01,5,5,2,2,1,1
"K83036","Linden Medical Group",1,234,239,152,182,75,84,0.98,0.84,0.89,9324,17085,2836,8647,0.17,0.51,0.01,4,5,4,3,4,1
"K83621","Maple Access Partnership Llp",1,61,61,58,72,16,17,1,0.81,0.94,10350,15089,504,6836,0.03,0.45,0,3,5,1,1,1,1
"K83069","Marshalls Road Surgery",1,45,46,45,55,19,21,0.98,0.82,0.9,9822,3074,680,1536,0.22,0.5,0.01,3,1,4,4,3,1
"K83076","Mayfield Surgery",1,63,64,53,66,20,22,0.98,0.8,0.91,5575,8978,1125,4375,0.13,0.49,0.01,4,3,1,2,2,1
"K83009","Moulton Surgery",1,150,155,98,129,68,71,0.97,0.76,0.96,28107,14239,2339,7368,0.16,0.52,0.01,1,5,3,3,5,1
"K83065","Nene Valley Surgery",1,83,83,66,78,44,47,1,0.85,0.94,17571,7081,1617,3573,0.23,0.5,0.01,2,2,3,4,3,1
"K83023","Oundle",0.99,191,194,92,105,101,109,0.98,0.88,0.93,29166,10586,2792,5344,0.26,0.5,0.02,1,4,5,5,3,1
"K83042","Park Ave Med Cnt & Kings Heath Practice",1,171,171,136,162,75,75,1,0.84,1,10817,15447,2302,7717,0.15,0.5,0.01,3,5,3,2,3,1
"K83044","Parklands Medical Centre",0.91,162,164,80,153,55,89,0.99,0.52,0.62,30158,13406,3025,6815,0.23,0.51,0.01,1,4,3,4,4,1
"K83003","Queensview Medical Centre",0.9,106,119,87,114,44,52,0.89,0.76,0.85,12755,9696,1674,4778,0.17,0.49,0.01,3,3,3,3,2,1
"K83005","Queensway Medical Centre",1,142,146,136,179,67,72,0.97,0.76,0.93,9228,14645,2127,7340,0.15,0.5,0.01,4,5,2,2,3,1
"K83020","Rillwood Medical Centre",0.86,26,28,20,39,5,5,0.93,0.51,1,5790,4105,400,2010,0.1,0.49,0.01,4,1,1,1,2,1
"K83021","Rothwell Medical Centre",1,340,342,242,283,98,109,0.99,0.86,0.9,16215,21530,4625,10965,0.21,0.51,0.02,2,5,4,4,4,1
"K83024","Rushden Medical Centre",0.82,113,116,91,104,40,44,0.97,0.88,0.91,18767,9692,1806,4798,0.19,0.5,0.01,2,3,3,3,2,1
"K83028","Spinney Brook Medical Centre",1,152,155,128,151,74,80,0.98,0.85,0.92,6778,11516,2392,5891,0.21,0.51,0.01,4,4,3,4,4,1
"K83018","Springfield Surgery",1,107,108,100,116,88,95,0.99,0.86,0.93,31443,12648,2444,6337,0.19,0.5,0.01,1,4,2,3,3,1
"K83041","St Lukes Primary Care Centre",1,275,276,182,222,142,156,1,0.82,0.91,26837,23575,4021,12017,0.17,0.51,0.01,1,5,3,3,4,1
"K83081","Summerlee Medical Centre",0.97,17,17,24,28,3,3,1,0.86,1,10168,1823,308,877,0.17,0.48,0.01,3,1,2,3,1,1
"K83620","The Brook Health Centre",0.99,105,115,89,105,49,55,0.91,0.85,0.89,17753,8984,1919,4394,0.21,0.49,0.01,2,3,3,4,2,1
"K83030","The Cottons Medical Centre",1,132,136,99,133,67,74,0.97,0.74,0.91,23516,9627,2190,4917,0.23,0.51,0.01,1,3,4,4,4,1
"K83050","The Crescent Medical Ctr.",1,34,34,41,52,17,17,1,0.79,1,8768,7101,748,3358,0.11,0.47,0,4,2,1,1,1,1
"K83019","The Long Buckby Practice",1,108,111,66,96,49,56,0.97,0.69,0.88,17527,6540,1657,3334,0.25,0.51,0.02,2,2,4,5,4,1
"K83616","The Meadows Surgery",1,91,91,69,82,28,30,1,0.84,0.93,17571,6109,1049,3059,0.17,0.5,0.01,2,2,4,3,3,1
"K83025","The Mounts Medical Centre",0.98,99,101,88,133,32,37,0.98,0.66,0.86,2088,17424,1653,8023,0.09,0.46,0.01,5,5,1,1,1,1
"K83052","The Parks Medical Practice",1,254,279,148,194,121,139,0.91,0.76,0.87,18473,22681,4135,11533,0.18,0.51,0.01,2,5,3,3,4,1
"K83008","The Pines Surgery",1,133,133,117,136,68,71,1,0.86,0.96,20433,10587,2219,5411,0.21,0.51,0.01,2,4,3,4,4,1
"K83011","The Redwell Medical Centre",0.96,160,164,106,157,65,75,0.98,0.68,0.87,27763,12302,2588,6151,0.21,0.5,0.01,1,4,3,4,3,1
"K83064","The Saxon Spires Practice",1,173,176,131,151,87,94,0.98,0.87,0.93,25982,16411,3667,8342,0.22,0.51,0.01,1,5,3,4,4,1
"K83022","Towcester Medical Centre",1,91,95,89,106,48,49,0.96,0.84,0.98,17753,11445,2038,5879,0.18,0.51,0.01,2,4,2,3,5,1
"K83051","Weavers Medical",1,346,352,260,310,118,137,0.98,0.84,0.86,8556,29004,4441,14450,0.15,0.5,0.01,4,5,3,2,2,1
"K83059","Woodsend Medical Centre",1,266,269,176,231,93,104,0.99,0.76,0.89,3980,22270,2939,11156,0.13,0.5,0.01,5,5,3,2,3,1
"K83040","Woodview Medical Centre",1,107,107,89,110,34,39,1,0.81,0.87,5575,10861,1701,5379,0.16,0.5,0.01,4,4,2,2,2,1
"K83055","Wootton Medical Centre",0.99,93,97,71,85,36,40,0.96,0.84,0.9,24405,7899,1243,4090,0.16,0.52,0.01,1,3,3,2,5,1
"A83644","Annfield Plain Surgery",1,83,85,53,60,25,29,0.98,0.88,0.86,5630,3581,775,1717,0.22,0.48,0.02,4,1,5,4,1,1
"A83021","Auckland Medical Group",1,333,340,251,303,117,132,0.98,0.83,0.89,5557,15904,3283,8065,0.21,0.51,0.02,4,5,5,4,4,1
"A83046","Barnard Castle Surgery",1,260,263,155,180,155,171,0.99,0.86,0.91,9847,10956,3347,5652,0.31,0.52,0.02,3,4,5,5,5,1
"A83014","Belmont & Sherburn Medical Group",1,109,109,91,107,49,54,1,0.85,0.91,29187,6269,1462,3066,0.23,0.49,0.02,1,2,5,4,2,1
"A83616","Bevan Medical Group",1,144,147,127,141,42,48,0.98,0.9,0.88,1552,8609,1620,4243,0.19,0.49,0.02,5,3,5,3,2,1
"A83037","Bewick Crescent Surgery",1,338,339,192,215,153,166,1,0.89,0.92,7315,13057,3285,6654,0.25,0.51,0.03,4,4,5,5,4,1
"A83025","Bishopgate Medical Centre",1,313,313,234,285,99,111,1,0.82,0.89,8570,13691,2865,6849,0.21,0.5,0.02,4,4,5,4,3,1
"A83052","Bishops Close Medical Practice",1,170,171,132,165,75,80,0.99,0.8,0.94,6186,8644,2126,4359,0.25,0.5,0.02,4,3,5,5,3,1
"A83007","Blackhall And Peterlee Practice",1,214,218,174,199,81,88,0.98,0.87,0.92,147,10244,2441,5203,0.24,0.51,0.02,5,4,5,4,4,1
"A83635","Bowburn Medical Centre",1,50,50,36,42,29,30,1,0.86,0.97,14325,4527,655,2276,0.14,0.5,0.01,3,1,3,2,3,1
"A83009","Bridge End Surgery",1,151,155,108,140,73,84,0.97,0.77,0.87,23524,7747,2000,3931,0.26,0.51,0.02,1,3,5,5,4,1
"A83617","Browney House Surgery",1,79,81,48,65,14,16,0.98,0.74,0.88,6146,2657,610,1346,0.23,0.51,0.03,4,1,5,4,4,1
"A83075","Byron Medical Practice",1,154,158,120,148,68,73,0.97,0.81,0.93,1922,8316,1837,4072,0.22,0.49,0.02,5,3,5,4,2,1
"A83038","Cedars Medical Group",1,116,118,57,62,46,51,0.98,0.92,0.9,11328,6184,1203,3221,0.19,0.52,0.02,3,2,5,3,5,1
"A83050","Cestria Health Centre",1,272,279,182,224,113,123,0.97,0.81,0.92,21591,12663,2846,6483,0.22,0.51,0.02,2,4,5,4,4,1
"A83036","Chastleton Medical Group",1,219,224,134,156,136,143,0.98,0.86,0.95,13124,10405,3197,5314,0.31,0.51,0.02,3,4,5,5,4,1
"A83055","Cheveley Park Medical Ctr",1,97,100,59,76,38,48,0.97,0.78,0.79,29187,5045,1369,2668,0.27,0.53,0.02,1,1,5,5,5,1
"A83011","Claypath & University Medical Group",1,215,216,154,171,124,139,1,0.9,0.89,28771,33088,3091,16290,0.09,0.49,0.01,1,5,1,1,2,1
"A83018","Consett Medical Centre",1,399,405,212,255,128,135,0.99,0.83,0.95,11734,16847,3952,8412,0.23,0.5,0.02,3,5,5,4,3,1
"A83027","Coxhoe Medical Practice",1,116,117,91,105,43,45,0.99,0.87,0.96,20444,7611,1406,3918,0.18,0.51,0.02,2,2,4,3,5,1
"A83073","Drs Lambert & Ng",1,167,168,83,100,48,53,0.99,0.83,0.91,5630,5284,1276,2693,0.24,0.51,0.03,4,1,5,4,4,1
"A83030","Dunelm Medical Practice",1,212,219,142,173,75,85,0.97,0.82,0.88,6075,14495,2526,7280,0.17,0.5,0.02,4,5,4,3,3,1
"A83057","East Durham Medical Group",1,328,333,227,278,124,142,0.98,0.82,0.87,4576,18284,3704,9120,0.2,0.5,0.02,4,5,5,4,3,1
"A83626","Evenwood Medical Practice",1,45,46,49,55,14,14,0.98,0.89,1,1741,2275,534,1124,0.23,0.49,0.02,5,1,5,4,2,1
"A83045","Ferryhill And Chilton Medical Practice",1,313,318,254,297,124,133,0.98,0.86,0.93,5542,14910,3330,7513,0.22,0.5,0.02,4,5,5,4,3,1
"A83061","Gainford Surgery",0.97,83,85,56,68,41,44,0.98,0.82,0.93,17531,3669,1080,1865,0.29,0.51,0.02,2,1,5,5,4,1
"A83029","Great Lumley Surgery",1,111,111,87,103,49,56,1,0.84,0.88,14092,5258,1326,2663,0.25,0.51,0.02,3,1,5,5,4,1
"A83008","Hallgarth Surgery",1,105,108,94,117,38,43,0.97,0.8,0.88,3228,5384,1135,2662,0.21,0.49,0.02,5,2,5,4,2,1
"A83066","Jubilee Medical Group",1,203,217,197,212,75,81,0.94,0.93,0.93,1795,12615,2241,6239,0.18,0.49,0.02,5,4,5,3,2,1
"A83072","Lanchester Medical Centre",1,118,129,74,77,57,58,0.91,0.96,0.98,13174,4154,1180,2120,0.28,0.51,0.03,3,1,5,5,4,1
"A83636","Leadgate Surgery",1,141,144,90,101,41,44,0.98,0.89,0.93,5152,5835,1197,2976,0.21,0.51,0.02,4,2,5,4,4,1
"A83051","Marlborough Surgery",1,222,228,144,172,65,70,0.97,0.84,0.93,2774,11387,2433,5758,0.21,0.51,0.02,5,4,5,4,4,1
"A83028","Middle Chare Medical Group",1,167,168,158,177,83,91,0.99,0.89,0.91,24172,9381,2412,4790,0.26,0.51,0.02,1,3,5,5,4,1
"A83041","Murton Medical Centre",1,137,138,104,116,61,63,0.99,0.9,0.97,3017,7354,1636,3715,0.22,0.51,0.02,5,2,5,4,3,1
"A83020","North House Surgery",1,376,385,243,299,125,143,0.98,0.81,0.87,4438,13495,3238,6804,0.24,0.5,0.03,4,4,5,4,3,1
"A83618","Oakfields Health Group",1,192,195,127,143,57,59,0.98,0.89,0.97,18328,7675,1772,3929,0.23,0.51,0.03,2,3,5,4,4,1
"A83043","Old Forge Surgery",1,62,62,45,53,26,28,1,0.85,0.93,11034,2675,916,1325,0.34,0.5,0.02,3,1,5,5,2,1
"A83074","Pease Way Medical Centre",0.99,232,263,173,238,79,89,0.88,0.73,0.89,3543,12113,2305,6152,0.19,0.51,0.02,5,4,5,3,4,1
"A83033","Pelton & Fellrose Medical Group",1,205,210,129,151,61,68,0.98,0.85,0.9,4330,10060,2131,5080,0.21,0.5,0.02,5,3,5,4,3,1
"A83060","Pinfold Medical Practice",1,38,38,42,46,20,21,1,0.91,0.95,10331,2881,773,1440,0.27,0.5,0.01,3,1,3,5,3,1
"A83049","Queens Road Surgery",1,283,290,159,181,87,98,0.98,0.88,0.89,17507,16269,3174,8337,0.2,0.51,0.02,2,5,5,3,5,1
"A83026","Sacriston Medical Centre",1,187,187,146,182,61,69,1,0.8,0.88,7949,10736,2130,5367,0.2,0.5,0.02,4,4,5,3,3,1
"A83627","Silverdale Family Practice",1,108,111,108,123,38,40,0.97,0.88,0.95,4642,6642,995,3360,0.15,0.51,0.02,4,2,4,2,4,1
"A83054","Skerne Medical Group",1,387,398,272,320,146,160,0.97,0.85,0.91,20912,16748,3877,8481,0.23,0.51,0.02,2,5,5,4,4,1
"A83619","Southdene Medical Centre",1,66,68,52,61,26,27,0.97,0.85,0.96,3103,3392,582,1673,0.17,0.49,0.02,5,1,5,3,2,1
"A83001","St Andrew's Medical Practice",1,237,242,179,219,84,91,0.98,0.82,0.92,6186,15684,3167,8005,0.2,0.51,0.02,4,5,4,4,4,1
"A83023","Stanley Medical Group",0.98,271,273,157,200,69,76,0.99,0.78,0.91,7463,12490,2429,6188,0.19,0.5,0.02,4,4,5,3,2,1
"A83015","Station View Medical Centre",1,211,211,130,159,103,113,1,0.82,0.91,9212,9725,2413,4952,0.25,0.51,0.02,4,3,5,5,4,1
"A83016","Tanfield View Medical Group",1,279,285,158,180,82,90,0.98,0.88,0.91,7463,10818,2499,5451,0.23,0.5,0.03,4,4,5,4,3,1
"A83622","The Haven Surgery",1,50,51,37,42,13,14,0.98,0.88,0.93,5646,1724,426,843,0.25,0.49,0.03,4,1,5,5,2,1
"A83044","The Horden Group Practice",1,142,142,103,129,60,67,1,0.8,0.9,440,8291,1672,4240,0.2,0.51,0.02,5,3,5,4,4,1
"A83022","The Medical Group",1,511,518,340,414,185,215,0.99,0.82,0.86,18223,26645,5744,13484,0.22,0.51,0.02,2,5,5,4,4,1
"A83071","The New Seaham Medical Group",1,74,75,65,70,22,24,0.99,0.93,0.92,3381,4647,879,2399,0.19,0.52,0.02,5,1,4,3,5,1
"A83035","The Weardale Practice",1,175,178,116,140,74,83,0.98,0.83,0.89,12420,7188,2304,3587,0.32,0.5,0.02,3,2,5,5,3,1
"A83637","Villages Medical Group",0.98,95,96,61,76,31,36,0.99,0.8,0.86,7407,4143,966,1962,0.23,0.47,0.02,4,1,5,4,1,1
"A83634","West Cornforth Medical Centre",0.95,63,66,45,53,24,26,0.95,0.85,0.92,3377,2754,645,1356,0.23,0.49,0.02,5,1,5,4,2,1
"A83024","West Rainton Surgery",1,122,122,99,112,64,69,1,0.88,0.93,17097,5497,1430,2786,0.26,0.51,0.02,2,2,5,5,4,1
"A83012","William Brown Centre",1,308,313,232,272,98,112,0.98,0.85,0.88,581,15659,3238,7973,0.21,0.51,0.02,5,5,5,4,4,1
"A83003","Willington Medical Group",1,174,176,137,163,63,66,0.99,0.84,0.95,600,9217,2142,4590,0.23,0.5,0.02,5,3,5,4,2,1
"A83610","Wingate Medical Practice Intrahealth",1,51,52,42,47,15,16,0.98,0.89,0.94,4576,3527,640,1753,0.18,0.5,0.01,4,1,4,3,2,1
"A83032","Woodview Medical Practice",1,83,84,56,60,33,33,0.99,0.93,1,5287,2588,792,1334,0.31,0.52,0.03,4,1,5,5,5,1
"G82013","Amherst Medical Practice",1,220,225,92,121,123,142,0.98,0.76,0.87,31162,15281,3341,7837,0.22,0.51,0.01,1,5,4,4,5,1
"G82679","Apex Medical Centre",1,53,53,50,62,16,18,1,0.81,0.89,9273,7162,1102,3527,0.15,0.49,0.01,4,2,2,2,2,1
"G82138","Ash Surgery",1,64,66,40,51,36,43,0.97,0.78,0.84,12021,4616,1343,2295,0.29,0.5,0.01,3,1,4,5,2,1
"G82080","Ashford Medical Partnership",0.84,305,347,281,363,113,141,0.88,0.77,0.8,30156,37532,4647,18900,0.12,0.5,0.01,1,5,2,2,3,1
"G82058","Aylesford Medical Centre",1,81,81,46,54,50,52,1,0.85,0.96,9103,7058,1483,3616,0.21,0.51,0.01,4,2,3,4,5,1
"G82211","Aylesham Medical Practice",1,87,87,63,70,32,35,1,0.9,0.91,4920,8563,1362,4339,0.16,0.51,0.01,4,3,2,2,4,1
"G82036","Balmoral Surgery",1,197,197,136,163,74,80,1,0.83,0.92,20131,11581,3383,5947,0.29,0.51,0.02,2,4,4,5,5,1
"G82074","Bearsted",1,199,199,110,137,121,130,1,0.8,0.93,32109,15777,4014,8126,0.25,0.52,0.01,1,5,3,5,5,1
"G82105","Bethesda Medical Centre",0.95,308,327,194,246,142,165,0.94,0.79,0.86,14111,18975,4025,9538,0.21,0.5,0.02,3,5,5,4,3,1
"G82666","Birchington Medical Centre",0.95,324,350,186,235,170,185,0.93,0.79,0.92,11195,12795,4629,6549,0.36,0.51,0.03,3,4,5,5,4,1
"G82098","Blackthorn",1,112,114,61,81,62,72,0.98,0.75,0.86,12099,8451,1598,4334,0.19,0.51,0.01,3,3,3,3,5,1
"G82120","Borough Green Medical Practice",1,213,218,122,148,104,114,0.98,0.82,0.91,27115,15576,3528,7979,0.23,0.51,0.01,1,5,4,4,4,1
"G82711","Borstal Village Surgery",1,32,32,27,34,20,23,1,0.79,0.87,13475,4354,808,2195,0.19,0.5,0.01,3,1,2,3,3,1
"G82031","Bower Mount Medical Practice",0.89,146,159,83,120,74,102,0.92,0.69,0.73,11927,10923,2309,5416,0.21,0.5,0.01,3,4,4,4,2,1
"G82089","Brewer Street",1,143,146,100,121,55,59,0.98,0.83,0.93,6311,9246,1860,4612,0.2,0.5,0.02,4,3,4,3,3,1
"G82796","Broadstairs Medical Practice",0.95,117,119,76,103,54,66,0.98,0.74,0.82,21058,7419,1983,3793,0.27,0.51,0.02,2,2,4,5,4,1
"G82631","Bryant Street Medical Practice",1,47,47,52,65,11,12,1,0.8,0.92,3801,8146,889,3816,0.11,0.47,0.01,5,3,1,1,1,1
"G82700","Buckland Medical Practice",1,180,181,130,158,69,75,0.99,0.82,0.92,4028,10360,2340,5171,0.23,0.5,0.02,5,4,5,4,3,1
"G82802","Canterbury Health Centre",1,48,49,32,37,21,25,0.98,0.86,0.84,23198,7889,638,3567,0.08,0.45,0.01,2,3,1,1,1,1
"G82228","Canterbury Medical Practice",1,314,318,168,193,172,184,0.99,0.87,0.93,24371,24390,4906,12084,0.2,0.5,0.01,1,5,3,3,2,1
"G82094","Charing Surgery",1,195,197,145,181,87,95,0.99,0.8,0.92,11788,11213,2558,5660,0.23,0.5,0.02,3,4,5,4,3,1
"G82007","Church Lane Health Centre",0.98,152,156,79,109,70,79,0.97,0.72,0.89,4806,6417,2075,3266,0.32,0.51,0.02,4,2,5,5,4,1
"G82652","Church Road",1,78,80,53,63,43,46,0.98,0.84,0.93,16111,2981,956,1517,0.32,0.51,0.03,2,1,5,5,4,1
"G82051","City Way Surgery",0.96,75,85,74,82,36,39,0.88,0.9,0.92,25830,12846,2011,6491,0.16,0.51,0.01,1,4,1,2,3,1
"G82203","Court View Surgery",1,76,76,66,85,33,33,1,0.78,1,1850,10742,1512,5418,0.14,0.5,0.01,5,4,1,2,3,1
"G82064","Dashwood Medical Centre",1,159,164,108,130,41,45,0.97,0.83,0.91,10675,11438,1905,5727,0.17,0.5,0.01,3,4,4,3,3,1
"G82809","Downs Way Medical Practice",1,215,218,127,154,119,126,0.99,0.82,0.94,27803,16116,4009,8203,0.25,0.51,0.01,1,5,3,5,4,1
"G82006","Dr Cj Shimmins & Partners",1,164,164,113,132,59,65,1,0.86,0.91,16232,15647,2061,7806,0.13,0.5,0.01,2,5,2,2,3,1
"G82126","East Cliff Medical Practice",0.84,261,268,152,203,98,122,0.97,0.75,0.8,12372,15306,3839,7829,0.25,0.51,0.02,3,5,5,5,4,1
"G82600","Eastcourt Lane Surgery",1,20,20,15,16,11,12,1,0.94,0.92,18402,2310,539,1181,0.23,0.51,0.01,2,1,2,4,4,1
"G82019","Edenbridge Med Practice",0.99,192,195,125,145,104,116,0.98,0.86,0.9,18008,13410,2821,6842,0.21,0.51,0.01,2,4,4,4,4,1
"G82027","Faversham Medical Practice",1,272,275,140,155,128,133,0.99,0.9,0.96,18752,14211,3290,7092,0.23,0.5,0.02,2,5,5,4,3,1
"G82780","Gravesend Medical Centre",1,126,127,104,110,39,39,0.99,0.95,1,1706,16455,1612,8010,0.1,0.49,0.01,5,5,2,1,2,1
"G82702","Green Porch Medical Partnership",1,53,54,50,58,20,20,0.98,0.86,1,2354,8183,873,4026,0.11,0.49,0.01,5,3,1,1,2,1
"G82024","Greensand Medical Group",1,332,346,188,260,145,176,0.96,0.72,0.82,14814,25676,5616,13102,0.22,0.51,0.01,3,5,3,4,4,1
"G82041","Grosvenor & St James Medical Centre",0.97,164,168,95,124,89,102,0.98,0.77,0.87,25623,14342,2359,7088,0.16,0.49,0.01,1,5,3,3,2,1
"G82026","Grovehurst Surgery",0.97,101,102,75,91,34,40,0.99,0.82,0.85,14179,8026,1473,4125,0.18,0.51,0.01,3,3,3,3,5,1
"G82091","Guildhall Street Surgery",1,139,140,89,118,41,44,0.99,0.75,0.93,1198,10104,1560,4917,0.15,0.49,0.01,5,3,4,2,2,1
"G82754","Hadlow Medical Centre",1,41,41,36,40,31,33,1,0.9,0.94,8418,3578,794,1821,0.22,0.51,0.01,4,1,3,4,4,1
"G82186","Hamstreet Surgery",1,122,126,94,109,52,57,0.97,0.86,0.91,17791,7900,1966,4036,0.25,0.51,0.02,2,3,4,5,4,1
"G82217","Harbour Medical Practice",1,36,36,22,28,14,16,1,0.79,0.88,1198,3663,618,1842,0.17,0.5,0.01,5,1,2,3,3,1
"G82165","Hawkinge And Elham",1,142,145,113,135,63,71,0.98,0.84,0.89,17255,10113,2276,5180,0.23,0.51,0.01,2,3,4,4,4,1
"G82117","High Street Surgery",1,143,145,99,123,43,49,0.99,0.8,0.88,3492,9329,1852,4790,0.2,0.51,0.02,5,3,4,3,5,1
"G82100","Highparks Medical Practice",1,157,157,129,160,69,75,1,0.81,0.92,23297,15222,3329,7722,0.22,0.51,0.01,2,5,2,4,4,1
"G82037","Hildenborough Medical Group",0.96,221,228,140,181,146,157,0.97,0.77,0.93,27890,16575,3798,8504,0.23,0.51,0.01,1,5,4,4,5,1
"G82048","Horsman's Place Surgery",1,132,133,86,97,59,61,0.99,0.89,0.97,6268,9471,1586,4735,0.17,0.5,0.01,4,3,4,3,3,1
"G82158","Howell Surgery",1,85,87,46,61,39,42,0.98,0.75,0.93,22205,5334,1217,2695,0.23,0.51,0.02,2,2,4,4,3,1
"G82114","Ivy Court Surgery",0.95,299,306,150,195,149,168,0.98,0.77,0.89,10163,15522,5132,8074,0.33,0.52,0.02,3,5,5,5,5,1
"G82097","Jubilee Medical Centre",1,248,255,156,195,123,138,0.97,0.8,0.89,21096,15589,4289,8030,0.28,0.52,0.02,2,5,4,5,5,1
"G82108","King George Road Surgery",1,55,56,49,63,26,30,0.98,0.78,0.87,7412,6402,1190,3240,0.19,0.51,0.01,4,2,2,3,4,1
"G82730","Kingsnorth Medical Practice",1,115,116,97,128,41,47,0.99,0.76,0.87,17330,12683,1812,6469,0.14,0.51,0.01,2,4,2,2,4,1
"G82016","Kingswood Surgery",0.94,135,136,70,89,74,92,0.99,0.79,0.8,28159,11271,2345,5827,0.21,0.52,0.01,1,4,3,4,5,1
"G82170","Lamberhurst",0.96,51,52,28,34,20,25,0.98,0.82,0.8,16080,3640,935,1859,0.26,0.51,0.01,2,1,4,5,4,1
"G82691","Langley",1,59,60,43,52,23,24,0.98,0.83,0.96,16549,3414,726,1762,0.21,0.52,0.02,2,1,5,4,5,1
"G82093","Len Valley Practice",1,170,174,126,164,63,69,0.98,0.77,0.91,15613,10204,2575,5198,0.25,0.51,0.02,3,4,4,5,4,1
"G82231","London Road Medical Centre",1,72,72,40,51,32,37,1,0.78,0.86,14981,6996,1678,3519,0.24,0.5,0.01,3,2,2,4,3,1
"G82737","Long Catlis Road Surgery",0.72,93,95,67,91,40,45,0.98,0.74,0.89,24897,11364,1943,5744,0.17,0.51,0.01,1,4,2,3,3,1
"G82768","Lonsdale Medical Centre",0.96,128,129,56,61,101,108,0.99,0.92,0.94,23015,7600,1396,3923,0.18,0.52,0.02,2,2,4,3,5,1
"G82143","Lowfield Medical Centre",1,60,63,65,75,35,36,0.95,0.87,0.97,6268,7361,1119,3787,0.15,0.51,0.01,4,2,2,2,5,1
"G82227","Lydden Surgery",1,86,90,57,74,45,49,0.96,0.77,0.92,23157,5840,1635,3022,0.28,0.52,0.02,2,2,4,5,5,1
"G82180","Maidstone Rd Rainham Surgery",1,55,56,44,49,31,31,0.98,0.9,1,23101,4780,1241,2407,0.26,0.5,0.01,2,1,3,5,3,1
"G82139","Maidstone Road Surgery",1,77,77,62,71,46,50,1,0.87,0.92,28444,8624,1344,4482,0.16,0.52,0.01,1,3,2,2,5,1
"G82681","Malling Health Four",0.73,86,106,48,84,36,55,0.81,0.57,0.65,20841,7009,1404,3563,0.2,0.51,0.02,2,2,4,3,4,1
"G82232","Manor Clinic",1,122,125,87,107,46,49,0.98,0.81,0.94,10385,9660,1781,4788,0.18,0.5,0.01,3,3,3,3,2,1
"G82215","Marden Medical Centre",1,77,77,58,70,46,47,1,0.83,0.98,13724,7627,1552,3827,0.2,0.5,0.01,3,2,2,4,3,1
"G82744","Maritime Health Partnership",1,277,285,224,284,129,146,0.97,0.79,0.88,26380,37710,5052,18854,0.13,0.5,0.01,1,5,2,2,3,1
"G82708","Marlowe Park Medical Ctr.",1,31,31,22,27,9,9,1,0.81,1,11386,4289,470,2112,0.11,0.49,0.01,3,1,2,1,2,1
"G82665","Martello Health Centre",1,133,136,77,94,60,67,0.98,0.82,0.9,7434,5453,2053,2778,0.38,0.51,0.02,4,2,5,5,4,1
"G82719","Matrix Medical Practice",0.91,151,154,97,161,49,60,0.98,0.6,0.82,3825,16425,2736,8324,0.17,0.51,0.01,5,5,2,3,4,1
"G82693","Memorial Medical Centre",1,181,182,137,161,72,82,0.99,0.85,0.88,19148,17559,3231,8998,0.18,0.51,0.01,2,5,2,3,5,1
"G82073","Meopham Medical Centre",0.85,156,166,126,154,79,95,0.94,0.82,0.83,17650,10216,2466,5238,0.24,0.51,0.02,2,4,4,4,5,1
"G82107","Minster Surgery",1,162,164,113,144,76,84,0.99,0.78,0.9,8819,9182,2608,4689,0.28,0.51,0.02,4,3,5,5,4,1
"G82650","Mocketts Wood Surgery",1,182,186,130,154,84,92,0.98,0.84,0.91,14606,9221,2785,4792,0.3,0.52,0.02,3,3,5,5,5,1
"G82076","Mote",0.84,102,105,77,96,52,58,0.97,0.8,0.9,16872,10034,1632,5103,0.16,0.51,0.01,2,3,2,3,4,1
"G82763","Napier Road Surgery",1,20,20,21,26,4,4,1,0.81,1,13800,3065,400,1466,0.13,0.48,0.01,3,1,1,2,1,1
"G82115","New Dover Road Surgery",1,173,175,124,144,96,102,0.99,0.86,0.94,23198,10545,2137,5195,0.2,0.49,0.02,2,4,4,4,2,1
"G82087","New Hayesbank Surgery",0.96,244,248,134,213,88,120,0.98,0.63,0.73,28347,18094,3572,9299,0.2,0.51,0.01,1,5,4,3,5,1
"G82684","New Lyminge Surgery",1,99,99,58,72,40,43,1,0.81,0.93,16111,4549,1350,2319,0.3,0.51,0.02,2,1,5,5,4,1
"G82150","Newington Road Surgery",1,68,70,49,60,17,18,0.97,0.82,0.94,7344,6793,1110,3307,0.16,0.49,0.01,4,2,2,3,2,1
"G82039","Newton Place Surgery",1,285,290,165,206,139,152,0.98,0.8,0.91,20126,19228,3855,9504,0.2,0.49,0.02,2,5,4,3,2,1
"G82066","Northdown Surgery",1,223,226,121,146,145,154,0.99,0.83,0.94,3674,13038,2484,6827,0.19,0.52,0.02,5,4,5,3,5,1
"G82060","Northgate Medical Practice",0.82,222,229,142,208,98,114,0.97,0.68,0.86,5269,21105,3510,10375,0.17,0.49,0.01,4,5,3,3,2,1
"G82147","Oak Hall",0.93,125,126,87,103,52,58,0.99,0.84,0.9,4806,5806,2032,2919,0.35,0.5,0.02,4,2,5,5,3,1
"G82808","Oakfield Health Centre, Practice 2",1,136,139,85,100,51,57,0.98,0.85,0.89,16637,10003,1413,5148,0.14,0.51,0.01,2,3,4,2,5,1
"G82160","Oaklands Health Centre",1,248,254,147,177,134,149,0.98,0.83,0.9,12534,12095,4315,6388,0.36,0.53,0.02,3,4,5,5,5,1
"G82224","Old Parsonage Surgery",1,46,48,32,36,18,21,0.96,0.89,0.86,17363,3880,822,1952,0.21,0.5,0.01,2,1,3,4,3,1
"G82067","Old Road West Surgery",1,105,105,71,85,39,44,1,0.84,0.89,17878,9498,1807,4835,0.19,0.51,0.01,2,3,3,3,4,1
"G82235","Old School Surgery",0.94,75,96,36,81,33,51,0.78,0.44,0.65,7766,5672,1415,2806,0.25,0.49,0.02,4,2,4,5,2,1
"G82790","Old School Surgery",0.98,90,91,52,65,33,40,0.99,0.8,0.82,19429,6255,1248,3080,0.2,0.49,0.01,2,2,4,3,2,1
"G82733","Orchard End",0.96,38,39,28,36,29,31,0.97,0.78,0.94,9903,4240,781,2415,0.18,0.57,0.01,3,1,2,3,5,1
"G82162","Orchard Family Practice",1,73,75,49,66,43,46,0.97,0.74,0.93,6989,5343,1450,2863,0.27,0.54,0.01,4,2,4,5,5,1
"G82125","Otford Medical Practice",1,182,186,92,114,110,119,0.98,0.81,0.92,32197,11475,2610,5888,0.23,0.51,0.02,1,4,4,4,5,1
"G82119","Park Surgery",1,488,492,323,404,225,253,0.99,0.8,0.89,4955,24407,6182,12485,0.25,0.51,0.02,4,5,5,5,4,1
"G82721","Parkwood Family Practice",1,28,28,20,24,14,15,1,0.83,0.93,24458,3287,900,1615,0.27,0.49,0.01,1,1,2,5,2,1
"G82062","Parrock Street Surgery",1,25,25,15,17,8,9,1,0.88,0.89,2333,2648,445,1256,0.17,0.47,0.01,5,1,2,3,1,1
"G82032","Pelham Medical Practice",1,175,175,121,137,77,82,1,0.88,0.94,12505,15254,2409,7668,0.16,0.5,0.01,3,5,3,2,3,1
"G82015","Pencester Surgery",1,137,137,104,123,57,64,1,0.85,0.89,714,12201,2195,5845,0.18,0.48,0.01,5,4,3,3,1,1
"G82234","Phoenix Medical Practice",1,59,59,51,56,25,25,1,0.91,1,13075,5947,969,3042,0.16,0.51,0.01,3,2,2,3,4,1
"G82212","Pilgrims Way Surgery",1,57,57,49,58,14,14,1,0.84,1,16232,8373,907,4243,0.11,0.51,0.01,2,3,1,1,4,1
"G82741","Princes Park Medical Ctr",0.95,177,179,145,184,87,98,0.99,0.79,0.89,6920,30187,2806,15164,0.09,0.5,0.01,4,5,1,1,3,1
"G82635","Pump Lane Surgery",1,25,25,11,13,21,21,1,0.85,1,18934,2154,586,1110,0.27,0.52,0.01,2,1,3,5,5,1
"G82161","Reach Healthcare",1,319,325,234,307,108,123,0.98,0.76,0.88,25456,31432,5680,15629,0.18,0.5,0.01,1,5,2,3,2,1
"G82185","Redwood Practice",1,122,122,98,105,61,65,1,0.93,0.94,22444,8962,1680,4503,0.19,0.5,0.01,2,3,4,3,3,1
"G82218","River Darent Medical Group",1,205,210,121,158,98,111,0.98,0.77,0.88,17370,12600,3044,6477,0.24,0.51,0.02,2,4,4,4,5,1
"G82106","Riverside Medical Practice",1,68,73,55,70,22,23,0.93,0.79,0.96,26111,7234,1209,3673,0.17,0.51,0.01,1,2,2,3,4,1
"G82648","Rochester Road Surgery",0.9,32,32,20,27,14,16,1,0.74,0.88,13560,3992,540,1854,0.14,0.46,0.01,3,1,2,2,1,1
"G82152","Rusthall Medical Practice",1,117,120,63,78,71,79,0.98,0.81,0.9,12829,6805,1473,3482,0.22,0.51,0.02,3,2,5,4,4,1
"G82121","Sandgate Road",1,229,230,141,168,109,121,1,0.84,0.9,13611,12668,3189,6518,0.25,0.51,0.02,3,4,5,5,5,1
"G82063","Sandwich Medical Practice",0.99,229,234,131,190,108,133,0.98,0.69,0.81,21269,13134,3918,6629,0.3,0.5,0.02,2,4,5,5,3,1
"G82658","Sellindge Surgery",1,58,64,44,56,32,36,0.91,0.79,0.89,12380,5188,1207,2620,0.23,0.51,0.01,3,1,3,4,3,1
"G82023","Sheerness Health Centre",0.99,74,75,63,86,25,28,0.99,0.73,0.89,2595,6994,1169,3513,0.17,0.5,0.01,5,2,3,3,3,1
"G82799","Sheppey Healthy Living Centre",1,145,147,135,158,60,64,0.99,0.85,0.94,95,14210,3051,7164,0.21,0.5,0.01,5,5,2,4,3,1
"G82085","Snodland Medical Practice",1,144,147,106,145,60,74,0.98,0.73,0.81,7180,12135,2304,6138,0.19,0.51,0.01,4,4,3,3,4,1
"G82888","South Park Medical Practice",1,78,78,35,44,50,55,1,0.8,0.91,31025,6061,971,3125,0.16,0.52,0.01,1,2,3,2,5,1
"G82022","Speldhurst & Greggswood Medical Group",1,85,86,61,79,52,56,0.99,0.77,0.93,13158,9554,1672,4891,0.18,0.51,0.01,3,3,2,3,4,1
"G82044","Springhead Health",0.99,202,205,161,201,49,50,0.99,0.8,0.98,13234,22314,2417,11143,0.11,0.5,0.01,3,5,2,1,3,1
"G82137","St Andrews Medical Centre",1,125,127,78,93,78,88,0.98,0.84,0.89,18581,9801,1656,4984,0.17,0.51,0.01,2,3,3,3,4,1
"G82057","St Georges Medical Centre",0.76,138,145,141,200,44,60,0.95,0.7,0.73,662,10919,2539,5366,0.23,0.49,0.01,5,4,3,4,2,1
"G82002","St James' Surgery",1,130,133,101,123,43,48,0.98,0.82,0.9,5891,9645,1711,4774,0.18,0.49,0.01,4,3,4,3,2,1
"G82205","St John's Medical Practice",0.9,74,76,57,77,39,45,0.97,0.74,0.87,28962,8520,1247,4281,0.15,0.5,0.01,1,3,2,2,3,1
"G82219","St Peter's Surgery",0.99,75,76,55,66,37,42,0.99,0.83,0.88,19050,4635,1386,2415,0.3,0.52,0.02,2,1,4,5,5,1
"G82038","St Richards Road Surgery",1,209,214,150,180,87,95,0.98,0.83,0.92,10973,10443,2773,5367,0.27,0.51,0.02,3,4,5,5,5,1
"G82233","St. Werburgh Med.Practice",1,68,68,46,56,13,14,1,0.82,0.93,18510,9288,1407,4649,0.15,0.5,0.01,2,3,2,2,3,1
"G82113","Stonecross And West Drive Surgery",0.87,85,86,64,75,22,24,0.99,0.85,0.92,3825,8168,1413,4004,0.17,0.49,0.01,5,3,2,3,2,1
"G82082","Sturry Surgery",1,156,157,117,138,60,62,0.99,0.85,0.97,25198,16754,2459,8328,0.15,0.5,0.01,1,5,2,2,2,1
"G82046","Summerhill Surgery",0.95,119,123,68,97,45,61,0.97,0.7,0.74,5658,5974,1378,2971,0.23,0.5,0.02,4,2,5,4,2,1
"G82018","Sun Lane",0.99,106,110,52,59,63,74,0.96,0.88,0.85,12534,5393,1834,2711,0.34,0.5,0.02,3,2,5,5,3,1
"G82229","Sutton Valence Group Practice",1,87,87,45,74,27,42,1,0.61,0.64,14817,7487,1541,3698,0.21,0.49,0.01,3,2,3,4,2,1
"G82028","Swanley Medical Practice",0.77,338,387,231,342,158,184,0.87,0.68,0.86,4927,24721,5060,12782,0.2,0.52,0.02,4,5,4,4,5,1
"G82122","Swanscombe Health Centre",1,251,256,210,255,91,105,0.98,0.82,0.87,13513,36620,4035,18704,0.11,0.51,0.01,3,5,1,1,4,1
"G82050","Sydenham House Medical Centre",0.87,235,261,178,269,74,106,0.9,0.66,0.7,18176,24442,3571,12179,0.15,0.5,0.01,2,5,3,2,2,1
"G82647","Temple Hill Surgery",1,180,182,131,162,64,72,0.99,0.81,0.89,2179,22419,2372,11353,0.11,0.51,0.01,5,5,2,1,4,1
"G82154","Thames Ave Surgery",1,81,82,56,62,46,50,0.99,0.9,0.92,23101,5981,1555,3081,0.26,0.52,0.01,2,2,4,5,5,1
"G82111","The Cedars Surgery",1,253,254,154,183,117,133,1,0.84,0.88,20131,11173,3608,5792,0.32,0.52,0.02,2,4,5,5,5,1
"G82035","The Chestnuts Surgery",0.86,116,126,58,74,65,80,0.92,0.78,0.81,6277,9955,2226,5032,0.22,0.51,0.01,4,3,3,4,3,1
"G82697","The Churchill Clinic",1,85,87,76,94,31,34,0.98,0.81,0.91,7982,10030,1442,5067,0.14,0.51,0.01,4,3,2,2,3,1
"G82099","The College Practice",1,270,275,209,271,150,160,0.98,0.77,0.94,10956,33168,4659,16349,0.14,0.49,0.01,3,5,2,2,2,1
"G82077","The Elms Medical Centre",1,134,141,89,135,45,55,0.95,0.66,0.82,8839,12485,2830,6442,0.23,0.52,0.01,4,4,3,4,5,1
"G82129","The Glebe Family Practice",1,48,51,33,45,15,18,0.94,0.73,0.83,2211,4927,1059,2558,0.21,0.52,0.01,5,1,2,4,5,1
"G82020","The Grange Practice",0.97,200,205,117,181,80,87,0.98,0.65,0.92,12372,12556,2625,6463,0.21,0.51,0.02,3,4,4,4,5,1
"G82090","The Heron Medical Practice",1,456,464,242,292,190,215,0.98,0.83,0.88,4351,17881,5221,9085,0.29,0.51,0.03,5,5,5,5,4,1
"G82753","The Kings Family Practice",1,41,41,33,35,7,7,1,0.94,1,1573,8388,677,4190,0.08,0.5,0,5,3,1,1,3,1
"G82052","The Limes Medical Centre",1,196,201,114,147,69,77,0.98,0.78,0.9,638,17263,2646,8687,0.15,0.5,0.01,5,5,3,2,3,1
"G82634","The Meads Medical Practice",1,113,115,74,99,63,72,0.98,0.75,0.88,18368,11611,1869,5828,0.16,0.5,0.01,2,4,2,2,3,1
"G82698","The Medic Care Surgery",1,57,57,27,43,17,24,1,0.63,0.71,19148,4085,753,2055,0.18,0.5,0.01,2,1,4,3,3,1
"G82604","The Medical Centre Group",1,226,229,149,178,122,132,0.99,0.84,0.92,4345,15658,2692,7961,0.17,0.51,0.01,5,5,4,3,4,1
"G82696","The New Golf Road Surgery",1,73,73,50,57,45,47,1,0.88,0.96,18796,2679,940,1426,0.35,0.53,0.03,2,1,5,5,5,1
"G82086","The New Surgery",1,107,109,59,75,34,35,0.98,0.79,0.97,5185,10242,1901,5244,0.19,0.51,0.01,4,4,3,3,4,1
"G82682","The Om Medical Centre",0.92,55,55,52,69,20,22,1,0.75,0.91,682,7018,1178,3427,0.17,0.49,0.01,5,2,2,3,2,1
"G82021","The Shrubbery Surgery",0.96,192,196,103,123,73,83,0.98,0.84,0.88,10825,17104,3101,8823,0.18,0.52,0.01,3,5,3,3,5,1
"G82164","The Vine Medical Centre",1,132,132,94,125,66,70,1,0.75,0.94,8771,13466,1955,6806,0.15,0.51,0.01,4,4,2,2,3,1
"G82056","The Wellcome Practice",1,146,149,105,121,71,77,0.98,0.87,0.92,22444,11341,2046,5651,0.18,0.5,0.01,2,4,3,3,2,1
"G82025","The Wells Medical Practice",0.8,196,201,143,172,85,97,0.98,0.83,0.88,18662,19701,3083,9770,0.16,0.5,0.01,2,5,2,2,2,1
"G82095","Thorndike Partnership",1,141,145,114,146,59,67,0.97,0.78,0.88,7017,12456,2233,6239,0.18,0.5,0.01,4,4,3,3,3,1
"G82083","Thornhills Medical Practice",1,182,184,110,135,87,93,0.99,0.81,0.94,13503,14838,3078,7561,0.21,0.51,0.01,3,5,3,4,4,1
"G82042","Tonbridge Medical Group",1,216,222,111,153,109,131,0.97,0.73,0.83,21356,17823,2928,9007,0.16,0.51,0.01,2,5,3,3,3,1
"G82110","Town Medical Centre",0.96,73,75,49,54,54,56,0.97,0.91,0.96,31025,7279,1256,3656,0.17,0.5,0.01,1,2,2,3,3,1
"G82140","University Medical Centre",1,28,28,25,28,12,13,1,0.89,0.92,29853,14411,728,6728,0.05,0.47,0,1,5,1,1,1,1
"G82687","Vel Surgery",1,85,85,83,94,34,35,1,0.88,0.97,2595,9628,1764,4832,0.18,0.5,0.01,5,3,2,3,3,1
"G82641","Wallis Avenue",1,54,55,51,59,16,17,0.98,0.86,0.94,343,7120,648,3710,0.09,0.52,0.01,5,2,2,1,5,1
"G82184","Waltham Road Medical Centre",1,10,10,9,10,2,2,1,0.9,1,2334,1369,379,699,0.28,0.51,0.01,5,1,2,5,4,1
"G82059","Warders Medical Centre",1,205,207,154,185,139,151,0.99,0.83,0.92,31545,18509,3678,9199,0.2,0.5,0.01,1,5,3,3,2,1
"G82155","Waterfield House Surgery",0.82,73,80,63,86,58,65,0.91,0.73,0.89,23586,6445,1513,3305,0.23,0.51,0.01,1,2,3,4,5,1
"G82200","Wateringbury",1,125,126,108,128,42,46,0.99,0.84,0.91,23174,10719,2076,5502,0.19,0.51,0.01,2,4,3,3,5,1
"G82055","Weald View Medical Practice - Hawkhurst",1,146,149,84,97,85,95,0.98,0.87,0.89,24514,9814,2575,4986,0.26,0.51,0.02,1,3,4,5,4,1
"G82135","West Malling Group Practice",1,188,193,115,149,65,75,0.97,0.77,0.87,32176,21036,3545,10563,0.17,0.5,0.01,1,5,2,3,3,1
"G82092","Westerham Practice",1,109,109,67,87,64,71,1,0.77,0.9,21674,8324,2022,4316,0.24,0.52,0.01,2,3,3,4,5,1
"G82079","Westgate Surgery",1,201,201,132,152,98,104,1,0.87,0.94,7656,10193,2788,5241,0.27,0.51,0.02,4,3,5,5,5,1
"G82729","White Cliffs Medical Centre",0.88,137,143,115,146,44,54,0.96,0.79,0.81,2673,9897,1919,4942,0.19,0.5,0.01,5,3,4,3,3,1
"G82069","White House Surgery",1,116,116,88,111,49,56,1,0.79,0.88,13071,11951,2207,6047,0.18,0.51,0.01,3,4,2,3,4,1
"G82071","Whitstable Medical Practice",1,830,840,426,549,323,356,0.99,0.78,0.91,29561,44622,12030,23001,0.27,0.52,0.02,1,5,5,5,5,1
"G82226","Wigmore Medical Centre",1,58,58,37,46,34,36,1,0.8,0.94,31554,5158,1363,2620,0.26,0.51,0.01,1,1,3,5,4,1
"G82053","Woodchurch Surgery",1,107,107,79,91,60,63,1,0.87,0.95,11875,5701,1669,2958,0.29,0.52,0.02,3,2,5,5,5,1
"G82014","Woodlands Family Practice",1,162,182,111,167,58,67,0.89,0.66,0.87,11388,20402,3028,10348,0.15,0.51,0.01,3,5,2,2,4,1
"G82118","Woodlands Health Centre",0.99,166,167,126,150,90,97,0.99,0.84,0.93,27159,13803,2860,7033,0.21,0.51,0.01,1,4,3,4,4,1
"G82142","Wye Surgery",1,142,144,118,135,77,81,0.99,0.87,0.95,24319,10565,2310,5356,0.22,0.51,0.01,1,4,4,4,4,1
"G82141","Yalding",1,77,79,65,84,48,53,0.97,0.77,0.91,17312,7053,1514,3515,0.21,0.5,0.01,2,2,3,4,3,1
"H81017","Ashlea Medical Practice",1,229,231,146,195,159,184,0.99,0.75,0.86,31250,19980,4375,10188,0.22,0.51,0.01,1,5,3,4,4,1
"H81071","Ashley Centre Surgery",1,110,113,92,117,50,56,0.97,0.79,0.89,18247,10664,1648,5494,0.15,0.52,0.01,2,4,2,2,5,1
"H81663","Ashley Medical Practice",1,21,21,16,17,12,12,1,0.94,1,33351,3680,436,1750,0.12,0.48,0.01,1,1,1,2,1,1
"H81006","Austen Road Surgery",1,57,57,40,49,49,56,1,0.82,0.88,29009,8549,1586,4296,0.19,0.5,0.01,1,3,1,3,3,1
"H81026","Binscombe Medical Centre",0.91,125,131,62,98,86,107,0.95,0.63,0.8,18635,11517,2373,5862,0.21,0.51,0.01,2,4,3,4,4,1
"H81068","Brockwood Medical Practice",1,168,169,120,132,114,126,0.99,0.91,0.9,27524,12132,3181,6053,0.26,0.5,0.01,1,4,4,5,3,1
"H81109","Capelfield Surgery",0.98,111,113,56,70,66,68,0.98,0.8,0.97,25225,7766,1633,3975,0.21,0.51,0.01,1,3,4,4,4,1
"H81045","Caterham Valley Medical Practice",1,104,106,105,130,51,56,0.98,0.81,0.91,25278,10637,1899,5432,0.18,0.51,0.01,1,4,2,3,4,1
"H81033","Chertsey Health Centre",1,238,241,203,244,126,140,0.99,0.83,0.9,20905,22283,3788,11171,0.17,0.5,0.01,2,5,3,3,3,1
"H81022","Chiddingfold Surgery",1,52,52,47,57,49,53,1,0.82,0.92,30188,5188,1285,2620,0.25,0.51,0.01,1,1,2,5,3,1
"H81015","Chobham & West End Medical Practice",0.84,103,118,71,101,81,89,0.87,0.7,0.91,28053,10659,2098,5297,0.2,0.5,0.01,1,4,3,3,2,1
"H81067","Cobham Health Centre",1,164,168,84,114,126,143,0.98,0.74,0.88,18058,13721,2834,6879,0.21,0.5,0.01,2,4,3,4,3,1
"H81052","Cranleigh Medical Practice",1,194,201,154,177,154,178,0.97,0.87,0.87,30703,18006,4684,9325,0.26,0.52,0.01,1,5,3,5,5,1
"H81042","Crouch Oak Family Practice",1,172,173,127,151,95,103,0.99,0.84,0.92,20478,16937,2837,8469,0.17,0.5,0.01,2,5,2,3,3,1
"H81029","Dapdune House Surgery",1,93,93,73,93,50,52,1,0.78,0.96,20866,12921,1737,6261,0.13,0.48,0.01,2,4,2,2,1,1
"H81051","Derby Medical Centre",1,131,133,95,110,79,83,0.98,0.86,0.95,18247,14454,2304,7441,0.16,0.51,0.01,2,5,2,2,5,1
"H81028","Dorking Medical Practice",1,174,177,89,118,104,119,0.98,0.75,0.87,24145,11191,2928,5681,0.26,0.51,0.02,1,4,4,5,4,1
"H81103","Eastwick Park Med.Pract.",1,124,124,75,90,84,92,1,0.83,0.91,18354,8239,2004,4125,0.24,0.5,0.02,2,3,4,4,3,1
"H81116","Elizabeth House Medical Practice",1,93,94,66,75,58,64,0.99,0.88,0.91,28287,5954,1481,3131,0.25,0.53,0.02,1,2,4,5,5,1
"H81099","Esher Green Surgery",0.85,116,117,115,138,60,65,0.99,0.83,0.92,15690,13811,2157,7036,0.16,0.51,0.01,3,4,2,2,4,1
"H81016","Fairfield Medical Centre",1,194,196,111,127,125,134,0.99,0.87,0.93,24939,10340,3025,5331,0.29,0.52,0.02,1,4,5,5,5,1
"H81064","Fairlands Medical Practice",0.92,143,145,105,136,87,98,0.99,0.77,0.89,29884,14109,3101,7233,0.22,0.51,0.01,1,5,2,4,5,1
"H81057","Fordbridge Medical Centre",0.91,81,81,76,90,40,43,1,0.84,0.93,25539,8016,1362,4016,0.17,0.5,0.01,1,3,2,3,3,1
"H81020","Fort House Surgery",1,109,110,91,115,76,86,0.99,0.79,0.88,33351,13434,2232,7095,0.17,0.53,0.01,1,4,2,3,5,1
"H81644","Fountain Practice",0.7,112,112,63,65,50,51,1,0.97,0.98,22265,8575,1771,4328,0.21,0.5,0.01,2,3,3,4,3,1
"H81078","Glenlyn Medical Centre",0.94,164,186,123,164,103,109,0.88,0.75,0.94,31116,16887,2933,8241,0.17,0.49,0.01,1,5,3,3,2,1
"H81024","Goldsworth Park Health Centre",1,131,140,102,131,79,86,0.94,0.78,0.92,30232,13081,2374,6559,0.18,0.5,0.01,1,4,3,3,3,1
"H81076","Grayshott Surgery",0.92,212,218,105,132,145,179,0.97,0.8,0.81,30915,12364,3578,6341,0.29,0.51,0.02,1,4,5,5,5,1
"H81066","Grove Medical Centre",0.97,152,153,116,143,86,98,0.99,0.81,0.88,25342,15280,2430,7648,0.16,0.5,0.01,1,5,2,2,3,1
"H81010","Guildowns Group Practice",1,146,147,119,148,86,93,0.99,0.8,0.92,14233,25594,2594,12567,0.1,0.49,0.01,3,5,1,1,2,1
"H81062","Haslemere Health Centre",1,263,273,164,191,148,164,0.96,0.86,0.9,25774,18998,4179,9631,0.22,0.51,0.01,1,5,4,4,4,1
"H81055","Hawthorns Surgery",1,119,122,84,108,75,85,0.98,0.78,0.88,33325,9010,1895,4579,0.21,0.51,0.01,1,3,3,4,4,1
"H81032","Heathcot Medical Practice",1,130,134,102,121,78,87,0.97,0.84,0.9,19505,17847,2639,8682,0.15,0.49,0.01,2,5,2,2,2,1
"H81070","Heathcote Medical Centre",1,146,149,109,135,92,102,0.98,0.81,0.9,32260,11889,2885,6031,0.24,0.51,0.01,1,4,3,4,4,1
"H81065","Hersham Surgery",1,115,117,90,107,106,117,0.98,0.84,0.91,27113,9973,1917,5143,0.19,0.52,0.01,1,3,3,3,5,1
"H81061","Hillview Medical Centre",1,131,135,112,125,80,89,0.97,0.9,0.9,19505,15768,2008,7724,0.13,0.49,0.01,2,5,2,2,2,1
"H81048","Holmhurst Medical Centre",0.91,66,66,60,65,43,44,1,0.92,0.98,16667,10704,1213,5434,0.11,0.51,0.01,2,4,1,1,4,1
"H81122","Hythe Medical Centre Surgery",1,61,62,60,74,24,26,0.98,0.81,0.92,23761,8607,1405,4294,0.16,0.5,0.01,1,3,2,3,3,1
"H81133","Integrated Care Partnership - Och",1,327,335,228,308,166,171,0.98,0.74,0.97,22845,31602,6334,15896,0.2,0.5,0.01,2,5,2,3,3,1
"H81002","Knowle Green Medical",0.99,66,66,49,59,35,41,1,0.83,0.85,17787,8661,1298,4257,0.15,0.49,0.01,2,3,2,2,2,1
"H81672","Lantern Surgery",1,59,59,46,54,45,46,1,0.85,0.98,31260,6333,1137,3241,0.18,0.51,0.01,1,2,2,3,4,1
"H81113","Leith Hill Practice",1,75,76,58,68,74,79,0.99,0.85,0.94,21569,8051,2128,4018,0.26,0.5,0.01,2,3,2,5,3,1
"H81023","Lingfield Surgery",1,132,133,104,120,81,89,0.99,0.87,0.91,16256,11218,2615,5710,0.23,0.51,0.01,2,4,3,4,4,1
"H81038","Littleton Surgery",1,33,34,19,25,30,32,0.97,0.76,0.94,32847,3554,730,1653,0.21,0.47,0.01,1,1,2,4,1,1
"H81080","Longcroft Clinic",1,179,181,106,135,103,114,0.99,0.79,0.9,30309,10355,3000,5387,0.29,0.52,0.02,1,4,5,5,5,1
"H81034","Madeira Medical",1,109,112,67,78,82,90,0.97,0.86,0.91,26458,8819,1928,4404,0.22,0.5,0.01,1,3,3,4,3,1
"H81643","Maybury Surgery",1,11,11,18,22,2,2,1,0.82,1,9563,3980,256,1847,0.06,0.46,0,4,1,1,1,1,1
"H81072","Medwyn Surgery",1,146,148,110,128,85,97,0.99,0.86,0.88,27866,13982,2546,7055,0.18,0.5,0.01,1,5,2,3,3,1
"H81035","Merrow Park Surgery",1,92,94,84,101,57,64,0.98,0.83,0.89,30346,11789,2031,5859,0.17,0.5,0.01,1,4,2,3,2,1
"H81638","Modality East Surrey Medical Practice",1,434,445,347,416,233,264,0.98,0.83,0.88,14215,38408,7266,19191,0.19,0.5,0.01,3,5,3,3,3,1
"H81618","Molebridge Practice",1,83,83,52,75,49,55,1,0.69,0.89,8947,6037,1173,2965,0.19,0.49,0.01,4,2,4,3,2,1
"H81658","New Ottershaw Surgery",1,90,91,54,65,55,56,0.99,0.83,0.98,29790,6087,1327,3183,0.22,0.52,0.01,1,2,4,4,5,1
"H81011","Nork Clinic",1,75,77,51,64,41,47,0.97,0.8,0.87,29998,8546,1724,4411,0.2,0.52,0.01,1,3,2,4,5,1
"H81107","Oxshott Medical Practice",1,79,80,46,64,56,64,0.99,0.72,0.88,32085,8006,1448,4043,0.18,0.5,0.01,1,3,2,3,3,1
"H81056","Oxted Health Centre",0.99,237,242,160,214,139,164,0.98,0.75,0.85,31704,17012,3862,8756,0.23,0.51,0.01,1,5,4,4,5,1
"H81036","Parishes Bridge Med.Pract",1,102,121,74,90,73,88,0.84,0.82,0.83,26458,9932,2147,4928,0.22,0.5,0.01,1,3,3,4,2,1
"H81073","Phoenix Family Practice",1,209,210,138,164,146,164,1,0.84,0.89,29907,24804,4569,12483,0.18,0.5,0.01,1,5,2,3,3,1
"H81129","Pirbright Surgery",1,28,28,27,29,31,33,1,0.93,0.94,30256,4722,729,2453,0.15,0.52,0.01,1,1,1,2,5,1
"H81005","Pond Tail Surgery",1,65,66,41,47,46,47,0.98,0.87,0.98,21163,6611,1470,3346,0.22,0.51,0.01,2,2,2,4,4,1
"H81656","Shadbolt Park House Surg",0.85,97,97,55,69,61,69,1,0.8,0.88,28220,7124,1689,3568,0.24,0.5,0.01,1,2,4,4,3,1
"H81123","Sheerwater Health Centre",1,32,32,23,24,12,12,1,0.96,1,9563,3419,322,1715,0.09,0.5,0.01,4,1,2,1,3,1
"H81004","Shepperton Medical Practice",1,194,196,108,132,129,146,0.99,0.82,0.88,27693,12562,3475,6421,0.28,0.51,0.02,1,4,4,5,4,1
"H81077","Sheresurgeryanddispensary",1,84,84,63,83,55,60,1,0.76,0.92,20140,8243,1965,4197,0.24,0.51,0.01,2,3,2,4,4,1
"H81041","Southview Medical Practice",1,126,129,90,115,49,54,0.98,0.78,0.91,19505,10840,1585,5329,0.15,0.49,0.01,2,4,3,2,2,1
"H81091","Spring Street Surgery",1,123,126,97,127,65,71,0.98,0.76,0.92,22265,14708,2335,7519,0.16,0.51,0.01,2,5,2,2,4,1
"H81044","Springfield Surgery",0.95,59,60,39,47,55,61,0.98,0.83,0.9,15865,4878,1288,2532,0.26,0.52,0.01,3,1,3,5,5,1
"H81087","St David's Family Practice",1,122,125,100,126,67,70,0.98,0.79,0.96,9971,15445,1742,7493,0.11,0.49,0.01,3,5,2,1,1,1
"H81025","St John's Family Practice",1,156,159,124,141,103,110,0.98,0.88,0.94,24005,11287,2693,5605,0.24,0.5,0.01,1,4,4,4,2,1
"H81074","St Stephens House Surgery",1,105,112,66,76,55,68,0.94,0.87,0.81,31411,6664,1497,3407,0.22,0.51,0.02,1,2,4,4,4,1
"H81085","St. Luke's Surgery",1,105,107,70,83,69,78,0.98,0.84,0.88,29009,11397,2010,5772,0.18,0.51,0.01,1,4,2,3,4,1
"H81134","Staines Health Group",1,143,146,88,107,79,88,0.98,0.82,0.9,17787,13123,2480,6534,0.19,0.5,0.01,2,4,3,3,2,1
"H81104","Stanwell Road Surgery",1,71,71,54,85,30,38,1,0.64,0.79,18172,8907,1306,4406,0.15,0.49,0.01,2,3,2,2,2,1
"H81009","Studholme Medical Centre",1,218,222,161,206,117,130,0.98,0.78,0.9,18172,15851,3124,7929,0.2,0.5,0.01,2,5,4,3,3,1
"H81003","Sunbury Group Practice",1,206,210,149,182,138,153,0.98,0.82,0.9,29425,19202,3576,9697,0.19,0.5,0.01,1,5,3,3,3,1
"H81019","Sunny Meed Surgery",1,108,109,79,100,70,80,0.99,0.79,0.88,33215,13618,2093,6744,0.15,0.5,0.01,1,4,2,2,2,1
"H81081","Tadworth Medical Centre",1,138,142,103,129,84,91,0.97,0.8,0.92,10104,9907,2169,5041,0.22,0.51,0.01,3,3,4,4,4,1
"H81126","Tattenham Health Centre",1,101,101,71,78,78,89,1,0.91,0.88,30141,7872,1784,4121,0.23,0.52,0.01,1,3,3,4,5,1
"H81084","The Horsley Medical Practice",1,119,120,81,92,89,100,0.99,0.88,0.89,31259,10604,2690,5375,0.25,0.51,0.01,1,4,3,5,4,1
"H81030","The House Partnership",1,260,260,183,243,127,145,1,0.75,0.88,11743,28852,4181,14397,0.14,0.5,0.01,3,5,2,2,3,1
"H81021","The Mill Medical Practice",1,108,111,86,114,88,99,0.97,0.75,0.89,21941,16910,3085,8601,0.18,0.51,0.01,2,5,1,3,4,1
"H81632","The Orchard Surgery",1,34,37,29,32,22,22,0.92,0.91,1,22783,3043,562,1550,0.18,0.51,0.01,2,1,3,3,4,1
"H81641","The Practice College Road",0.67,16,16,19,24,5,5,1,0.79,1,9563,3952,337,1800,0.09,0.46,0,4,1,1,1,1,1
"H81094","The Red Practice Walton",0.98,100,102,55,85,51,65,0.98,0.65,0.78,8831,10563,1754,5400,0.17,0.51,0.01,4,4,2,3,4,1
"H81089","The Wall House Surgery",1,208,212,158,180,123,133,0.98,0.88,0.92,28123,22487,3386,11462,0.15,0.51,0.01,1,5,2,2,4,1
"H81131","The White Practice",1,25,26,21,27,17,19,0.96,0.78,0.89,8831,4252,658,2100,0.15,0.49,0.01,4,1,1,2,2,1
"H81095","The Yellow Practice",1,26,26,25,26,21,21,1,0.96,1,8831,3627,681,1715,0.19,0.47,0.01,4,1,2,3,1,1
"H81086","Thorkhill Surgery",1,57,57,41,46,33,36,1,0.89,0.92,32502,4955,958,2467,0.19,0.5,0.01,1,1,3,3,2,1
"H81642","Upper Halliford Medical Centre",0.96,38,42,33,42,32,34,0.9,0.79,0.94,17524,4445,735,2219,0.17,0.5,0.01,2,1,2,3,3,1
"H81053","Villages Medical Ctr",1,79,80,75,83,60,60,0.99,0.9,1,30881,8815,1981,4480,0.22,0.51,0.01,1,3,2,4,4,1
"H81128","Vine Medical Centre",1,93,95,56,70,74,80,0.98,0.8,0.92,33075,8395,1705,4395,0.2,0.52,0.01,1,3,3,4,5,1
"H81111","Virginia Water Medical Practice",1,61,61,40,52,44,49,1,0.77,0.9,30927,5848,1258,3060,0.22,0.52,0.01,1,2,2,4,5,1
"H81119","Warlingham Green Med Prac",1,212,214,174,213,113,124,0.99,0.82,0.91,26584,21516,3512,10925,0.16,0.51,0.01,1,5,2,3,4,1
"H81046","Wayside Medical Practice",0.82,58,59,24,41,30,39,0.98,0.59,0.77,22472,6949,1118,3504,0.16,0.5,0.01,2,2,2,2,3,1
"H81050","Wey Family Practice",1,123,125,91,117,76,88,0.98,0.78,0.86,26458,12319,2503,6375,0.2,0.52,0.01,1,4,2,4,5,1
"H81031","Witley Surgery",0.82,97,115,58,91,59,81,0.84,0.64,0.73,26639,11571,2209,5835,0.19,0.5,0.01,1,4,2,3,3,1
"H81043","Wonersh Surgery",1,105,106,65,84,73,79,0.99,0.77,0.92,31248,10497,2497,5599,0.24,0.53,0.01,1,4,2,4,5,1
"H81090","Woodbridge Hill Surgery",0.96,78,80,59,76,39,42,0.98,0.78,0.93,30157,16365,1627,7803,0.1,0.48,0,1,5,1,1,1,1
"H81058","Woodlands Road Medical Centre",1,83,84,83,101,35,36,0.99,0.82,0.97,24995,10017,1623,4918,0.16,0.49,0.01,1,3,2,3,2,1
"J83035","Abbey Meads Medical Pract",0.98,117,118,108,123,45,52,0.99,0.88,0.87,33038,14620,1788,7371,0.12,0.5,0.01,1,5,2,2,3,1
"J83036","Ashington House Surgery",1,129,129,101,117,36,39,1,0.86,0.92,21686,10358,2046,5241,0.2,0.51,0.01,2,4,3,3,4,1
"J83018","Avenue Surgery",1,376,381,212,264,192,206,0.99,0.8,0.93,15421,18106,5075,9441,0.28,0.52,0.02,3,5,5,5,5,1
"J83023","Avon Valley Practice",1,139,141,114,127,64,65,0.99,0.9,0.98,18734,8717,2012,4628,0.23,0.53,0.02,2,3,4,4,5,1
"J83005","Barcroft Medical Centre",1,161,164,134,166,81,92,0.98,0.81,0.88,20910,10930,2161,5656,0.2,0.52,0.02,2,4,4,3,5,1
"L81027","Batheaston Medical Centre",1,103,104,63,75,74,82,0.99,0.84,0.9,21077,8696,2120,4505,0.24,0.52,0.01,2,3,3,4,5,1
"J83013","Box Surgery",1,120,121,82,102,66,75,0.99,0.8,0.88,28352,7795,2069,4095,0.27,0.53,0.02,1,3,4,5,5,1
"J83030","Bradford-On-Avon And Melksham Health",1,294,299,196,248,185,203,0.98,0.79,0.91,29873,19168,5296,9870,0.28,0.51,0.02,1,5,4,5,5,1
"J83601","Burbage Surgery",0.98,51,52,40,45,29,32,0.98,0.89,0.91,22905,4156,1115,2120,0.27,0.51,0.01,2,1,3,5,4,1
"J83014","Castle Practice",1,184,187,158,180,91,96,0.98,0.88,0.95,9520,16492,2593,8813,0.16,0.53,0.01,4,5,3,2,5,1
"L81072","Chew Medical Practice",1,138,140,98,127,78,88,0.99,0.77,0.89,26749,10496,2590,5317,0.25,0.51,0.01,1,4,3,5,4,1
"L81065","Combe Down Surgery",1,167,167,111,141,94,106,1,0.79,0.89,32204,14044,2729,7272,0.19,0.52,0.01,1,5,3,3,5,1
"J83619","Courtyard Surgery",1,62,62,47,56,37,41,1,0.84,0.9,22687,3266,922,1656,0.28,0.51,0.02,2,1,5,5,4,1
"J83609","Cricklade Surgery",1,29,29,32,38,14,16,1,0.84,0.88,11565,3461,857,1779,0.25,0.51,0.01,3,1,2,5,5,1
"J83043","Downton Surgery",1,136,139,58,61,68,69,0.98,0.95,0.99,20013,6707,2109,3418,0.31,0.51,0.02,2,2,5,5,4,1
"J83047","Eldene Surgery",0.96,89,90,71,85,35,40,0.99,0.84,0.88,8119,8438,1561,4228,0.18,0.5,0.01,4,3,3,3,3,1
"L81059","Elm Hayes Surgery",1,112,112,91,105,64,72,1,0.87,0.89,15542,9008,1977,4553,0.22,0.51,0.01,3,3,3,4,3,1
"K84012","Elm Tree Surgery",1,43,44,51,64,37,41,0.98,0.8,0.9,28354,8719,1607,4581,0.18,0.53,0.01,1,3,1,3,5,1
"L81071","Fairfield Park Health Centre",0.98,112,113,83,107,62,67,0.99,0.78,0.93,28132,14368,2168,7720,0.15,0.54,0.01,1,5,2,2,5,1
"J83011","Giffords Primary Care Ctr",1,246,251,141,152,147,154,0.98,0.93,0.95,16504,14399,3748,7205,0.26,0.5,0.02,2,5,5,5,3,1
"J83003","Harcourt Medical Centre",0.95,297,305,159,176,224,239,0.97,0.9,0.94,16528,13094,3671,6904,0.28,0.53,0.02,2,4,5,5,5,1
"L81030","Harptree Surgery",0.96,88,93,57,84,40,48,0.95,0.68,0.83,23417,6760,1549,3344,0.23,0.49,0.01,1,2,4,4,2,1
"J83007","Hathaway Surgery",0.95,152,153,113,152,82,110,0.99,0.74,0.75,16231,15571,2743,7765,0.18,0.5,0.01,2,5,2,3,3,1
"J83027","Hawthorn Medical Centre",1,153,153,148,184,71,80,1,0.8,0.89,16700,12368,2326,6076,0.19,0.49,0.01,2,4,3,3,2,1
"L81039","Heart Of Bath",1,283,286,206,247,161,189,0.99,0.83,0.85,28429,25786,4946,12780,0.19,0.5,0.01,1,5,3,3,2,1
"L81123","Hillcrest Surgery",1,67,68,50,63,34,38,0.99,0.79,0.89,27412,5868,1308,2935,0.22,0.5,0.01,1,2,3,4,3,1
"J83630","Hindon Surgery",1,55,55,35,36,31,35,1,0.97,0.89,14594,2551,896,1313,0.35,0.51,0.02,3,1,5,5,5,1
"L81010","Hope House Surgery",1,83,84,62,78,41,43,0.99,0.79,0.95,9834,8081,1380,4083,0.17,0.51,0.01,3,3,2,3,3,1
"J83603","Jubilee Field Surgery",0.89,55,60,43,58,30,39,0.92,0.74,0.77,22346,4875,1294,2490,0.27,0.51,0.01,2,1,3,5,4,1
"J83037","Kennet And Avon Medical Partnership",1,298,301,123,157,148,153,0.99,0.78,0.97,26088,17089,4627,8618,0.27,0.5,0.02,1,5,5,5,3,1
"J83038","Kingswood Surgery",0.96,141,160,142,210,61,72,0.88,0.68,0.85,5465,29028,2750,13773,0.09,0.47,0.01,4,5,1,1,1,1
"J83034","Lansdowne Surgery",1,146,147,69,90,76,84,0.99,0.77,0.9,17036,6838,2081,3516,0.3,0.51,0.02,2,2,5,5,5,1
"J83625","Lodge Surgery",1,80,82,66,84,33,38,0.98,0.79,0.87,32443,8362,1505,4259,0.18,0.51,0.01,1,3,2,3,4,1
"J83008","Lovemead Group Practice",1,268,268,194,226,144,160,1,0.86,0.9,11385,19296,4065,9775,0.21,0.51,0.01,3,5,4,4,4,1
"J83041","Malmesbury Medical Partnership",0.99,243,246,161,207,174,193,0.99,0.78,0.9,29059,16716,4310,8539,0.26,0.51,0.01,1,5,4,5,4,1
"J83056","Market Lavington Surgery",0.94,71,71,42,56,34,38,1,0.75,0.89,14968,5498,1550,2792,0.28,0.51,0.01,3,2,3,5,4,1
"J83001","Merchiston Surgery",0.99,197,202,134,176,115,124,0.98,0.76,0.93,20425,13538,3407,6885,0.25,0.51,0.01,2,4,4,5,4,1
"J83060","Mere Surgery",0.95,92,92,68,75,59,64,1,0.91,0.92,26642,5030,1743,2585,0.35,0.51,0.02,1,1,5,5,5,1
"J83055","New Court Surgery",1,133,137,93,104,74,86,0.97,0.89,0.86,18576,9896,2353,5047,0.24,0.51,0.01,2,3,4,4,4,1
"L81070","Newbridge Surgery",1,111,112,80,96,64,69,0.99,0.83,0.93,32043,8931,1901,4628,0.21,0.52,0.01,1,3,3,4,5,1
"J83057","North Swindon Practice",0.8,220,235,176,224,125,138,0.94,0.79,0.91,13983,19948,3738,10263,0.19,0.51,0.01,3,5,3,3,5,1
"J83039","Northlands Surgery",0.94,192,196,138,178,73,82,0.98,0.78,0.89,13657,13932,3128,7133,0.22,0.51,0.01,3,4,4,4,4,1
"J83615","Old School House Surgery",1,53,53,36,44,27,29,1,0.82,0.93,19613,3501,917,1749,0.26,0.5,0.02,2,1,4,5,3,1
"J83022","Old Town Surgery",1,78,78,58,75,34,39,1,0.77,0.87,33396,9362,1401,4594,0.15,0.49,0.01,1,3,2,2,2,1
"J83646","Park Lane Practice",1,56,57,38,48,28,29,0.98,0.79,0.97,11946,7682,837,3524,0.11,0.46,0.01,3,3,2,1,1,1
"J83050","Patford House Partnership",0.94,161,175,110,154,76,92,0.92,0.71,0.83,21790,14752,3024,7481,0.2,0.51,0.01,2,5,3,4,4,1
"J83645","Phoenix Surgery",1,41,41,40,53,15,17,1,0.75,0.88,2654,4297,690,2125,0.16,0.49,0.01,5,1,2,2,2,1
"J83010","Porch Surgery",1,179,181,132,138,81,87,0.99,0.96,0.93,26997,11739,2847,6073,0.24,0.52,0.02,1,4,4,4,5,1
"J83024","Priory Road Medical Centre",0.99,123,136,106,137,49,51,0.9,0.77,0.96,4129,8845,1614,4557,0.18,0.52,0.02,5,3,4,3,5,1
"J83006","Purton Surgery",1,136,139,74,103,76,98,0.98,0.72,0.78,14849,10871,2652,5495,0.24,0.51,0.01,3,4,3,4,3,1
"J83045","Ramsbury Surgery",1,129,130,71,89,83,91,0.99,0.8,0.91,23798,10228,2624,5234,0.26,0.51,0.01,1,4,3,5,4,1
"J83064","Ridge Green Medical Practice",1,82,82,76,101,26,29,1,0.75,0.9,30324,12183,1785,6184,0.15,0.51,0.01,1,4,1,2,4,1
"J83009","Ridgeway View Family Practice",1,243,249,148,185,157,166,0.98,0.8,0.95,15176,14900,3524,7657,0.24,0.51,0.02,3,5,4,4,5,1
"J83042","Rowden Surgery",1,267,274,156,209,138,156,0.97,0.75,0.88,9234,19581,4122,9865,0.21,0.5,0.01,4,5,4,4,3,1
"L81644","Rush Hill Surgery",1,105,105,54,65,73,82,1,0.83,0.89,30929,9186,1416,4793,0.15,0.52,0.01,1,3,3,2,5,1
"J83021","Salisbury Medical Practice",0.97,357,363,240,309,190,216,0.98,0.78,0.88,21390,24489,4597,12574,0.19,0.51,0.01,2,5,4,3,5,1
"J83052","Sarum Health Group",1,136,139,111,133,49,55,0.98,0.83,0.89,9857,12649,1766,6527,0.14,0.52,0.01,3,4,3,2,5,1
"J83629","Silton Surgery",0.82,47,49,27,35,20,25,0.96,0.77,0.8,19125,2308,837,1181,0.36,0.51,0.02,2,1,5,5,4,1
"J81083","Sixpenny Handley Surgery",1,90,92,45,67,43,48,0.98,0.67,0.9,14851,4010,1271,2070,0.32,0.52,0.02,3,1,5,5,5,1
"L81025","Somer Valley Medical Group",1,310,311,181,223,165,182,1,0.81,0.91,19745,18840,4756,9476,0.25,0.5,0.02,2,5,4,5,3,1
"J83049","Southbroom Surgery",0.99,162,167,106,125,97,106,0.97,0.85,0.92,20597,12411,2928,6530,0.24,0.53,0.01,2,4,3,4,5,1
"J83046","Spa Medical Centre",1,184,184,116,139,85,91,1,0.83,0.93,16608,15363,3405,7986,0.22,0.52,0.01,2,5,3,4,5,1
"L81045","St Augustine's Medical Practice",1,311,315,200,235,196,226,0.99,0.85,0.87,25734,19686,4977,10123,0.25,0.51,0.02,1,5,4,5,5,1
"J83048","St Melor House Surgery",0.97,109,114,72,83,45,47,0.96,0.87,0.96,20910,6834,1375,3524,0.2,0.52,0.02,2,2,4,3,5,1
"J83053","St. James Surgery",1,89,89,72,83,47,52,1,0.87,0.9,20597,7449,1940,3872,0.26,0.52,0.01,2,2,3,5,5,1
"L81122","St. Mary's Surgery",1,71,73,53,64,55,58,0.97,0.83,0.95,16874,5624,1579,2829,0.28,0.5,0.01,2,2,3,5,3,1
"L81069","St. Michael's Surgery",1,92,94,95,107,40,43,0.98,0.89,0.93,4608,8307,1236,4224,0.15,0.51,0.01,4,3,3,2,4,1
"J83059","The Lawn Medical Centre",1,124,133,79,107,73,88,0.93,0.74,0.83,33175,9473,1845,4911,0.19,0.52,0.01,1,3,4,3,5,1
"J83019","The Orchard Partnership",0.99,294,311,169,216,155,178,0.95,0.78,0.87,26348,12299,3906,6365,0.32,0.52,0.03,1,4,5,5,5,1
"L81068","The Pulteney Practice",1,126,129,104,126,75,81,0.98,0.83,0.93,14815,12826,2689,6324,0.21,0.49,0.01,3,4,2,4,2,1
"J83618","The Tolsey Surgery",1,53,56,37,40,24,26,0.95,0.92,0.92,19456,3438,873,1737,0.25,0.51,0.02,2,1,4,5,3,1
"J83026","Three Chequers Medical Practice",1,520,527,319,366,318,346,0.99,0.87,0.92,9857,23780,6162,12094,0.26,0.51,0.02,3,5,5,5,4,1
"J83029","Tinkers Lane Surgery",1,130,133,81,109,81,94,0.98,0.74,0.86,12584,8903,2293,4625,0.26,0.52,0.01,3,3,4,5,5,1
"J83058","Tisbury Surgery",1,165,166,66,73,85,95,0.99,0.9,0.89,14961,4236,1375,2197,0.32,0.52,0.04,3,1,5,5,5,1
"J83016","Trowbridge Health Centre",1,435,444,233,295,153,174,0.98,0.79,0.88,15122,31825,6300,15886,0.2,0.5,0.01,3,5,4,3,3,1
"J83633","Victoria Cross Surgery",0.98,110,110,85,97,47,49,1,0.88,0.96,11748,10232,1771,4849,0.17,0.47,0.01,3,4,3,3,1,1
"L81073","West View Surgery",1,127,130,82,100,55,57,0.98,0.82,0.96,20867,8104,1734,4170,0.21,0.51,0.02,2,3,4,4,5,1
"J83040","Westbury Group Practice",1,311,315,183,220,148,166,0.99,0.83,0.89,21323,24749,5200,12661,0.21,0.51,0.01,2,5,3,4,4,1
"L81132","Westfield Surgery",1,43,43,39,49,17,18,1,0.8,0.94,26909,5220,788,2629,0.15,0.5,0.01,1,1,2,2,3,1
"J83002","Westrop Medical Practice",1,422,427,376,439,226,255,0.99,0.86,0.89,9838,49119,7511,24638,0.15,0.5,0.01,3,5,2,2,3,1
"J83033","Whalebridge Practice",1,160,163,163,192,76,81,0.98,0.85,0.94,7961,21349,2577,10188,0.12,0.48,0.01,4,5,2,2,1,1
"J83004","Whiteparish Surgery",1,184,187,105,116,104,114,0.98,0.91,0.91,26575,7710,2295,3989,0.3,0.52,0.02,1,3,5,5,5,1
"L81020","Widcombe Surgery",1,106,109,65,82,47,57,0.97,0.79,0.82,22929,9176,1631,4584,0.18,0.5,0.01,2,3,3,3,3,1
"F83019","Abbey Medical Centre",1,86,87,108,137,53,60,0.99,0.79,0.88,6305,13445,1687,6681,0.13,0.5,0.01,4,4,1,2,2,1
"F85029","Abernethy House Surgery",1,167,170,112,143,101,107,0.98,0.78,0.94,24100,12125,2709,6330,0.22,0.52,0.01,1,4,4,4,5,1
"E83044","Addington Medical Centre",0.89,87,94,44,75,51,65,0.93,0.59,0.78,11137,9764,1833,5085,0.19,0.52,0.01,3,3,2,3,5,1
"F83020","Adelaide Medical Centre",1,100,101,82,103,60,67,0.99,0.8,0.9,8539,11503,1757,5854,0.15,0.51,0.01,4,4,2,2,4,1
"E83600","Adler Js-The Surgery",1,52,52,32,33,38,39,1,0.97,0.97,19531,7578,647,3673,0.09,0.48,0.01,2,2,1,1,1,1
"F83006","Ampthill & Regents Park Practice",0.73,96,110,103,135,47,56,0.87,0.76,0.84,7184,15729,1640,7941,0.1,0.5,0.01,4,5,1,1,3,1
"F83652","Amwell Group Practice",1,50,51,58,74,23,24,0.98,0.78,0.96,11280,11835,892,5574,0.08,0.47,0,3,4,1,1,1,1
"F83666","Andover Medical Centre",1,42,42,36,41,27,28,1,0.88,0.96,9862,6941,654,3522,0.09,0.51,0.01,3,2,1,1,4,1
"Y00057","Angel Surgery",1,52,53,80,92,12,13,0.98,0.87,0.92,4076,15413,1187,7507,0.08,0.49,0,5,5,1,1,2,1
"F85034","Arcadian Gardens Surgery",1,34,35,37,43,27,28,0.97,0.86,0.96,6196,8334,898,4084,0.11,0.49,0,4,3,1,1,2,1
"F83004","Archway Medical Centre",1,44,45,43,53,20,21,0.98,0.81,0.95,6261,31992,822,16087,0.03,0.5,0,4,5,1,1,3,1
"F85700","Arnos Grove Medical Centr",1,36,36,40,50,14,16,1,0.8,0.88,11752,8259,693,3932,0.08,0.48,0,3,3,1,1,1,1
"F83033","Barnsbury Medical Practice",1,25,25,20,27,11,12,1,0.74,0.92,5066,6144,423,3253,0.07,0.53,0,4,2,1,1,5,1
"F83658","Belsize Priory Medical Practice (Group)",1,46,46,45,51,13,14,1,0.88,0.93,5822,6162,634,3158,0.1,0.51,0.01,4,2,2,1,5,1
"F85625","Bincote Surgery",1,47,48,30,40,46,50,0.98,0.75,0.92,24267,6864,1225,3479,0.18,0.51,0.01,1,2,1,3,4,1
"F85044","Bounces Road Surgery Ltd",1,29,30,38,50,19,19,0.97,0.76,1,3182,7022,709,3483,0.1,0.5,0,5,2,1,1,2,1
"F85676","Boundary House Surgery",1,23,23,31,35,14,16,1,0.89,0.88,3182,5638,677,2863,0.12,0.51,0,5,2,1,2,4,1
"F85066","Bounds Green Group Practice",0.92,66,73,71,110,45,55,0.9,0.65,0.82,13162,18946,2439,9381,0.13,0.5,0,3,5,1,2,2,1
"Y03135","Bridge House Medical Practice",1,27,27,30,41,18,18,1,0.73,1,4996,9233,846,4134,0.09,0.45,0,4,3,1,1,1,1
"F83059","Brondesbury Medical Centre",1,143,144,135,160,59,68,0.99,0.84,0.87,5922,23015,1895,10464,0.08,0.45,0.01,4,5,1,1,1,1
"F83052","Brookfield Park Surgery",1,26,26,29,33,11,12,1,0.88,0.92,8144,3837,603,1992,0.16,0.52,0.01,4,1,1,2,5,1
"F85028","Bruce Grove Primary Health Care Ctr",1,33,33,46,54,21,23,1,0.85,0.91,2196,7074,891,3060,0.13,0.43,0,5,2,1,2,1,1
"F83048","Brunswick Medical Centre Uhpc",1,30,30,38,43,8,8,1,0.88,1,3936,9409,639,4697,0.07,0.5,0,5,3,1,1,3,1
"E83621","Brunswick Park Medical Practice",1,57,58,61,75,43,46,0.98,0.81,0.93,23486,9204,1693,4603,0.18,0.5,0.01,1,3,1,3,3,1
"F83022","Caversham Group Practice",1,117,118,129,154,71,80,0.99,0.84,0.89,7350,16692,2156,8579,0.13,0.51,0.01,4,5,1,2,5,1
"F85682","Chalfont Surgery",1,27,27,45,52,10,10,1,0.87,1,888,6195,705,3096,0.11,0.5,0,5,2,1,1,3,1
"F85017","Charlton House Medical Centre",1,37,38,44,48,13,13,0.97,0.92,1,2196,6740,829,3072,0.12,0.46,0.01,5,2,1,2,1,1
"F85640","Cheshire Road Surgery",1,31,31,38,45,18,19,1,0.84,0.95,8282,6686,748,3217,0.11,0.48,0,4,2,1,1,1,1
"F83615","Cholmley Gardens Surgery",1,41,42,32,38,23,23,0.98,0.84,1,25116,8260,1045,4090,0.13,0.5,0.01,1,3,1,2,2,1
"F85061","Christchurch Hall Surgery",1,22,22,26,31,9,9,1,0.84,1,28833,2919,514,1460,0.18,0.5,0.01,1,1,2,3,3,1
"F83064","City Road Medical Centre",0.99,37,37,46,56,23,26,1,0.82,0.88,6911,9487,661,4633,0.07,0.49,0,4,3,1,1,2,1
"F83624","Clerkenwell Medical Practice",1,48,49,54,63,20,21,0.98,0.86,0.95,11280,16949,767,8221,0.05,0.49,0,3,5,1,1,1,1
"F85016","Cockfosters Medical Ctre",0.87,49,55,42,56,31,40,0.89,0.75,0.78,16198,7140,1621,3590,0.23,0.5,0.01,2,2,2,4,3,1
"E83637","Colindale Medical Centre Lp",1,40,41,46,55,20,22,0.98,0.84,0.91,9066,12192,832,5943,0.07,0.49,0,4,4,1,1,2,1
"E83034","Colney Hatch Lane Surgery",0.93,46,47,30,44,20,25,0.98,0.68,0.8,22937,5023,870,2492,0.17,0.5,0.01,2,1,2,3,2,1
"E83013","Cornwall House Surgery",1,37,38,28,31,23,26,0.97,0.9,0.88,16400,5867,970,2908,0.17,0.5,0.01,2,2,1,3,2,1
"Y02986","Cricklewood Health Centre",0.75,10,10,20,25,1,1,1,0.8,1,3978,5202,216,2539,0.04,0.49,0,5,1,1,1,2,1
"F85069","Crouch Hall Road Surgery",1,66,67,48,65,33,35,0.99,0.74,0.94,28833,8397,1263,4408,0.15,0.52,0.01,1,3,2,2,5,1
"Y03664","Dr Azim & Partners",0.56,42,50,44,57,14,15,0.84,0.77,0.93,7872,8693,927,3979,0.11,0.46,0.01,4,3,1,1,1,1
"F85666","Dr Me Silver's Practice",1,38,39,36,48,10,10,0.97,0.75,1,1947,3893,496,1942,0.13,0.5,0.01,5,1,2,2,3,1
"F83678","Dr Segarajasinghe",1,14,14,24,26,4,4,1,0.92,1,11280,2135,398,1010,0.19,0.47,0.01,3,1,1,3,1,1
"E83668","Dr Sp Talpahewa",0.82,20,20,23,29,8,8,1,0.79,1,23211,3994,509,1790,0.13,0.45,0.01,2,1,1,2,1,1
"F85004","Eagle House Surgery",0.92,96,108,127,144,48,50,0.89,0.88,0.96,3449,12544,1897,6322,0.15,0.5,0.01,5,4,2,2,3,1
"E83613","East Barnet Health Centre",1,106,109,92,107,56,64,0.97,0.86,0.88,13655,11383,1967,5827,0.17,0.51,0.01,3,4,2,3,4,1
"F85634","East Enfield Medical Centre",0.96,46,47,46,58,20,21,0.98,0.79,0.95,3449,9411,882,4627,0.09,0.49,0,5,3,1,1,2,1
"E83050","East Finchley Medical Centre",0.92,46,47,40,62,26,35,0.98,0.65,0.74,24648,7494,1151,3706,0.15,0.49,0.01,1,2,1,2,2,1
"F83012","Elizabeth Avenue Group Practice",1,61,61,67,76,28,30,1,0.88,0.93,6951,7505,1129,3770,0.15,0.5,0.01,4,2,2,2,3,1
"Y03402","Evergreen Primary Care Centre",1,73,75,93,119,25,27,0.97,0.78,0.93,888,19479,1638,9445,0.08,0.48,0,5,5,1,1,1,1
"F85071","Fernlea Surgery",1,49,50,71,88,28,31,0.98,0.81,0.9,1211,12441,911,5877,0.07,0.47,0,5,4,1,1,1,1
"E83045","Friern Barnet Medical Centre",1,88,88,71,89,43,45,1,0.8,0.96,12075,9813,1391,4963,0.14,0.51,0.01,3,3,2,2,4,1
"F85701","Gillan House Surgery",1,97,97,87,115,55,61,1,0.76,0.9,15072,12843,1380,6321,0.11,0.49,0.01,3,4,2,1,2,1
"F83005","Gower Street Practice",1,15,15,17,19,7,8,1,0.89,0.88,19709,19277,313,10945,0.02,0.57,0,2,5,1,1,5,1
"F83042","Gray's Inn Medical Group Chancery Lane",1,24,24,38,47,7,7,1,0.81,1,16484,8617,487,4184,0.06,0.49,0,2,3,1,1,2,1
"F83633","Gray's Inn Medical Group Hampstead",0.86,17,21,15,19,12,13,0.81,0.79,0.92,30062,5037,464,2491,0.09,0.49,0,1,1,1,1,2,1
"F83050","Gray's Inn Medical Group West Hampstead",0.84,11,12,8,9,11,13,0.92,0.89,0.85,20753,3406,500,1664,0.15,0.49,0,2,1,1,2,2,1
"Y00612","Green Cedars Medical Centre",1,19,19,23,28,12,12,1,0.82,1,2724,4811,520,2363,0.11,0.49,0,5,1,1,1,2,1
"E83006","Greenfield Medical Centre",1,50,50,42,47,43,46,1,0.89,0.93,17259,7086,966,3486,0.14,0.49,0.01,2,2,1,2,2,1
"F85623","Grove Road Surgery",1,14,14,19,26,9,10,1,0.73,0.9,4892,4631,461,2213,0.1,0.48,0,4,1,1,1,1,1
"F85072","Grovelands Medical Centre",0.74,56,56,49,60,44,51,1,0.82,0.86,18452,9794,1641,4843,0.17,0.49,0.01,2,3,1,3,2,1
"F83017","Hampstead Group Practice",1,134,136,140,165,88,96,0.99,0.85,0.92,19019,17978,2152,9346,0.12,0.52,0.01,2,5,2,2,5,1
"Y01066","Hanley Primary Care Centre",1,22,22,36,43,5,7,1,0.84,0.71,3793,9043,536,4602,0.06,0.51,0,5,3,1,1,4,1
"F85060","Havergal Surgery",1,33,33,28,34,12,12,1,0.82,1,7915,5453,615,2589,0.11,0.47,0.01,4,2,1,1,1,1
"E83008","Heathfielde Medical Centre",0.95,72,73,49,61,44,50,0.99,0.8,0.88,23375,8463,1486,4369,0.18,0.52,0.01,1,3,2,3,5,1
"Y03663","Hendon Way Surgery",1,35,37,29,36,12,13,0.95,0.81,0.92,6925,9618,813,4840,0.08,0.5,0,4,3,1,1,3,1
"F85064","High Road Surgery (Stuart Crescent Hc)",1,48,49,52,57,19,21,0.98,0.91,0.9,5014,7400,794,3506,0.11,0.47,0.01,4,2,1,1,1,1
"F83660","Highbury Grange Medical Practice",0.96,36,37,47,66,22,24,0.97,0.71,0.92,15558,9161,868,4544,0.09,0.5,0,3,3,1,1,2,1
"F85014","Highgate Group Practice",1,115,116,100,113,88,100,0.99,0.88,0.88,19076,16663,2824,8610,0.17,0.52,0.01,2,5,1,3,5,1
"F85035","Highlands Practice",0.83,95,96,60,79,69,77,0.99,0.76,0.9,15839,11558,2222,6026,0.19,0.52,0.01,3,4,2,3,5,1
"F83058","Holborn Medical Centre",1,38,38,35,43,19,20,1,0.81,0.95,16484,11285,756,5250,0.07,0.47,0,2,4,1,1,1,1
"F85046","Hornsey Park Surgery",1,20,20,30,35,8,9,1,0.86,0.89,6697,10902,541,5226,0.05,0.48,0,4,4,1,1,1,1
"F83010","Islington Central Medical Centre",1,89,92,82,87,43,43,0.97,0.94,1,7852,22058,1909,11442,0.09,0.52,0,4,5,1,1,5,1
"E83038","Jai Medical Centre",1,84,84,80,95,55,63,1,0.84,0.87,19783,9132,1372,4442,0.15,0.49,0.01,2,3,2,2,2,1
"F83023","James Wigg Practice",1,138,142,155,201,60,64,0.97,0.77,0.94,9932,22909,2557,11824,0.11,0.52,0.01,3,5,1,1,5,1
"F85705","Js Medical Practice",1,58,58,67,87,24,29,1,0.77,0.83,3592,12705,1185,5868,0.09,0.46,0,5,4,1,1,1,1
"F83623","Keats Group Practice",1,91,91,60,67,75,83,1,0.9,0.9,30406,13354,1980,6739,0.15,0.5,0.01,1,4,1,2,3,1
"F85010","Keats Surgery",1,27,27,30,37,10,11,1,0.81,0.91,835,4499,784,2185,0.17,0.49,0.01,5,1,1,3,2,1
"F83063","Killick Street Health Centre",1,74,75,92,107,32,36,0.99,0.86,0.89,14656,13511,1065,6895,0.08,0.51,0.01,3,4,1,1,4,1
"F83635","Kings Cross Surgery",1,9,9,15,20,7,7,1,0.75,1,3647,8763,263,4249,0.03,0.48,0,5,3,1,1,1,1
"E83053","Lane End Medical Group",1,127,129,96,129,74,84,0.98,0.74,0.88,10974,14644,2514,7166,0.17,0.49,0.01,3,5,2,3,2,1
"E83049","Langstone Way Surgery",0.8,32,37,27,41,24,27,0.86,0.66,0.89,17181,7713,953,3761,0.12,0.49,0,2,3,1,2,2,1
"F85663","Latymer Road Surgery",1,40,40,31,41,20,23,1,0.76,0.87,3607,4709,683,2413,0.15,0.51,0.01,5,1,2,2,5,1
"F85007","Lawrence House Surgery",1,86,87,109,134,35,37,0.99,0.81,0.95,3592,16712,1980,7829,0.12,0.47,0.01,5,5,1,2,1,1
"E83005","Lichfield Grove Surgery",1,43,43,32,43,31,32,1,0.74,0.97,13501,6211,733,3115,0.12,0.5,0.01,3,2,1,2,3,1
"E83017","Longrove Surgery",1,147,148,130,162,102,116,0.99,0.8,0.88,25879,17555,3264,8949,0.19,0.51,0.01,1,5,2,3,4,1
"F85002","Medicus Health Partners",1,546,561,580,726,309,344,0.97,0.8,0.9,3182,93770,12185,47291,0.13,0.5,0.01,5,5,1,2,3,1
"F83053","Mildmay Medical Practice",1,41,41,55,68,19,22,1,0.81,0.86,14877,7813,662,4081,0.08,0.52,0.01,3,3,1,1,5,1
"E83016","Millway Medical Practice",1,196,202,164,197,112,127,0.97,0.83,0.88,22855,23771,3521,12432,0.15,0.52,0.01,2,5,2,2,5,1
"F85650","Morecambe Surgery",1,41,41,43,56,23,25,1,0.77,0.92,6230,5990,816,2971,0.14,0.5,0.01,4,2,1,2,2,1
"F85019","Morris House Group Practice",1,109,110,107,135,44,48,0.99,0.79,0.92,2383,14837,1719,7518,0.12,0.51,0.01,5,5,2,2,4,1
"E83046","Mulberry Medical Practice",0.97,57,58,59,71,31,33,0.98,0.83,0.94,23211,8309,1100,4030,0.13,0.49,0.01,2,3,1,2,1,1
"F83061","Museum Practice",1,31,31,36,40,20,23,1,0.9,0.87,12105,5715,615,2898,0.11,0.51,0.01,3,2,1,1,4,1
"F83034","New North Health Centre",1,6,7,3,4,4,6,0.86,0.75,0.67,15447,1381,269,578,0.19,0.42,0.01,3,1,1,3,1,1
"F85058","Nightingale House Surgery",1,34,34,40,46,12,12,1,0.87,1,4933,6255,925,3154,0.15,0.5,0.01,4,2,1,2,3,1
"E83032","Oak Lodge Medical Centre",1,130,132,113,148,67,68,0.98,0.76,0.99,6171,17604,1794,8592,0.1,0.49,0.01,4,5,2,1,2,1
"E83003","Oakleigh Road Health Centre",1,91,101,69,82,56,67,0.9,0.84,0.84,13950,10375,1753,5373,0.17,0.52,0.01,3,4,2,3,5,1
"F85687","Oakwood Medical Centre",1,64,65,47,59,40,44,0.98,0.8,0.91,13741,8450,1223,4166,0.14,0.49,0.01,3,3,2,2,2,1
"F83003","Park End Surgery",1,71,72,49,58,55,57,0.99,0.84,0.96,30114,7962,1438,4191,0.18,0.53,0.01,1,3,2,3,5,1
"E83028","Parkview Surgery",1,29,29,40,48,9,9,1,0.83,1,8055,6320,661,3145,0.1,0.5,0,4,2,1,1,2,1
"F83057","Parliament Hill Surgery",1,45,46,41,49,20,23,0.98,0.84,0.87,7411,8393,978,4323,0.12,0.52,0.01,4,3,1,2,5,1
"F83681","Partnership Primary Care Centre",1,28,28,41,48,13,14,1,0.85,0.93,7197,8934,977,4216,0.11,0.47,0,4,3,1,1,1,1
"E83025","Pennine Drive Practice",0.95,52,52,57,66,29,34,1,0.86,0.85,9546,7931,1227,3853,0.15,0.49,0.01,4,3,1,2,2,1
"E83030","Penshurst Gardens Surgery",1,52,52,33,42,42,45,1,0.79,0.93,10974,7277,1299,3677,0.18,0.51,0.01,3,2,1,3,3,1
"E83009","Phgh Doctors",1,102,119,82,109,73,89,0.86,0.75,0.82,10442,12817,2277,6753,0.18,0.53,0.01,3,4,2,3,5,1
"F83011","Primrose Hill Surgery",1,46,46,40,53,29,31,1,0.75,0.94,26327,8654,1198,4589,0.14,0.53,0.01,1,3,1,2,5,1
"F83018","Prince Of Wales Group Surgery",1,60,60,54,62,23,26,1,0.87,0.88,4602,8259,907,4039,0.11,0.49,0.01,4,3,2,1,2,1
"F83632","Queens Crescent Practice",0.98,57,58,60,74,21,22,0.98,0.81,0.95,4602,6780,678,3215,0.1,0.47,0.01,4,2,2,1,1,1
"Y03035","Queenswood Medical Practice",1,154,156,120,160,60,68,0.99,0.75,0.88,27429,21760,2955,11061,0.14,0.51,0.01,1,5,2,2,4,1
"F85039","Rainbow Practice",1,23,23,45,49,16,17,1,0.92,0.94,888,7268,690,3805,0.09,0.52,0,5,2,1,1,5,1
"E83039","Ravenscroft Medical Centre",1,53,53,36,45,27,29,1,0.8,0.93,10123,5803,724,2648,0.12,0.46,0.01,3,2,2,2,1,1
"F83043","Ridgmount Practice",1,18,18,12,15,9,10,1,0.8,0.9,19709,16203,225,7573,0.01,0.47,0,2,5,1,1,1,1
"F83021","Ritchie Street Group Practice",1,82,84,89,110,52,57,0.98,0.81,0.91,13419,17306,1611,8412,0.09,0.49,0,3,5,1,1,2,1
"F83002","River Place Health Centre",1,54,55,78,95,20,23,0.98,0.82,0.87,6222,10748,1060,5496,0.1,0.51,0.01,4,4,1,1,4,1
"F83007","Roman Way Medical Centre",0.98,18,18,23,29,12,13,1,0.79,0.92,7852,3532,506,1720,0.14,0.49,0.01,4,1,1,2,2,1
"E83639","Rosemary Surgery",0.82,21,26,18,32,7,14,0.81,0.56,0.5,16832,6445,656,3195,0.1,0.5,0,2,2,1,1,2,1
"F85688","Rutland House Surgery",1,68,68,54,66,26,28,1,0.82,0.93,22766,10580,1445,5288,0.14,0.5,0.01,2,4,1,2,3,1
"F83680","Sobell Medical Centre",1,21,21,26,29,5,5,1,0.9,1,9411,4867,378,2355,0.08,0.48,0,4,1,1,1,1,1
"F83683","Somers Town Medical Centre",1,22,22,32,37,6,6,1,0.86,1,3647,6207,355,2955,0.06,0.48,0,5,2,1,1,1,1
"F85030","Somerset Gardens Family Health Centre",1,86,87,121,153,64,70,0.99,0.79,0.91,2747,13371,1576,6544,0.12,0.49,0.01,5,4,1,2,2,1
"F85032","Southgate",0.98,45,55,49,58,34,38,0.82,0.84,0.89,12452,9730,1642,4881,0.17,0.5,0.01,3,3,1,3,3,1
"E83007","Squires Lane Medical Practice",1,35,36,31,38,19,22,0.97,0.82,0.86,27228,5096,795,2502,0.16,0.49,0.01,1,1,1,2,2,1
"E83024","St Andrews Medical Practice.",0.69,119,122,78,103,85,90,0.98,0.76,0.94,22630,11622,2213,5968,0.19,0.51,0.01,2,4,2,3,5,1
"Y02117","St Ann's Road Surgery",1,53,54,89,115,28,30,0.98,0.77,0.93,4855,15863,1348,7809,0.08,0.49,0,4,5,1,1,2,1
"F83015","St Johns Way Medical Centre",1,93,93,99,116,36,37,1,0.85,0.97,6188,13018,1625,6642,0.12,0.51,0.01,4,4,1,2,4,1
"F83032","St Peter's Street Medical Practice",0.98,67,69,68,83,33,35,0.97,0.82,0.94,15078,11991,1142,5952,0.1,0.5,0.01,3,4,1,1,2,1
"F83672","St Philips Medical Centre",1,7,7,9,12,5,5,1,0.75,1,13237,16105,171,8683,0.01,0.54,0,3,5,1,1,5,1
"E83020","St. Georges Medical Centre",1,92,93,64,89,51,59,0.99,0.72,0.86,18025,12077,1563,6143,0.13,0.51,0.01,2,4,2,2,4,1
"F85008","Staunton Group Practice",1,77,79,102,129,29,33,0.97,0.79,0.88,9849,11949,1532,5688,0.13,0.48,0.01,3,4,1,2,1,1
"F83686","Stroud Green Medical Centre",1,21,21,28,38,6,6,1,0.74,1,9589,9849,556,5147,0.06,0.52,0,4,3,1,1,5,1
"F85065","Stuart Crescent Medical Practice",1,14,14,20,26,13,14,1,0.77,0.93,5014,3194,416,1564,0.13,0.49,0,4,1,1,2,2,1
"E83026","Supreme Medical Centre",0.98,21,21,19,22,23,23,1,0.86,1,13501,4052,861,2030,0.21,0.5,0.01,3,1,1,4,3,1
"F83665","Swiss Cottage Surgery",1,59,59,55,60,39,41,1,0.92,0.95,23800,17033,1215,8782,0.07,0.52,0,1,5,1,1,5,1
"E83622","Temple Fortune Medical Group",0.93,73,93,42,67,65,73,0.78,0.63,0.89,10442,9453,1451,4821,0.15,0.51,0.01,3,3,2,2,4,1
"F85067","The 157 Medical Practice",1,21,21,30,39,11,12,1,0.77,0.92,9589,4551,609,2129,0.13,0.47,0,4,1,1,2,1,1
"F85675","The Alexandra Surgery",1,27,27,27,34,19,19,1,0.79,1,24559,5529,914,2706,0.17,0.49,0,1,2,1,3,2,1
"F83671","The Beaumont Practice",0.99,23,23,26,32,5,5,1,0.81,1,4027,3270,302,1612,0.09,0.49,0.01,5,1,1,1,2,1
"F83044","The Bloomsbury Surgery",1,32,32,33,39,14,15,1,0.85,0.93,19128,8821,520,4766,0.06,0.54,0,2,3,1,1,5,1
"E83011","The Everglade Medical Practice",0.96,53,53,70,83,12,13,1,0.84,0.92,2331,11018,864,5576,0.08,0.51,0,5,4,1,1,4,1
"F83008","The Goodinge Group Practice",0.72,79,80,93,128,31,47,0.99,0.73,0.66,8472,12404,1444,6262,0.12,0.5,0.01,4,4,1,2,3,1
"E83649","The Hodford Road Practice",1,25,25,21,24,10,13,1,0.88,0.77,10219,4505,558,2266,0.12,0.5,0.01,3,1,1,2,3,1
"F83674","The Junction Medical Practice",1,74,76,67,87,29,31,0.97,0.77,0.94,10232,9213,1125,4485,0.12,0.49,0.01,3,3,2,2,2,1
"F83673","The Medical Centre",1,33,33,38,45,13,14,1,0.84,0.93,9411,6303,543,3062,0.09,0.49,0.01,4,2,1,1,2,1
"F83045","The Miller Practice",1,58,59,60,76,29,32,0.98,0.79,0.91,13674,9289,1354,4758,0.15,0.51,0.01,3,3,1,2,4,1
"F83056","The Mitchison Road Surgery",1,26,26,30,35,12,13,1,0.86,0.92,4796,9850,490,5153,0.05,0.52,0,4,3,1,1,5,1
"E83638","The Mountfield Surgery",1,47,47,48,57,29,30,1,0.84,0.97,23617,5088,987,2517,0.19,0.49,0.01,1,1,2,3,2,1
"F85063","The Muswell Hill Practice",0.99,91,91,73,96,60,74,1,0.76,0.81,22766,17440,2574,9170,0.15,0.53,0.01,2,5,1,2,5,1
"F85642","The North London Health Centre",0.86,55,55,51,66,35,38,1,0.77,0.92,7599,8975,1502,4600,0.17,0.51,0.01,4,3,1,3,5,1
"F83060","The Northern Medical Centre",0.99,42,46,48,65,25,28,0.91,0.74,0.89,24887,7354,770,3699,0.1,0.5,0.01,1,2,1,1,3,1
"E83012","The Old Court House Surgery",1,117,119,73,88,38,43,0.98,0.83,0.88,24553,10201,1939,5310,0.19,0.52,0.01,1,3,3,3,5,1
"F85697","The Old Surgery",1,6,6,11,11,7,8,1,1,0.88,12360,1749,253,743,0.14,0.42,0,3,1,1,2,1,1
"F85023","The Ordnance Unity Centre For Health",1,35,35,55,66,14,14,1,0.83,1,5194,13054,825,6654,0.06,0.51,0,4,4,1,1,4,1
"E83653","The Phoenix Practice",0.87,101,114,87,104,53,61,0.89,0.84,0.87,7294,12033,1540,6119,0.13,0.51,0.01,4,4,2,2,4,1
"E83027","The Practice At 188",1,85,85,45,45,69,70,1,1,0.99,8812,9981,1271,4683,0.13,0.47,0.01,4,3,2,2,1,1
"F83039","The Rise Group Practice",0.93,49,54,47,65,11,16,0.91,0.72,0.69,4027,4838,780,2494,0.16,0.52,0.01,5,1,3,2,5,1
"E83010","The Speedwell Practice",1,139,143,87,118,67,73,0.97,0.74,0.92,11509,12436,2038,6235,0.16,0.5,0.01,3,4,3,3,3,1
"F85678","The Town Surgery Ltd",1,21,21,28,34,6,6,1,0.82,1,20500,4301,399,2082,0.09,0.48,0,2,1,1,1,1,1
"Y01655","The Vale Practice",0.97,32,32,53,61,6,6,1,0.87,1,20471,10049,787,5060,0.08,0.5,0,2,3,1,1,3,1
"F83664","The Village Practice",1,49,49,52,65,14,15,1,0.8,0.93,2952,12153,654,6019,0.05,0.5,0,5,4,1,1,2,1
"E83031","The Village Surgery",0.99,59,60,46,60,33,36,0.98,0.77,0.92,6645,6124,986,3144,0.16,0.51,0.01,4,2,2,2,5,1
"F85020","The Woodberry Practice",1,56,57,53,69,37,44,0.98,0.77,0.84,24551,10105,1798,5083,0.18,0.5,0.01,1,3,1,3,3,1
"E83021","Torrington Park Group Practice",0.95,99,102,73,92,67,76,0.97,0.79,0.88,11509,12607,2170,6416,0.17,0.51,0.01,3,4,2,3,4,1
"F85615","Tottenham Health Centre",0.77,40,43,39,55,12,13,0.93,0.71,0.92,1758,5931,492,2859,0.08,0.48,0.01,5,2,2,1,1,1
"F85013","Tynemouth Medical Practice",1,40,41,58,83,21,25,0.98,0.7,0.84,4585,9444,853,4687,0.09,0.5,0,4,3,1,1,2,1
"E83041","Wakemans Hill Surgery",1,20,20,29,33,15,16,1,0.88,0.94,13265,4723,549,1936,0.12,0.41,0,3,1,1,2,1,1
"E83018","Watling Medical Centre",0.99,115,118,129,164,52,62,0.97,0.79,0.84,3668,18160,2807,9296,0.15,0.51,0.01,5,5,1,2,4,1
"F85628","Welbourne Gp Surgery, Welbourne H C",1,25,25,37,43,17,18,1,0.86,0.94,3626,7992,618,4137,0.08,0.52,0,5,3,1,1,5,1
"E83035","Wentworth Medical Practice.",1,129,132,111,134,102,115,0.98,0.83,0.89,29247,18421,2972,9136,0.16,0.5,0.01,1,5,2,2,2,1
"F85669","West Green Surgery",1,37,37,64,80,19,19,1,0.8,1,12360,23651,1039,11493,0.04,0.49,0,3,5,1,1,2,1
"F83055","West Hampstead Medical Centre",1,74,75,64,82,47,49,0.99,0.78,0.96,23496,23369,1568,12431,0.07,0.53,0,1,5,1,1,5,1
"F85031","Westbury Medical Centre",1,36,36,75,89,26,27,1,0.84,0.96,6384,12547,1228,6139,0.1,0.49,0,4,4,1,1,2,1
"F85025","White Lodge Medical Practice",0.85,104,120,105,144,74,84,0.87,0.73,0.88,12852,14940,2296,7671,0.15,0.51,0.01,3,5,2,2,5,1
"F85033","Winchmore Hill Practice",0.87,187,203,183,214,126,149,0.92,0.86,0.85,22522,21011,4472,10669,0.21,0.51,0.01,2,5,2,4,4,1
"Y00316","Woodlands Medical Practice",1,24,24,30,38,17,19,1,0.79,0.89,22043,5466,670,2840,0.12,0.52,0,2,2,1,2,5,1
"G81050","Arlington Road Surgery",1,252,252,113,132,149,161,1,0.86,0.93,11980,11803,3760,6258,0.32,0.53,0.02,3,4,5,5,5,1
"G81024","Ashdown Forest Health Centre",0.91,160,165,96,126,87,98,0.97,0.76,0.89,20664,10672,2772,5568,0.26,0.52,0.02,2,4,4,5,5,1
"G81019","Beacon Surgery",1,143,143,115,128,92,99,1,0.9,0.93,20416,11189,3023,5643,0.27,0.5,0.01,2,4,3,5,3,1
"G81086","Bird-In-Eye Surgery",0.79,84,100,62,87,31,44,0.84,0.71,0.7,23744,7772,1670,3989,0.21,0.51,0.01,1,3,3,4,5,1
"G81012","Bridgeside Surgery",0.93,108,115,76,85,53,61,0.94,0.89,0.87,21979,6676,1713,3495,0.26,0.52,0.02,2,2,5,5,5,1
"G81102","Buxted Medical Centre",0.97,238,244,160,185,134,141,0.98,0.86,0.95,20518,15742,4249,8016,0.27,0.51,0.02,2,5,4,5,4,1
"G81048","Carisbrooke Surgery",0.96,172,173,133,163,74,86,0.99,0.82,0.86,5520,8525,2185,4335,0.26,0.51,0.02,4,3,5,5,4,1
"G81061","Chapel Street Surgery",0.94,70,71,43,61,27,32,0.99,0.7,0.84,6767,5332,1089,2613,0.2,0.49,0.01,4,2,3,4,2,1
"G81077","Collington Surgery",1,375,386,216,303,196,228,0.97,0.71,0.86,6539,17426,5344,8976,0.31,0.52,0.02,4,5,5,5,5,1
"G81004","Downlands Medical Centre",1,222,228,131,153,142,155,0.97,0.86,0.92,16871,10103,3422,5238,0.34,0.52,0.02,2,3,5,5,5,1
"G81052","Fairfield Surgery",1,88,89,59,69,46,51,0.99,0.86,0.9,15925,4204,1290,2114,0.31,0.5,0.02,3,1,5,5,3,1
"G81085","Ferry Road Health Centre",0.98,55,56,42,57,32,38,0.98,0.74,0.84,15446,3894,1079,1918,0.28,0.49,0.01,3,1,4,5,2,1
"G81021","Foundry Healthcare Lewes",0.92,450,463,232,293,231,261,0.97,0.79,0.89,21908,28588,7033,14767,0.25,0.52,0.02,2,5,4,5,5,1
"G81614","Groombridge And Hartfield Medical Group",1,80,81,50,65,46,55,0.99,0.77,0.84,25867,5390,1343,2727,0.25,0.51,0.02,1,2,4,5,4,1
"G81002","Grove Road Surgery",1,83,85,52,60,45,51,0.98,0.87,0.88,11980,6200,1390,2995,0.22,0.48,0.01,3,2,4,4,1,1
"G81059","Hailsham Medical Group",0.98,203,204,116,159,106,131,1,0.73,0.81,12285,11396,2804,5800,0.25,0.51,0.02,3,4,5,5,4,1
"Y00080","Harbour Medical Practice",1,126,128,79,100,59,68,0.98,0.79,0.87,24496,7100,1981,3618,0.28,0.51,0.02,1,2,5,5,4,1
"G81095","Hastings Old Town Surgery",0.97,451,451,315,408,161,182,1,0.77,0.88,10013,26031,5193,12908,0.2,0.5,0.02,3,5,5,3,2,1
"G81100","Havenshealth",0.97,380,393,190,252,153,174,0.97,0.75,0.88,8203,19281,4674,9890,0.24,0.51,0.02,4,5,5,4,5,1
"G81634","Herstmonceux Integrative Health Centre",0.85,110,112,68,90,54,60,0.98,0.76,0.9,15906,5864,1514,3090,0.26,0.53,0.02,3,2,5,5,5,1
"G81074","High Glades Medical Centre",0.87,309,313,188,264,122,141,0.99,0.71,0.87,13194,18677,3979,9375,0.21,0.5,0.02,3,5,4,4,3,1
"G81039","Little Common Surgery",1,524,532,259,364,312,374,0.98,0.71,0.83,22158,18734,7377,9984,0.39,0.53,0.03,2,5,5,5,5,1
"G81049","Manor Park Medical Centre",1,107,110,68,92,58,65,0.97,0.74,0.89,25251,6852,1682,3489,0.25,0.51,0.02,1,2,4,5,4,1
"G81023","Martins Oak Surgery",1,143,143,107,132,84,88,1,0.81,0.95,9953,8422,2496,4378,0.3,0.52,0.02,3,3,4,5,5,1
"G81087","Northiam Surgery",1,155,157,112,135,77,81,0.99,0.83,0.95,22688,6843,2382,3524,0.35,0.51,0.02,2,2,5,5,5,1
"G81099","Old School Surgery",1,227,232,123,150,161,186,0.98,0.82,0.87,10230,9326,3349,4850,0.36,0.52,0.02,3,3,5,5,5,1
"G81082","Oldwood Surgery",1,79,79,69,75,55,58,1,0.92,0.95,10058,6286,1332,3152,0.21,0.5,0.01,3,2,3,4,3,1
"G81104","Park Practice",1,230,236,137,160,120,127,0.97,0.86,0.94,3118,13218,2812,6829,0.21,0.52,0.02,5,4,5,4,5,1
"G81641","Priory Road Surgery",1,54,56,47,57,16,18,0.96,0.82,0.89,8414,3872,639,1951,0.17,0.5,0.01,4,1,4,3,3,1
"G81016","Quayside Medical Practice",1,170,174,105,140,61,71,0.98,0.75,0.86,6767,11874,2272,6039,0.19,0.51,0.01,4,4,4,3,4,1
"G81098","Quintins Medical Centre",0.99,188,193,118,142,113,127,0.97,0.83,0.89,24594,12942,3089,6654,0.24,0.51,0.01,1,4,4,4,5,1
"G81043","Rotherfield Surgery",0.96,104,106,58,80,45,50,0.98,0.72,0.9,16870,7463,1729,3772,0.23,0.51,0.01,2,2,4,4,3,1
"G81051","Rye Medical Centre",0.77,139,149,81,115,76,95,0.93,0.7,0.8,11292,7207,2554,3665,0.35,0.51,0.02,3,2,5,5,4,1
"G81055","Saxonbury House Surgery",1,164,166,107,124,88,98,0.99,0.86,0.9,20416,9663,2807,4923,0.29,0.51,0.02,2,3,5,5,4,1
"G81029","Seaford Medical Practice",1,393,401,230,284,249,279,0.98,0.81,0.89,10230,18054,6242,9442,0.35,0.52,0.02,3,5,5,5,5,1
"G81017","Seaside Medical Centre",1,166,171,117,141,78,85,0.97,0.83,0.92,3870,11788,2190,5847,0.19,0.5,0.01,5,4,4,3,2,1
"G81057","Sedlescombe & Westfield Surgeries",1,145,148,94,119,68,75,0.98,0.79,0.91,12115,6309,2071,3204,0.33,0.51,0.02,3,2,5,5,4,1
"G81096","Sedlescombe House",1,38,39,34,40,13,14,0.97,0.85,0.93,12290,2813,647,1388,0.23,0.49,0.01,3,1,4,4,2,1
"G81041","Sidley Medical Practice",0.95,308,317,188,243,158,181,0.97,0.77,0.87,5054,13847,3960,7225,0.29,0.52,0.02,4,4,5,5,5,1
"G81089","South Saxon House Surgery",1,49,49,39,47,14,14,1,0.83,1,6372,3492,527,1734,0.15,0.5,0.01,4,1,4,2,2,1
"G81022","Sovereign Practice",0.78,192,197,141,202,102,117,0.97,0.7,0.87,8288,14123,3852,7414,0.27,0.52,0.01,4,5,4,5,5,1
"G81008","Stone Cross Surgery",1,189,190,141,178,95,108,0.99,0.79,0.88,22437,14660,3722,7545,0.25,0.51,0.01,2,5,3,5,5,1
"G81031","The Hill Surgery",0.97,392,427,253,319,187,231,0.92,0.79,0.81,16441,19955,5314,10266,0.27,0.51,0.02,2,5,5,5,5,1
"G81003","The Lighthouse Medical Practice",1,343,350,190,245,165,191,0.98,0.78,0.86,8718,18252,4485,9356,0.25,0.51,0.02,4,5,5,5,5,1
"G81037","The Meads Surgery",1,169,173,105,124,78,88,0.98,0.85,0.89,33297,9757,2354,5015,0.24,0.51,0.02,1,3,5,4,5,1
"G81658","The Station Practice",1,196,196,170,199,57,62,1,0.85,0.92,485,18077,2816,8926,0.16,0.49,0.01,5,5,3,2,2,1
"G81032","Victoria Medical Centre",1,429,435,243,303,232,262,0.99,0.8,0.89,19021,27879,6380,13778,0.23,0.49,0.02,2,5,4,4,2,1
"G81030","Wadhurst Medical Group",0.95,140,141,62,78,68,77,0.99,0.79,0.88,20122,7874,2073,4021,0.26,0.51,0.02,2,3,5,5,4,1
"G81088","Wealden Ridge Medical Partnership",1,345,353,205,278,207,233,0.98,0.74,0.89,26163,21999,6140,11273,0.28,0.51,0.02,1,5,4,5,5,1
"G81040","Woodhill Surgery",0.8,43,47,31,36,34,39,0.91,0.86,0.87,25058,3812,1023,2093,0.27,0.55,0.01,1,1,3,5,5,1
"N82054","Abercromby Family Practice",0.99,43,43,40,51,18,20,1,0.78,0.9,17822,7490,754,3358,0.1,0.45,0.01,2,2,1,1,1,1
"N82086","Abingdon Family Health Care Centre",1,55,55,54,67,15,17,1,0.81,0.88,3658,3692,652,1894,0.18,0.51,0.01,5,1,4,3,5,1
"N82053","Aintree Park Group Practice",0.97,199,203,147,192,89,100,0.98,0.77,0.89,5534,15625,3090,8026,0.2,0.51,0.01,4,5,3,3,5,1
"N82095","Albion Surgery",1,48,49,61,67,21,22,0.98,0.91,0.95,1762,4725,722,2381,0.15,0.5,0.01,5,1,2,2,3,1
"N82103","Anfield Group Practice",1,91,92,92,112,25,27,0.99,0.82,0.93,3350,9867,1021,4794,0.1,0.49,0.01,5,3,2,1,2,1
"N82022","Beacon Health Kensington",0.98,107,107,82,96,26,29,1,0.85,0.9,2756,10082,1216,4666,0.12,0.46,0.01,5,3,2,2,1,1
"N82107","Beacon Health Mossley Hill",1,25,25,10,13,11,13,1,0.77,0.85,21341,1887,463,934,0.25,0.49,0.01,2,1,3,5,2,1
"N82094","Belle Vale Health Centre",1,143,145,135,155,56,58,0.99,0.87,0.97,9842,8463,1732,4414,0.2,0.52,0.02,3,3,5,4,5,1
"N82067","Benim Medical Centre",1,43,43,49,49,16,16,1,1,1,789,5933,614,2512,0.1,0.42,0.01,5,2,2,1,1,1
"N82671","Bigham Road Medical Centre",1,18,18,12,13,4,5,1,0.92,0.8,1517,2633,316,1059,0.12,0.4,0.01,5,1,1,2,1,1
"N82078","Bousfield - Roberts",1,63,63,39,48,23,24,1,0.81,0.96,727,2948,581,1422,0.2,0.48,0.02,5,1,5,3,1,1
"N82077","Bousfield Surgery - Dr Shah",1,31,31,27,29,11,11,1,0.93,1,727,2761,457,1358,0.17,0.49,0.01,5,1,3,3,2,1
"N82617","Brownlow At Marybone",1,47,47,48,56,21,21,1,0.86,1,17673,10480,424,4782,0.04,0.46,0,2,4,1,1,1,1
"N82117","Brownlow Group Practice",1,134,135,147,155,39,41,0.99,0.95,0.95,14294,60122,1262,27158,0.02,0.45,0,3,5,1,1,1,1
"N82076","Brownlow Health @ Princes Park",1,75,75,69,83,30,30,1,0.83,1,776,10647,961,4919,0.09,0.46,0.01,5,4,1,1,1,1
"N82645","Brownlow Health At Kensington",1,54,54,56,61,18,19,1,0.92,0.95,2756,9191,655,4261,0.07,0.46,0.01,5,3,1,1,1,1
"N82633","Calvary Health Centre",1,55,56,56,63,25,27,0.98,0.89,0.93,2714,3683,862,1936,0.23,0.53,0.02,5,1,4,4,5,1
"N82093","Derby Lane Medical Centre",1,48,48,24,40,20,23,1,0.6,0.87,2161,4278,702,2177,0.16,0.51,0.01,5,1,3,3,4,1
"N82033","Dingle Park Practice",1,75,77,95,106,29,31,0.97,0.9,0.94,3831,5910,952,2945,0.16,0.5,0.01,5,2,3,2,3,1
"N82003","Dovecot Health Centre",1,71,71,45,59,41,49,1,0.76,0.84,2714,4226,775,2190,0.18,0.52,0.02,5,1,4,3,5,1
"N82646","Dr Jude's Practice - Riverside",1,59,59,61,76,14,14,1,0.8,1,3831,9475,759,4051,0.08,0.43,0.01,5,3,1,1,1,1
"N82662","Dunstan Village Group Practice",1,62,62,59,66,22,23,1,0.89,0.96,1903,8121,785,3633,0.1,0.45,0.01,5,3,2,1,1,1
"N82065","Earle Road Medical Centre",1,30,30,48,56,13,14,1,0.86,0.93,1903,4081,522,1868,0.13,0.46,0.01,5,1,2,2,1,1
"N82018","Ellergreen Medical Centre",1,129,129,151,162,47,48,1,0.93,0.98,1109,13247,1915,6826,0.14,0.52,0.01,5,4,2,2,5,1
"N82113","Fairfield Medical Centre",1,49,50,46,49,11,11,0.98,0.94,1,789,8773,571,3911,0.07,0.45,0.01,5,3,1,1,1,1
"N82676","Fir Tree",1,45,45,33,41,9,10,1,0.8,0.9,18816,4124,695,2051,0.17,0.5,0.01,2,1,3,3,2,1
"N82062","Fulwood Green Medical Ctr",1,94,95,89,116,46,51,0.99,0.77,0.9,13677,7055,1543,3557,0.22,0.5,0.01,3,2,3,4,3,1
"N82004","Garston Family Health Centre",0.9,23,23,20,27,4,4,1,0.74,1,3778,3370,367,1587,0.11,0.47,0.01,5,1,1,1,1,1
"N82084","Gateacre Brow Surgery",1,122,122,91,115,50,56,1,0.79,0.89,21309,6445,1635,3277,0.25,0.51,0.02,2,2,5,5,4,1
"N82050","Gateacre Medical Centre",0.91,36,37,26,33,13,15,0.97,0.79,0.87,9842,2509,530,1182,0.21,0.47,0.01,3,1,4,4,1,1
"N82087","Gillmoss Medical Centre",1,37,37,39,49,3,3,1,0.8,1,5399,2348,500,1117,0.21,0.48,0.02,4,1,4,4,1,1
"N82091","Gp Practice Riverside (Dr Jude)",1,23,23,24,26,8,9,1,0.92,0.89,3831,2298,276,1055,0.12,0.46,0.01,5,1,2,2,1,1
"N82009","Grassendale Medical Centre",1,103,104,82,106,60,68,0.99,0.77,0.88,23632,8660,1910,4468,0.22,0.52,0.01,1,3,3,4,5,1
"N82669","Great Homer Street Medical Centre",1,34,34,49,58,17,18,1,0.84,0.94,234,3474,573,1592,0.16,0.46,0.01,5,1,2,3,1,1
"N82090","Green Lane Medical Centre",1,115,116,103,127,55,63,0.99,0.81,0.87,1134,10145,1683,5017,0.17,0.49,0.01,5,3,3,3,2,1
"N82059","Greenbank Drive Surgery",1,43,43,46,50,14,15,1,0.92,0.93,3797,6216,891,2964,0.14,0.48,0.01,5,2,1,2,1,1
"N82079","Greenbank Road Surgery",0.96,38,41,38,47,18,19,0.93,0.81,0.95,13653,6421,782,3043,0.12,0.47,0.01,3,2,1,2,1,1
"N82116","Hillfoot Health",1,89,91,63,72,45,48,0.98,0.88,0.94,19662,7971,1293,4070,0.16,0.51,0.01,2,3,3,3,4,1
"N82663","Hornspit Medical Centre",1,48,49,47,57,20,22,0.98,0.82,0.91,15322,4477,773,2302,0.17,0.51,0.01,3,1,3,3,5,1
"N82081","Islington House Medical Centre",1,63,64,71,85,11,11,0.98,0.84,1,1762,5949,767,2880,0.13,0.48,0.01,5,2,3,2,1,1
"N82083","Jubilee Medical Centre",1,109,111,126,144,36,39,0.98,0.88,0.92,1567,10221,1519,5319,0.15,0.52,0.01,5,4,3,2,5,1
"N82101","Kirkdale Medical Centre",0.96,26,27,19,27,9,11,0.96,0.7,0.82,328,2772,553,1367,0.2,0.49,0.01,5,1,2,3,2,1
"N82014","Lance Lane Medical Centre",1,84,84,61,73,35,38,1,0.84,0.92,26835,6497,1369,3206,0.21,0.49,0.01,1,2,3,4,2,1
"N82019","Langbank Medical Centre",1,62,63,67,86,23,24,0.98,0.78,0.96,4991,5084,869,2630,0.17,0.52,0.01,4,1,3,3,5,1
"N82110","Long Lane",0.98,83,85,83,112,29,36,0.98,0.74,0.81,2074,8034,1247,4094,0.16,0.51,0.01,5,3,2,2,4,1
"N82035","Mather Avenue Surgery",1,144,146,105,126,66,72,0.99,0.83,0.92,10527,8758,1922,4452,0.22,0.51,0.02,3,3,4,4,4,1
"N82099","Mere Lane Group Practice",0.95,68,73,70,112,14,17,0.93,0.62,0.82,234,8588,957,4049,0.11,0.47,0.01,5,3,2,1,1,1
"N82655","Moss Way",0.98,48,48,26,35,31,35,1,0.74,0.89,598,2377,588,1186,0.25,0.5,0.02,5,1,5,5,3,1
"N82036","Netherley Health Centre",0.98,56,56,42,50,30,33,1,0.84,0.91,1486,3405,629,1765,0.18,0.52,0.02,5,1,4,3,5,1
"N82041","Oak Vale Medical Centre",1,178,182,117,148,112,128,0.98,0.79,0.88,31349,12808,2538,6666,0.2,0.52,0.01,1,4,4,3,5,1
"N82074","Old Swan Health Centre",0.88,118,118,93,127,40,44,1,0.73,0.91,2161,9187,1625,4535,0.18,0.49,0.01,5,3,3,3,2,1
"N82026","Penny Lane Surgery",1,81,81,48,54,43,48,1,0.89,0.9,14691,6406,1298,3252,0.2,0.51,0.01,3,2,3,4,4,1
"N82089","Picton Green",0.89,23,25,22,31,5,5,0.92,0.71,1,1903,3858,296,1804,0.08,0.47,0.01,5,1,1,1,1,1
"N82648","Poulter Road Medical Centre",1,27,27,31,32,10,11,1,0.97,0.91,3755,2482,349,1158,0.14,0.47,0.01,5,1,3,2,1,1
"N82011","Priory Medical Centre",0.93,125,126,120,143,51,58,0.99,0.84,0.88,204,10883,1865,5476,0.17,0.5,0.01,5,4,3,3,3,1
"N82058","Rock Court Surgery",1,77,78,93,111,19,20,0.99,0.84,0.95,2161,5641,912,2897,0.16,0.51,0.01,5,2,4,3,5,1
"N82664","Rocky Lane Medical Centre",1,16,16,14,17,12,13,1,0.82,0.92,24209,2684,425,1292,0.16,0.48,0.01,1,1,1,2,1,1
"N82108","Rutherford Medical Centre",1,112,113,65,86,52,55,0.99,0.76,0.95,21341,8230,1541,4238,0.19,0.51,0.01,2,3,4,3,5,1
"N82641","Sandringham Medical Centre",1,49,49,49,56,20,21,1,0.88,0.95,5411,5751,734,2582,0.13,0.45,0.01,4,2,2,2,1,1
"N82046","Sefton Park Medical Centre",1,102,103,75,94,36,41,0.99,0.8,0.88,13690,10064,1224,4875,0.12,0.48,0.01,3,3,2,2,1,1
"N82650","Speke Hc - Dr Singh & Dr Bicha",1,40,40,35,46,13,14,1,0.76,0.93,593,5039,561,2486,0.11,0.49,0.01,5,1,2,1,2,1
"N82109","Speke Hc - Dr Thakur",1,70,70,63,73,14,16,1,0.86,0.88,593,5483,844,2765,0.15,0.5,0.01,5,2,3,2,3,1
"N82082","St. James' Health Centre",1,46,47,39,51,19,22,0.98,0.76,0.86,10996,8780,729,4289,0.08,0.49,0.01,3,3,1,1,2,1
"N82651","Stanley Medical Centre",1,64,64,56,73,23,23,1,0.77,1,727,4206,772,1895,0.18,0.45,0.02,5,1,4,3,1,1
"N82104","Stoneycroft Medical Centre",1,63,63,58,68,22,24,1,0.85,0.92,5672,4161,923,2037,0.22,0.49,0.02,4,1,4,4,2,1
"N82678","Stopgate Lane Medical Ctr",1,21,21,25,33,7,7,1,0.76,1,7154,3316,443,1628,0.13,0.49,0.01,4,1,1,2,2,1
"N82039","Storrsdale Medical Centre",1,36,37,33,38,18,18,0.97,0.87,1,24963,3999,755,1958,0.19,0.49,0.01,1,1,2,3,2,1
"N82073","The Ash Surgery",1,94,96,45,57,55,61,0.98,0.79,0.9,11293,6650,1393,3386,0.21,0.51,0.01,3,2,4,4,4,1
"N82070","The Elms Medical Centre",1,112,115,109,147,47,50,0.97,0.74,0.94,1179,9807,1666,4932,0.17,0.5,0.01,5,3,3,3,3,1
"N82097","The Grey Road Surgery",1,81,81,70,93,26,26,1,0.75,1,275,8726,1157,4377,0.13,0.5,0.01,5,3,2,2,3,1
"N82001","The Margaret Thompson Med Centre",1,84,86,90,116,28,32,0.98,0.78,0.88,752,6171,1161,3094,0.19,0.5,0.01,5,2,4,3,3,1
"N82092","The Valley Medical Centre",1,143,144,103,122,75,88,0.99,0.84,0.85,2596,8483,1978,4402,0.23,0.52,0.02,5,3,4,4,5,1
"N82106","The Village Medical Ctre",1,55,55,48,52,30,32,1,0.92,0.94,24277,3583,1001,1807,0.28,0.5,0.02,1,1,4,5,3,1
"N82034","The Village Surgery",1,71,72,74,96,36,41,0.99,0.77,0.88,3778,5960,1251,2977,0.21,0.5,0.01,5,2,3,4,3,1
"N82052","Townsend Medical Centre",1,58,58,44,53,21,22,1,0.83,0.95,3350,5823,894,2883,0.15,0.5,0.01,5,2,2,2,2,1
"N82115","Vauxhall Health Centre",0.98,116,117,114,144,38,41,0.99,0.79,0.93,701,8876,1436,4419,0.16,0.5,0.01,5,3,3,3,2,1
"N82048","Walton Medical Centre",1,114,117,98,112,39,42,0.97,0.88,0.93,275,7146,1457,3655,0.2,0.51,0.02,5,2,4,4,4,1
"N82668","Walton Village Medical Centre",0.95,22,22,21,23,8,9,1,0.91,0.89,2089,3484,378,1735,0.11,0.5,0.01,5,1,1,1,2,1
"N82024","West Derby Medical Centre",1,152,152,131,156,64,70,1,0.84,0.91,16852,12463,2482,6345,0.2,0.51,0.01,2,4,3,3,4,1
"N82049","Westminster Medical Centre",1,76,77,74,95,25,28,0.99,0.78,0.89,394,6563,1040,3218,0.16,0.49,0.01,5,2,3,2,2,1
"N82037","Westmoreland Gp Centre",1,179,185,139,171,72,82,0.97,0.81,0.88,2074,11754,2377,5940,0.2,0.51,0.02,5,4,4,4,3,1
"N82066","Woolton House Medical Ctr",1,192,193,102,119,99,106,0.99,0.86,0.93,24277,9152,2456,4703,0.27,0.51,0.02,1,3,5,5,5,1
"N82002","Yew Tree Centre",1,71,74,81,94,20,21,0.96,0.86,0.95,214,5274,806,2720,0.15,0.52,0.01,5,1,4,2,5,1
"A87006","49 Marine Avenue Surgery",1,144,160,87,112,63,74,0.9,0.78,0.85,22452,5802,1612,2904,0.28,0.5,0.03,2,2,5,5,3,1
"A87011","Beaumont Park Surgery",0.95,109,111,66,82,77,84,0.98,0.8,0.92,33557,6426,1675,3225,0.26,0.5,0.02,1,2,5,5,3,1
"A87013","Bewicke Medical Centre",1,196,196,147,177,65,67,1,0.83,0.97,2441,9327,1886,4753,0.2,0.51,0.02,5,3,5,4,4,1
"A87020","Bridge And Monkseaton Medical Practice",1,215,222,162,205,125,138,0.97,0.79,0.91,27199,13283,3266,6785,0.25,0.51,0.02,1,4,4,5,4,1
"A87004","Collingwood Health Group",1,417,424,358,438,176,195,0.98,0.82,0.9,2741,24518,5426,12537,0.22,0.51,0.02,5,5,5,4,4,1
"A87029","Hadrian Health Centre",1,295,299,289,342,141,150,0.99,0.85,0.94,5307,21023,3989,10556,0.19,0.5,0.01,4,5,4,3,3,1
"A86016","Lane End Surgery",1,136,139,106,128,65,73,0.98,0.83,0.89,23803,9493,1917,4874,0.2,0.51,0.01,1,3,4,4,5,1
"A87615","Mallard Medical Practice",1,74,84,51,80,28,33,0.88,0.64,0.85,30301,5461,1033,2782,0.19,0.51,0.02,1,2,4,3,4,1
"A87008","Marine Avenue Medical Ctr",1,97,97,55,63,70,75,1,0.87,0.93,22452,8835,1717,4650,0.19,0.53,0.01,2,3,3,3,5,1
"A87019","Nelson Medical Group",0.83,107,107,62,84,31,38,1,0.74,0.82,2741,4943,1094,2469,0.22,0.5,0.02,5,1,5,4,3,1
"A87022","Northumberland Park Medical Group",1,132,134,88,116,38,45,0.99,0.76,0.84,9276,9584,1274,4856,0.13,0.51,0.01,4,3,4,2,4,1
"A87600","Park Parade Practice",1,103,103,50,61,61,67,1,0.82,0.91,20469,4823,1026,2476,0.21,0.51,0.02,2,1,5,4,5,1
"A87009","Priory Medical Group",1,344,355,210,255,121,129,0.97,0.82,0.94,2741,15441,3215,7801,0.21,0.51,0.02,5,5,5,4,3,1
"A87030","Redburn Park Medical Centre",0.99,103,106,72,93,26,30,0.97,0.77,0.87,631,6245,741,3214,0.12,0.51,0.02,5,2,4,2,5,1
"A87002","Spring Terrace Health Centre",1,165,166,94,118,56,63,0.99,0.8,0.89,22764,6001,1493,2934,0.25,0.49,0.03,2,2,5,5,2,1
"A87007","Stephenson Park Health Group",0.95,387,395,247,289,130,149,0.98,0.85,0.87,9870,17835,3684,8954,0.21,0.5,0.02,3,5,5,4,3,1
"A86041","Swarland Avenue Surgery",1,87,88,75,89,46,53,0.99,0.84,0.87,25493,6684,1259,3355,0.19,0.5,0.01,1,2,3,3,3,1
"A87016","The Village Green Surgery",1,222,224,153,176,65,74,0.99,0.87,0.88,23881,12790,2358,6355,0.18,0.5,0.02,1,4,5,3,2,1
"A87612","Wellspring Medical Pract.",1,140,144,91,108,45,46,0.97,0.84,0.98,30301,6478,1327,3388,0.2,0.52,0.02,1,2,5,4,5,1
"A86005","West Farm Surgery",1,95,95,71,83,46,50,1,0.86,0.92,4661,6048,1035,3007,0.17,0.5,0.02,4,2,4,3,2,1
"A87005","Whitley Bay Health Centre",1,296,302,176,210,172,193,0.98,0.84,0.89,13039,13594,3679,7073,0.27,0.52,0.02,3,4,5,5,5,1
"A87012","Wideopen Medical Centre",1,170,171,97,135,61,71,0.99,0.72,0.86,20704,7543,1778,3902,0.24,0.52,0.02,2,2,5,4,5,1
"A87017","Woodlands Park Health Ctr",1,151,158,84,103,56,62,0.96,0.82,0.9,31009,6613,1665,3452,0.25,0.52,0.02,1,2,5,5,5,1
"F81060","Aegis Medical Centre",0.97,56,56,43,50,20,21,1,0.86,0.95,9296,4906,666,2507,0.14,0.51,0.01,4,1,3,2,4,1
"F81640","Aryan Medical Centre",0.87,46,46,45,52,12,13,1,0.87,0.92,1162,4502,646,2243,0.14,0.5,0.01,5,1,2,2,2,1
"F81150","Ballards Walk Surgery",1,111,112,87,103,38,43,0.99,0.84,0.88,10400,12729,1475,6393,0.12,0.5,0.01,3,4,2,2,3,1
"F81023","Beechwood Surgery",1,124,127,104,122,54,58,0.98,0.85,0.93,28825,13445,1947,6805,0.14,0.51,0.01,1,4,2,2,4,1
"F81104","Chapel Street Surgery",0.73,49,58,30,41,32,33,0.84,0.73,0.97,32989,4952,1189,2503,0.24,0.51,0.01,1,1,3,4,3,1
"F81006","Clayhill Medical Practice",1,60,60,48,59,21,22,1,0.81,0.95,2642,5507,819,2696,0.15,0.49,0.01,5,2,3,2,2,1
"F81215","Deal Tree Health Centre",1,163,165,85,113,83,90,0.99,0.75,0.92,24576,9855,2439,4969,0.25,0.5,0.02,1,3,4,5,3,1
"F81085","Dr A Naeem & Partners,The New Surgery",0.9,178,188,112,136,105,121,0.95,0.82,0.87,21257,13795,2501,6936,0.18,0.5,0.01,2,4,4,3,3,1
"F81029","Dr Degun & Dr Macaulay",1,76,82,66,83,26,30,0.93,0.8,0.87,25680,8160,975,4147,0.12,0.51,0.01,1,3,2,2,4,1
"F81025","Dr Gc Chajed's Practice",1,130,133,93,112,54,56,0.98,0.83,0.96,10490,10439,1358,5176,0.13,0.5,0.01,3,4,3,2,2,1
"Y00758","Dr Jo Arayomi's Practice",1,15,15,16,17,6,6,1,0.94,1,4001,2586,311,1256,0.12,0.49,0.01,5,1,1,2,2,1
"F81158","Dr Nasah & Partners",0.86,71,75,50,67,20,26,0.95,0.75,0.77,4001,3830,694,1983,0.18,0.52,0.02,5,1,5,3,5,1
"Y03052","Dr Salako And Partners",1,168,168,134,166,58,61,1,0.81,0.95,29894,14744,2093,7472,0.14,0.51,0.01,1,5,3,2,4,1
"F81666","Dr Sharma & Partners",0.98,43,44,33,38,24,26,0.98,0.87,0.92,13993,3470,582,1708,0.17,0.49,0.01,3,1,3,3,2,1
"Y00469","Dr Sims And Partners",1,234,240,174,213,71,78,0.98,0.82,0.91,4001,11896,2183,6061,0.18,0.51,0.02,5,4,5,3,4,1
"F81186","Felmores Medical Centre",0.87,74,75,82,93,22,22,0.99,0.88,1,1162,7145,865,3592,0.12,0.5,0.01,5,2,2,2,3,1
"F81707","Fryerns Medical Centre",1,39,40,36,46,6,6,0.98,0.78,1,930,5633,445,2874,0.08,0.51,0.01,5,2,1,1,4,1
"F81711","Knights Surgery",0.96,40,40,31,36,11,12,1,0.86,0.92,9470,3619,373,1820,0.1,0.5,0.01,4,1,3,1,3,1
"F81108","Laindon Medical Group",1,291,296,206,249,126,133,0.98,0.83,0.95,2824,18564,3285,9481,0.18,0.51,0.02,5,5,4,3,4,1
"F81041","London Road Surgery",1,264,266,207,223,107,117,0.99,0.93,0.91,16270,14219,3291,7302,0.23,0.51,0.02,2,5,5,4,5,1
"F81729","Matching Green Surgery",0.96,39,39,38,47,7,8,1,0.81,0.88,9237,3559,511,1799,0.14,0.51,0.01,4,1,3,2,3,1
"F81055","Mount Avenue Surgery",0.79,149,152,84,116,76,98,0.98,0.72,0.78,33660,13380,2803,6838,0.21,0.51,0.01,1,4,3,4,4,1
"F81031","Murree Medical Group",0.73,94,112,87,104,48,50,0.84,0.84,0.96,7946,7815,1134,3860,0.15,0.49,0.01,4,3,4,2,2,1
"F81222","Queens Park Surgery",1,59,61,43,55,27,28,0.97,0.78,0.96,29889,5099,878,2556,0.17,0.5,0.01,1,1,3,3,3,1
"F81036","Robert Frew Medical Centre",1,211,212,156,199,96,104,1,0.78,0.92,29783,18248,3494,9215,0.19,0.5,0.01,1,5,3,3,3,1
"F81102","Rockleigh Court Surgery",1,113,115,51,60,66,79,0.98,0.85,0.84,31007,7326,1384,3775,0.19,0.52,0.02,1,2,4,3,5,1
"F81645","Rose Villa Surgery",0.9,61,62,63,68,13,14,0.98,0.93,0.93,4001,4307,825,2195,0.19,0.51,0.01,5,1,4,3,4,1
"F81732","Swanwood Partnership",1,102,102,80,90,45,50,1,0.89,0.9,17741,6932,1515,3434,0.22,0.5,0.01,2,2,4,4,2,1
"F81080","The Billericay Medical Practice",1,199,200,126,171,83,94,1,0.74,0.88,33730,12017,2816,6148,0.23,0.51,0.02,1,4,4,4,4,1
"F81737","The Highwood Surgery",1,13,13,13,16,4,4,1,0.81,1,24531,3024,412,1547,0.14,0.51,0,1,1,1,2,4,1
"F81163","The New Folly Surgery",1,103,104,64,74,72,79,0.99,0.86,0.91,27595,7214,1513,3674,0.21,0.51,0.01,1,2,4,4,4,1
"F81045","The New Surgery",1,100,108,56,72,59,68,0.93,0.78,0.87,32274,6874,1462,3396,0.21,0.49,0.02,1,2,4,4,2,1
"F81038","Tile House Surgery",1,230,233,126,159,99,107,0.99,0.79,0.93,20740,13400,3089,6955,0.23,0.52,0.02,2,4,5,4,5,1
"F81013","Western Road Surgery",0.99,218,224,133,156,111,124,0.97,0.85,0.9,33572,12693,2689,6505,0.21,0.51,0.02,1,4,5,4,5,1
"F81690","Ashingdon Medical Centre",1,90,92,75,89,27,30,0.98,0.84,0.9,29956,5756,1299,2973,0.23,0.52,0.02,1,2,4,4,5,1
"F81123","Audley Mills Surgery",1,368,383,162,199,172,195,0.96,0.81,0.88,12392,20573,5083,10574,0.25,0.51,0.02,3,5,5,5,5,1
"F81713","Benfleet Surgery",1,33,34,20,27,9,9,0.97,0.74,1,23540,2609,514,1311,0.2,0.5,0.01,1,1,3,3,3,1
"F81125","Church View Surgery",0.95,184,193,88,103,67,75,0.95,0.85,0.89,26074,14352,3641,7275,0.25,0.51,0.01,1,5,3,5,4,1
"F81061","Conner & Partners",0.96,114,114,70,92,76,85,1,0.76,0.89,26078,7695,2206,3970,0.29,0.52,0.01,1,3,4,5,5,1
"F81704","Downhall Park Surgery",1,38,39,35,39,7,8,0.97,0.9,0.88,31293,3944,568,1939,0.14,0.49,0.01,1,1,2,2,2,1
"F81001","Dr Khan & Partners",1,246,256,91,121,122,146,0.96,0.75,0.84,25780,13312,3109,6873,0.23,0.52,0.02,1,4,5,4,5,1
"F81007","Dr Puzey,Dr Kothari And Dr Nanda",0.95,257,275,140,184,100,118,0.93,0.76,0.85,6720,20191,4235,10176,0.21,0.5,0.01,4,5,4,4,3,1
"F81101","Essex Way Surgery",0.86,81,82,50,60,43,46,0.99,0.83,0.93,28810,5561,1475,2834,0.27,0.51,0.01,1,2,4,5,4,1
"F81205","Ghauri Practice",1,102,102,59,65,39,40,1,0.91,0.98,12727,5650,1308,2743,0.23,0.49,0.02,3,2,5,4,2,1
"F81618","High Road Family Doctors",1,83,83,56,62,36,36,1,0.9,1,13333,4360,834,2230,0.19,0.51,0.02,3,1,5,3,4,1
"F81096","Oaklands Surgery",1,134,157,88,115,71,82,0.85,0.77,0.87,7790,10835,2877,5574,0.27,0.51,0.01,4,4,4,5,5,1
"F81032","P A Patel Surgery",0.61,45,47,11,31,19,26,0.96,0.35,0.73,23676,3186,875,1602,0.27,0.5,0.01,1,1,4,5,3,1
"F81700","Rahman Practice",1,43,43,36,44,22,24,1,0.82,0.92,12727,3959,888,1973,0.22,0.5,0.01,3,1,3,4,3,1
"F81142","St Georges Medical Practice",1,117,118,63,78,49,60,0.99,0.81,0.82,25780,6324,1584,3199,0.25,0.51,0.02,1,2,5,5,4,1
"F81740","The Community Practice",0.97,106,115,74,110,54,68,0.92,0.67,0.79,7790,6509,1972,3285,0.3,0.5,0.02,4,2,5,5,3,1
"F81066","The Greensward Surgery",1,135,137,81,91,65,67,0.99,0.89,0.97,31809,6341,1742,3267,0.27,0.52,0.02,1,2,5,5,5,1
"F81075","The Hollies",0.71,224,250,119,167,123,160,0.9,0.71,0.77,20321,12603,3571,6471,0.28,0.51,0.02,2,4,5,5,5,1
"F81739","The Island Surgery",0.79,118,126,51,91,43,52,0.94,0.56,0.83,7790,6792,1884,3543,0.28,0.52,0.02,4,2,5,5,5,1
"F81675","The Practice Leecon Way",1,52,52,32,38,23,24,1,0.84,0.96,19581,5520,815,2784,0.15,0.5,0.01,2,2,2,2,3,1
"F81051","Third Avenue Health Centre",0.86,125,127,73,107,37,46,0.98,0.68,0.8,2041,7789,1675,3894,0.22,0.5,0.02,5,3,4,4,3,1
"F81089","Wakering Medical Ctr.",0.97,175,183,100,127,65,79,0.96,0.79,0.82,11254,10231,2607,5254,0.25,0.51,0.02,3,4,5,5,5,1
"F81065","William Harvey Surgery",1,38,39,25,33,11,12,0.97,0.76,0.92,28816,4316,860,2172,0.2,0.5,0.01,1,1,2,3,3,1
"F81086","Central Surgery - Southchurch Blvd",1,106,110,62,79,39,45,0.96,0.78,0.87,10330,7791,1433,3883,0.18,0.5,0.01,3,3,4,3,3,1
"F81207","Dr Bekas Medical Centre",0.83,23,25,16,20,8,9,0.92,0.8,0.89,3761,2590,297,1179,0.11,0.46,0.01,5,1,2,2,1,1
"F81003","Dr F Khan Carnavon Road Surgery",1,58,58,38,39,30,30,1,0.97,1,6098,6280,1005,3046,0.16,0.49,0.01,4,2,2,2,1,1
"F81046","Dr Krishnan & Ptnr - Kent Elms Hc",1,82,84,42,53,30,41,0.98,0.79,0.73,12834,4519,1293,2270,0.29,0.5,0.02,3,1,5,5,3,1
"F81613","Dr Kumar & Ptnr - Shoebury Hc",0.93,143,146,94,121,51,59,0.98,0.78,0.86,6949,8735,1688,4487,0.19,0.51,0.02,4,3,4,3,5,1
"F81223","Dr Malik - Kent Elms Hc",0.95,59,59,33,37,20,24,1,0.89,0.83,12834,3273,716,1592,0.22,0.49,0.02,3,1,5,4,2,1
"F81147","Dr Navin Kumar",1,95,96,42,50,47,51,0.99,0.84,0.92,6098,5065,1238,2453,0.24,0.48,0.02,4,1,5,4,1,1
"F81649","Dr Palacin",1,81,83,56,66,30,31,0.98,0.85,0.97,6949,4578,1013,2305,0.22,0.5,0.02,4,1,5,4,3,1
"F81092","Dr Sooriakumaran",0.97,70,78,31,59,26,40,0.9,0.53,0.65,7282,4760,1075,2329,0.23,0.49,0.02,4,1,4,4,2,1
"F81128","Eastwood Group Practice",1,244,245,133,164,115,131,1,0.81,0.88,12834,14671,3793,7437,0.26,0.51,0.02,3,5,4,5,4,1
"F81112","Highlands Surgery",1,294,299,148,179,139,152,0.98,0.83,0.91,23935,14582,3548,7576,0.24,0.52,0.02,1,5,5,4,5,1
"F81176","North Avenue Surgery",1,41,41,22,26,11,13,1,0.85,0.85,15819,3187,567,1609,0.18,0.5,0.01,3,1,3,3,3,1
"F81744","Scott Park Surgery",1,40,40,35,37,27,28,1,0.95,0.96,19719,2702,691,1349,0.26,0.5,0.01,2,1,4,5,3,1
"F81159","Southend Medical Centre",1,55,55,42,53,9,9,1,0.79,1,7011,7316,557,3498,0.08,0.48,0.01,4,2,2,1,1,1
"Y02707","St Luke's Health Centre",0.98,85,85,71,88,31,34,1,0.81,0.91,2461,6802,848,3470,0.12,0.51,0.01,5,2,3,2,4,1
"F81696","The Leigh Surgery",0.67,31,36,10,24,12,21,0.86,0.42,0.57,23910,2716,663,1367,0.24,0.5,0.01,1,1,3,4,3,1
"F81144","The Pall Mall Surgery",0.96,336,347,152,193,187,213,0.97,0.79,0.88,28372,21836,4178,11273,0.19,0.52,0.02,1,5,4,3,5,1
"Y02177","The Practice Northumberland Avenue",1,71,72,54,61,22,23,0.99,0.89,0.96,946,6804,693,3355,0.1,0.49,0.01,5,2,2,1,2,1
"F81081","The Queensway Surgery",1,279,285,153,205,102,113,0.98,0.75,0.9,798,22107,3276,11137,0.15,0.5,0.01,5,5,3,2,3,1
"F81097","The Valkyrie Surgery",1,230,230,142,142,104,104,1,1,1,3761,17876,2870,8850,0.16,0.5,0.01,5,5,3,2,2,1
"F81121","Thorpe Bay & Shaftesbury Ave Surgery",1,193,200,124,154,85,89,0.96,0.81,0.96,29862,15635,3499,7979,0.22,0.51,0.01,1,5,3,4,4,1
"F81656","Warrior Square Surgery",1,28,28,23,25,12,13,1,0.92,0.92,1301,2828,458,1347,0.16,0.48,0.01,5,1,2,3,1,1
"F81164","West Road Surgery",0.92,135,139,78,105,55,61,0.97,0.74,0.9,6098,9621,1532,4827,0.16,0.5,0.01,4,3,4,2,3,1
"F82670","Abbamoor Surgery",0.9,27,27,35,44,3,4,1,0.8,0.75,6428,5021,357,2547,0.07,0.51,0.01,4,1,1,1,4,1
"F82625","Abbey Medical Centre",1,39,40,45,51,11,12,0.98,0.88,0.92,5377,8010,572,3741,0.07,0.47,0,4,3,1,1,1,1
"F84111","Abbey Road Medical Practice",1,59,60,75,84,24,24,0.98,0.89,1,7535,10438,774,4715,0.07,0.45,0.01,4,4,1,1,1,1
"F84698","Aberfeldy Practice",1,31,31,50,54,6,6,1,0.93,1,5839,13702,365,6619,0.03,0.48,0,4,4,1,1,1,1
"F86607","Addison Road Medical Practice",1,76,78,84,112,31,33,0.97,0.75,0.94,24445,18090,1284,9243,0.07,0.51,0,1,5,1,1,4,1
"F84012","Albion Health Centre",0.74,32,39,44,58,11,17,0.82,0.76,0.65,7919,9504,605,4119,0.06,0.43,0,4,3,1,1,1,1
"F86731","Aldersbrook Medical Centre",1,33,33,43,53,11,12,1,0.81,0.92,27909,4898,680,2472,0.14,0.5,0.01,1,1,1,2,3,1
"F82686","Ashton Gardens Surgery",1,34,35,38,45,7,7,0.97,0.84,1,13927,4912,381,2375,0.08,0.48,0.01,3,1,1,1,1,1
"F84010","Aspire Medical Centre",0.81,34,43,44,59,20,23,0.79,0.75,0.87,5331,10350,919,4825,0.09,0.47,0,4,4,1,1,1,1
"Y02987","At Medics - The Loxford Practice",1,91,91,112,140,32,35,1,0.8,0.91,5416,32750,1417,15001,0.04,0.46,0,4,5,1,1,1,1
"F84060","Athena Medical Centre",0.92,34,34,31,35,16,16,1,0.89,1,15261,5048,555,2427,0.11,0.48,0.01,3,1,1,1,1,1
"F82042","Aurora Medcare",1,99,105,108,154,11,15,0.94,0.7,0.73,3999,20573,1156,10313,0.06,0.5,0.01,5,5,1,1,3,1
"F84681","Balaam Street Practice",1,28,28,34,43,5,5,1,0.79,1,8614,9330,610,4560,0.07,0.49,0,4,3,1,1,2,1
"F86042","Balfour Road Surgery",1,25,25,27,34,7,7,1,0.79,1,10094,6162,558,2910,0.09,0.47,0,3,2,1,1,1,1
"F82018","Barking Medical Group Practice",1,87,88,76,98,36,38,0.99,0.78,0.95,13366,11860,1157,5957,0.1,0.5,0.01,3,4,2,1,3,1
"F84008","Barton House Group Practice",1,85,86,96,105,48,51,0.99,0.91,0.94,11574,11963,1490,6177,0.12,0.52,0.01,3,4,2,2,5,1
"F82677","Becontree Medical Centre",0.9,41,41,64,66,14,14,1,0.97,1,6585,8579,664,4383,0.08,0.51,0,4,3,1,1,4,1
"F84038","Beechwood Medical Centre",1,18,18,34,35,2,2,1,0.97,1,10977,3572,396,1661,0.11,0.47,0.01,3,1,1,1,1,1
"F82649","Berwick Surgery",1,55,55,47,56,23,24,1,0.84,0.96,18070,4563,932,2352,0.2,0.52,0.01,2,1,3,4,5,1
"F84083","Bethnal Green Health Ctr.",0.84,43,50,53,78,15,23,0.86,0.68,0.65,7827,9837,854,4851,0.09,0.49,0.01,4,3,1,1,2,1
"F82675","Billet Lane Medical Practice",1,43,44,39,44,29,29,0.98,0.89,1,23821,3511,816,1823,0.23,0.52,0.01,1,1,3,4,5,1
"F84641","Birchdale Road Medical Centre",1,24,24,35,43,8,9,1,0.81,0.89,5667,3258,363,1382,0.11,0.42,0.01,4,1,2,1,1,1
"F84050","Boleyn Medical Centre",0.91,42,46,49,75,10,16,0.91,0.65,0.62,5519,13293,788,6097,0.06,0.46,0,4,4,1,1,1,1
"F84749","Carpenters Practice",1,55,55,77,91,15,15,1,0.85,1,12802,24638,892,11397,0.04,0.46,0,3,5,1,1,1,1
"F82016","Central Park Surgery",0.95,57,57,49,61,20,23,1,0.8,0.87,6428,6233,824,3189,0.13,0.51,0.01,4,2,2,2,4,1
"F84669","Central Park Surgery",1,35,35,54,65,14,16,1,0.83,0.88,5331,10161,738,4712,0.07,0.46,0,4,3,1,1,1,1
"F86028","Chadwell Heath Surgery",1,54,54,54,70,27,29,1,0.77,0.93,21032,11185,1107,5677,0.1,0.51,0,2,4,1,1,4,1
"F82630","Chase Cross Medical Centre",0.97,57,67,58,89,30,34,0.85,0.65,0.88,21141,7622,1241,3947,0.16,0.52,0.01,2,2,2,3,5,1
"Y01291","Chingford Medical Practice",1,100,103,85,101,59,65,0.97,0.84,0.91,11102,10393,1475,5271,0.14,0.51,0.01,3,4,2,2,4,1
"F82045","Chowdhury",1,29,35,37,46,20,22,0.83,0.8,0.91,24125,3429,726,1698,0.21,0.5,0.01,1,1,2,4,2,1
"F86627","Churchill Medical Centre",1,138,142,119,144,56,60,0.97,0.83,0.93,11102,13745,2217,6908,0.16,0.5,0.01,3,4,2,2,3,1
"F84114","City Square Medical Group",1,55,56,60,65,26,29,0.98,0.92,0.9,2338,11453,862,5190,0.08,0.45,0,5,4,1,1,1,1
"F84097","Claremont Clinic",0.99,65,67,68,71,31,32,0.97,0.96,0.97,12760,12252,1196,5891,0.1,0.48,0.01,3,4,1,1,1,1
"F86708","Claremont Medical Centre",1,15,15,22,26,6,6,1,0.85,1,10336,2857,330,1420,0.12,0.5,0.01,3,1,1,2,2,1
"F86691","Clayhall Clinic",1,84,85,64,71,38,41,0.99,0.9,0.93,28007,11185,1637,5553,0.15,0.5,0.01,1,4,2,2,2,1
"F86698","Cranbrook Surgery",0.98,28,28,23,23,17,18,1,1,0.94,14262,6159,628,3023,0.1,0.49,0,3,2,1,1,2,1
"F82674","Cranham Health Centre",1,80,82,49,56,62,67,0.98,0.88,0.93,28020,5805,1066,3016,0.18,0.52,0.01,1,2,4,3,5,1
"F82006","Cranham Village Surgery",1,227,233,142,171,153,163,0.97,0.83,0.94,32941,13237,3438,6835,0.26,0.52,0.02,1,4,5,5,5,1
"F86044","Crawley Road Medical Centre",1,31,31,46,50,15,16,1,0.92,0.94,6722,10436,745,4812,0.07,0.46,0,4,4,1,1,1,1
"F84047","Custom House Surgery",1,44,44,67,85,15,15,1,0.79,1,4495,10560,783,5175,0.07,0.49,0,4,4,1,1,2,1
"F84063","Dalston Practice",1,25,25,30,39,8,9,1,0.77,0.89,4975,6452,559,3160,0.09,0.49,0,4,2,1,1,2,1
"F84072","De Beauvoir Surgery",1,34,34,51,61,16,17,1,0.84,0.94,18899,13427,572,6739,0.04,0.5,0,2,4,1,1,3,1
"F84656","Docklands Medical Centre",1,35,35,36,49,8,9,1,0.73,0.89,7716,10641,638,5024,0.06,0.47,0,4,4,1,1,1,1
"F86040","Dr A Arif",1,28,28,43,53,4,4,1,0.81,1,5192,5534,466,2555,0.08,0.46,0.01,4,2,1,1,1,1
"F82650","Dr Aa Ansari's Practice",1,33,33,49,58,11,11,1,0.84,1,5208,10202,701,4732,0.07,0.46,0,4,4,1,1,1,1
"F82025","Dr Bk Jaiswal's Practice",1,37,37,40,50,9,10,1,0.8,0.9,8315,6096,569,3049,0.09,0.5,0.01,4,2,1,1,3,1
"F86086","Dr Dhital Practice",1,28,28,33,39,8,9,1,0.85,0.89,9853,6155,486,3016,0.08,0.49,0,3,2,1,1,2,1
"F82679","Dr Dp Shah's Practice",0.97,38,39,38,43,13,16,0.97,0.88,0.81,10874,5617,552,2765,0.1,0.49,0.01,3,2,1,1,2,1
"F82610","Dr Gupta",0.82,29,37,29,35,16,16,0.78,0.83,1,21722,2929,545,1484,0.19,0.51,0.01,2,1,3,3,4,1
"F82678","Dr Km Alkaisy Practice",0.8,53,54,51,59,46,51,0.98,0.86,0.9,9055,4765,737,2388,0.15,0.5,0.01,4,1,3,2,3,1
"F82003","Dr M Fateh's Practice",0.94,31,31,27,37,16,18,1,0.73,0.89,8847,5349,597,2642,0.11,0.49,0.01,4,2,1,1,2,1
"F82005","Dr M Goyal's Practice",0.93,41,44,45,55,15,16,0.93,0.82,0.94,3580,7200,684,3661,0.1,0.51,0.01,5,2,1,1,4,1
"F82663","Dr Marks Practice",0.59,36,41,20,43,9,10,0.88,0.47,0.9,15787,4100,556,1975,0.14,0.48,0.01,3,1,2,2,1,1
"F86621","Dr Mohammed Green Man Medical Centre",1,35,36,42,45,8,9,0.97,0.93,0.89,9808,6914,764,3275,0.11,0.47,0.01,3,2,1,1,1,1
"F82039","Dr P & S Poologanathan",1,29,29,32,39,10,10,1,0.82,1,16580,4506,548,2273,0.12,0.5,0.01,2,1,1,2,3,1
"F82027","Dr P Prasad's Practice",0.91,25,25,15,18,12,13,1,0.83,0.92,12968,2154,384,1054,0.18,0.49,0.01,3,1,3,3,2,1
"F82031","Dr Sanomi",1,38,38,34,37,16,18,1,0.92,0.89,16580,4268,768,2191,0.18,0.51,0.01,2,1,2,3,5,1
"F86626","Dr Shantir Practice",1,20,20,31,38,5,5,1,0.82,1,13478,8373,556,3886,0.07,0.46,0,3,3,1,1,1,1
"F82038","Dr Sz Haider's Practice",0.98,21,21,23,27,6,6,1,0.85,1,6814,4988,575,2493,0.12,0.5,0,4,1,1,2,3,1
"F82033","Dr Vm Patel",0.96,59,60,34,42,35,38,0.98,0.81,0.92,28009,3464,901,1780,0.26,0.51,0.02,1,1,5,5,5,1
"F84121","E12 Health",1,100,102,98,118,52,54,0.98,0.83,0.96,4681,15544,1173,7356,0.08,0.47,0.01,4,5,1,1,1,1
"F84739","E12 Medical Centre",1,12,12,26,26,1,1,1,1,1,6739,5169,196,2168,0.04,0.42,0,4,1,1,1,1,1
"F84677","East End Medical Centre",1,48,48,52,66,13,15,1,0.79,0.87,7745,7360,777,3529,0.11,0.48,0.01,4,2,1,1,1,1
"F84601","Elsdale Street Surgery",1,38,39,46,49,18,18,0.97,0.94,1,2817,7694,592,3891,0.08,0.51,0.01,5,3,1,1,4,1
"F84052","Essex Lodge",1,99,100,108,137,27,28,0.99,0.79,0.96,6665,17047,1384,8341,0.08,0.49,0.01,4,5,1,1,2,1
"F86707","Fence Piece Road Medical Centre",1,38,38,32,39,9,9,1,0.82,1,12121,6649,811,3312,0.12,0.5,0.01,3,2,1,2,2,1
"F84672","First 4 Health Group - E7 Health",1,43,44,43,55,20,21,0.98,0.78,0.95,10918,7956,621,3715,0.08,0.47,0.01,3,3,1,1,1,1
"F84080","Fountayne Road Medical Practice",1,41,41,57,64,23,23,1,0.89,1,2472,9727,1196,4790,0.12,0.49,0,5,3,1,2,2,1
"F86696","Francis Road Medical Centre",0.86,25,25,31,38,13,14,1,0.82,0.93,13107,7718,468,3661,0.06,0.47,0,3,3,1,1,1,1
"F86010","Fullwell Cross Med. Ctr.",1,100,102,76,94,46,53,0.98,0.81,0.87,16422,16310,2175,8076,0.13,0.5,0.01,2,5,1,2,2,1
"F82642","Gables Surgery",0.74,46,56,53,73,14,15,0.82,0.73,0.93,8640,7173,729,3582,0.1,0.5,0.01,4,2,2,1,3,1
"F86008","Gants Hill Med Ctr & The Redbridge Surg",1,99,99,89,111,55,61,1,0.8,0.9,16972,15810,1769,7530,0.11,0.48,0.01,2,5,1,1,1,1
"F86020","Glebelands Practice",1,49,50,40,46,29,30,0.98,0.87,0.97,24056,6427,1108,3314,0.17,0.52,0.01,1,2,2,3,5,1
"F84092","Glen Road Medical Centre",0.98,75,77,90,116,23,26,0.97,0.78,0.88,2605,13647,1112,6568,0.08,0.48,0.01,5,4,1,1,1,1
"F84039","Goodman's Field Health Centre",1,82,82,114,137,22,24,1,0.83,0.92,22298,36641,1188,17547,0.03,0.48,0,2,5,1,1,1,1
"F86087","Goodmayes Medical Centre",1,33,33,34,44,9,10,1,0.77,0.9,5073,7413,784,3513,0.11,0.47,0,4,2,1,1,1,1
"F84025","Gough Walk Practice",1,47,48,74,84,19,20,0.98,0.88,0.95,8309,11970,833,5554,0.07,0.46,0,4,4,1,1,1,1
"Y00918","Granville Medical Centre",1,47,47,44,53,26,28,1,0.83,0.93,6707,6756,895,3262,0.13,0.48,0.01,4,2,1,2,1,1
"F82661","Green Lane Surgery",0.93,16,17,19,23,6,6,0.94,0.83,1,11925,4010,339,1878,0.08,0.47,0,3,1,1,1,1,1
"F86034","Green Lane, Goodmayes Medical Practice",1,36,37,38,42,14,15,0.97,0.9,0.93,8957,7309,678,3590,0.09,0.49,0.01,4,2,1,1,2,1
"F84053","Greengate Medical Centre",0.85,40,41,37,72,11,14,0.98,0.51,0.79,6819,7465,717,3331,0.1,0.45,0.01,4,2,1,1,1,1
"F86062","Grove Surgery",1,35,35,42,47,13,13,1,0.89,1,12903,6430,719,2956,0.11,0.46,0.01,3,2,1,1,1,1
"Y00155","Grove Surgery",1,49,50,52,62,18,19,0.98,0.84,0.95,21032,10841,734,5101,0.07,0.47,0,2,4,1,1,1,1
"F82002","Haiderian Medical Centre",1,101,103,72,89,49,52,0.98,0.81,0.94,33507,7123,1667,3626,0.23,0.51,0.01,1,2,4,4,4,1
"F86085","Hainault Surgery",1,25,25,19,22,7,8,1,0.86,0.88,12121,3555,479,1699,0.13,0.48,0.01,3,1,1,2,1,1
"F82001","Halbutt Street Surgery",0.9,25,25,30,37,7,7,1,0.81,1,7452,5716,479,2827,0.08,0.49,0,4,2,1,1,2,1
"F86712","Hampton Medical Centre",1,17,17,21,21,7,7,1,1,1,16994,3460,321,1649,0.09,0.48,0,2,1,1,1,1,1
"F86004","Handsworth Medical Practice",1,105,106,96,124,55,60,0.99,0.77,0.92,13427,15872,2510,8069,0.16,0.51,0.01,3,5,1,2,4,1
"F84087","Harford Health Centre",1,41,41,72,77,9,9,1,0.94,1,12842,9734,702,4598,0.07,0.47,0,3,3,1,1,1,1
"F84044","Harley Grove Medical Ctr.",1,23,23,47,54,9,10,1,0.87,0.9,10007,8232,509,3888,0.06,0.47,0,3,3,1,1,1,1
"F82619","Harlow Road Surgery",1,41,41,37,42,25,26,1,0.88,0.96,20032,4205,622,2113,0.15,0.5,0.01,2,1,2,2,3,1
"F86666","Harrow Road Gp Centre",1,89,89,96,111,28,28,1,0.86,1,10224,15478,1162,7213,0.08,0.47,0.01,3,5,1,1,1,1
"F84720","Healy Medical Centre",1,36,37,56,62,19,21,0.97,0.9,0.9,1523,5330,664,2566,0.12,0.48,0.01,5,2,1,2,1,1
"F82634","Heathway Medical Centre",1,39,39,42,46,5,7,1,0.91,0.71,9752,6245,460,3102,0.07,0.5,0.01,3,2,1,1,2,1
"F82015","Hedgemans Medical Centre",1,31,31,30,34,10,10,1,0.88,1,6644,5235,530,2485,0.1,0.47,0.01,4,1,1,1,1,1
"F86045","High Road Surgery",1,8,8,16,18,3,4,1,0.89,0.75,4609,1966,200,774,0.1,0.39,0,4,1,1,1,1,1
"F82023","High Street Surgery",1,33,34,27,33,9,10,0.97,0.82,0.9,16581,3522,740,1741,0.21,0.49,0.01,2,1,2,4,2,1
"F86679","Higham Hill Medical Centre",1,13,13,33,35,3,3,1,0.94,1,10336,6620,382,3242,0.06,0.49,0,3,2,1,1,2,1
"F82680","Highgrove Surgery",1,141,144,96,117,29,31,0.98,0.82,0.94,13366,10244,1017,5200,0.1,0.51,0.01,3,4,4,1,4,1
"F82055","Hornchurch Healthcare",1,95,97,79,96,62,69,0.98,0.82,0.9,23821,12924,1999,6618,0.15,0.51,0.01,1,4,2,2,4,1
"F86082","Ilford Lane Surgery",1,45,45,54,61,15,15,1,0.89,1,5416,6449,609,2998,0.09,0.46,0.01,4,2,1,1,1,1
"F86022","Ilford Medical Centre",1,107,109,122,153,35,37,0.98,0.8,0.95,5545,15793,1484,7080,0.09,0.45,0.01,4,5,1,1,1,1
"F82648","Ingrebourne Medical Centre",0.62,23,27,24,31,5,5,0.85,0.77,1,11452,3819,477,1893,0.12,0.5,0.01,3,1,1,2,2,1
"F84710","Island Health",0.95,55,62,55,77,25,25,0.89,0.71,1,5908,13986,1020,6502,0.07,0.46,0,4,5,1,1,1,1
"F82040","John Smith Medical Centre",1,19,19,12,15,10,11,1,0.8,0.91,4753,4333,243,2082,0.06,0.48,0,4,1,1,1,1,1
"F86081","Kenwood Medical",1,39,39,33,41,23,26,1,0.8,0.88,27084,6887,945,3379,0.14,0.49,0.01,1,2,1,2,2,1
"F86700","Kings Head Medical Practice",1,29,29,39,50,31,36,1,0.78,0.86,12499,3690,724,1807,0.2,0.49,0.01,3,1,2,3,2,1
"Y02973","Kings Park Surgery",1,35,36,44,56,5,5,0.97,0.79,1,18405,9063,568,4507,0.06,0.5,0,2,3,1,1,2,1
"F84015","Kingsmead Healthcare",1,37,37,61,64,10,10,1,0.95,1,5683,5283,619,2632,0.12,0.5,0.01,4,1,1,2,2,1
"F86701","Kiyani Medical Practice",0.94,33,33,29,34,10,10,1,0.85,1,6493,3945,388,1798,0.1,0.46,0.01,4,1,2,1,1,1
"F82051","Laburnum Health Centre",1,82,83,88,111,19,24,0.99,0.79,0.79,1545,10976,1185,5470,0.11,0.5,0.01,5,4,2,1,3,1
"F86705","Langthorne Sharma Family Practice",1,15,15,17,20,3,3,1,0.85,1,6493,3432,317,1578,0.09,0.46,0,4,1,1,1,1,1
"F86664","Larkshall Medical Centre",0.76,61,71,47,70,23,29,0.86,0.67,0.79,22478,8389,1241,4186,0.15,0.5,0.01,2,3,2,2,3,1
"F84070","Lathom Road Medical Centre",1,37,37,64,72,13,13,1,0.89,1,4301,9664,641,4343,0.07,0.45,0,5,3,1,1,1,1
"F84719","Latimer Health Centre",1,47,47,56,60,23,23,1,0.93,1,9155,5324,579,2489,0.11,0.47,0.01,4,2,2,1,1,1
"F86074","Leyton Healthcare 4Th Floor",1,71,72,78,92,21,23,0.99,0.85,0.91,12197,14350,1213,6641,0.08,0.46,0.01,3,5,1,1,1,1
"Y04273","Liberty Bridge Road Practice",1,33,34,57,63,9,10,0.97,0.9,0.9,17929,20262,508,9937,0.03,0.49,0,2,5,1,1,2,1
"F86650","Lime Tree Surgery",0.94,41,46,54,68,10,11,0.89,0.79,0.91,6193,8626,802,4404,0.09,0.51,0.01,4,3,1,1,4,1
"F86625","Ll Medical Care Ltd",1,46,46,33,42,16,18,1,0.79,0.89,6493,5888,687,2789,0.12,0.47,0.01,4,2,2,2,1,1
"F84021","London Fields Medical Centre",1,54,55,58,75,20,20,0.98,0.77,1,8522,11171,861,5593,0.08,0.5,0,4,4,1,1,3,1
"F84003","Lower Clapton General Practice",1,142,142,171,188,62,63,1,0.91,0.98,9720,15151,1690,7674,0.11,0.51,0.01,3,5,2,1,4,1
"F84642","Lucas Avenue Practice",1,29,29,39,49,7,8,1,0.8,0.88,10942,14079,646,5856,0.05,0.42,0,3,5,1,1,1,1
"F82030","Lynwood Medical Centre",1,169,170,112,151,68,77,0.99,0.74,0.88,21141,14810,2421,7615,0.16,0.51,0.01,2,5,3,3,5,1
"F84004","Market Street Health Group",1,84,85,101,122,34,35,0.99,0.83,0.97,5375,13401,1365,6585,0.1,0.49,0.01,4,4,1,1,2,1
"F82604","Marks Gate Health Centre",1,35,35,40,46,14,14,1,0.87,1,6841,5938,547,3034,0.09,0.51,0.01,4,2,1,1,4,1
"F86692","Mathukia's Surgery",1,36,38,46,73,12,18,0.95,0.63,0.67,8755,11244,961,5151,0.09,0.46,0,4,4,1,1,1,1
"F82008","Maylands Healthcare",1,240,241,146,190,116,131,1,0.77,0.89,22594,12831,3161,6508,0.25,0.51,0.02,2,4,5,5,4,1
"F82638","Modern Medical Centre",1,64,64,56,61,20,22,1,0.92,0.91,19452,7569,743,3823,0.1,0.51,0.01,2,2,2,1,3,1
"F86060","Newbury Group Practice",1,67,69,78,100,38,38,0.97,0.78,1,14593,14889,1610,7330,0.11,0.49,0,3,5,1,1,2,1
"F84740","Newham Transitional Practice",0.84,10,10,25,30,2,2,1,0.83,1,4681,4237,254,1598,0.06,0.38,0,4,1,1,1,1,1
"F84077","Newham Vicarage Practice",0.99,32,33,45,53,17,17,0.97,0.85,1,8897,9878,792,4823,0.08,0.49,0,4,3,1,1,2,1
"F82009","North Street Medical Care",1,200,203,151,185,79,89,0.99,0.82,0.89,28146,21178,3544,10800,0.17,0.51,0.01,1,5,2,3,4,1
"F86025","Oak Tree Medical Centre",1,106,106,101,110,31,32,1,0.92,0.97,9573,18877,1520,8833,0.08,0.47,0.01,4,5,1,1,1,1
"Y02575","Omnes Healthcare Ltd",1,66,67,88,113,12,13,0.99,0.78,0.92,8640,22225,1004,10727,0.05,0.48,0,4,5,1,1,1,1
"F82010","Petersfield Surgery",1,83,85,91,110,29,30,0.98,0.83,0.97,6428,8628,1170,4302,0.14,0.5,0.01,4,3,2,2,3,1
"F84741","Plashet Harmony Practice",0.97,10,11,11,11,6,6,0.91,1,1,6739,2189,256,950,0.12,0.43,0.01,4,1,1,2,1,1
"F84088","Plashet Road Medical Centre",1,27,27,41,50,13,13,1,0.82,1,7603,7634,555,3183,0.07,0.42,0,4,2,1,1,1,1
"Y01719","Prime Practice Partnership",1,43,43,66,78,8,9,1,0.85,0.89,9752,9188,531,4679,0.06,0.51,0,3,3,1,1,4,1
"F86658","Queen Mary Practice",0.67,30,30,25,32,18,21,1,0.78,0.86,16790,6398,717,3278,0.11,0.51,0,2,2,1,1,5,1
"F86030","Queens Road Medical Centre",1,35,36,31,36,14,16,0.97,0.86,0.88,13232,8196,598,3714,0.07,0.45,0,3,3,1,1,1,1
"F84117","Queensbridge Group Practice",0.92,63,63,65,78,35,37,1,0.83,0.95,7066,9897,991,5005,0.1,0.51,0.01,4,3,1,1,4,1
"F82627","Rainham & Upminster Medical Centre",1,37,44,30,49,12,19,0.84,0.61,0.63,8218,8484,910,4146,0.11,0.49,0.01,4,3,1,1,2,1
"F84035","Richmond Road Medical Centre",1,34,35,53,62,13,14,0.97,0.85,0.93,12171,23619,753,12976,0.03,0.55,0,3,5,1,1,5,1
"F84647","Roserton Street Surgery",1,36,36,51,59,18,19,1,0.86,0.95,8544,14694,554,7354,0.04,0.5,0,4,5,1,1,3,1
"F84717","Royal Docks Medical Practice",1,61,63,59,79,12,13,0.97,0.75,0.92,9767,12381,752,6019,0.06,0.49,0.01,3,4,1,1,2,1
"F84030","Ruston Street Clinic",1,23,25,24,32,10,10,0.92,0.75,1,5444,3795,295,1850,0.08,0.49,0.01,4,1,1,1,2,1
"F86012","Rydal",1,77,79,55,67,52,60,0.97,0.82,0.87,19831,9533,2214,4842,0.23,0.51,0.01,2,3,2,4,4,1
"F82647","Salisbury Avenue Surgery",1,19,19,22,28,7,8,1,0.79,0.88,4812,5127,490,2157,0.1,0.42,0,4,1,1,1,1,1
"F84621","Sandringham Practice",1,27,27,32,39,16,17,1,0.82,0.94,4975,4657,476,2325,0.1,0.5,0.01,4,1,1,1,3,1
"F84658","Sangam Practice",1,60,61,68,93,25,27,0.98,0.73,0.93,3174,9712,1039,4391,0.11,0.45,0.01,5,3,1,1,1,1
"F86637","Seven Kings Practice",1,51,51,57,63,23,26,1,0.9,0.88,9573,5162,813,2398,0.16,0.46,0.01,4,1,2,2,1,1
"F86006","Seymour Medical Centre",1,26,26,40,45,22,24,1,0.89,0.92,10121,7059,694,3376,0.1,0.48,0,3,2,1,1,1,1
"Y01280","Shifa Medical Practice",1,9,9,12,12,2,2,1,1,1,4396,2367,165,1048,0.07,0.44,0,4,1,1,1,1,1
"F84635","Shoreditch Park Surgery",0.98,28,28,50,60,10,10,1,0.83,1,4329,9628,594,4623,0.06,0.48,0,5,3,1,1,1,1
"Y01839","Sinnott Medical Centre",0.99,39,43,43,54,21,21,0.91,0.8,1,14121,7342,679,3766,0.09,0.51,0.01,3,2,1,1,5,1
"F86038","Sma Medical Practice",1,74,76,88,109,24,26,0.97,0.81,0.92,7730,11724,902,5371,0.08,0.46,0.01,4,4,1,1,1,1
"F84033","Somerford Grove Practice",1,59,60,97,105,21,23,0.98,0.92,0.91,11073,11658,1048,5775,0.09,0.5,0.01,3,4,1,1,2,1
"F82607","South Hornchurch Medical Practice",1,49,49,33,40,24,25,1,0.82,0.96,15537,6184,924,3185,0.15,0.52,0.01,3,2,2,2,5,1
"F86066","Southdene Surgery",1,78,80,58,69,30,35,0.98,0.84,0.86,21462,7594,1227,3895,0.16,0.51,0.01,2,2,2,3,5,1
"Y03049","Spring Hill Practice",1,71,72,91,96,25,27,0.99,0.95,0.93,11077,17188,1015,8386,0.06,0.49,0,3,5,1,1,2,1
"F82017","St Albans Surgery",1,52,53,50,64,9,11,0.98,0.78,0.82,9055,8578,963,4265,0.11,0.5,0.01,4,3,1,1,2,1
"Y03023","St Andrews Health Centre",0.97,118,120,117,172,30,33,0.98,0.68,0.91,6218,33149,1432,16002,0.04,0.48,0,4,5,1,1,1,1
"F86702","St Clement's Surgery",1,39,40,27,36,22,23,0.98,0.75,0.96,6707,4809,766,2372,0.16,0.49,0.01,4,1,2,2,2,1
"F82011","St Edwards Medical Centre",0.98,107,110,80,105,57,63,0.97,0.76,0.9,12673,9655,1609,4960,0.17,0.51,0.01,3,3,3,3,5,1
"F82624","St Georges Country Park Surgery",1,49,49,39,48,26,28,1,0.81,0.93,31994,5420,1259,2838,0.23,0.52,0.01,1,2,2,4,5,1
"F86058","St James Medical Practice Limited",1,65,67,63,84,22,24,0.97,0.75,0.92,8153,15310,1091,7278,0.07,0.48,0,4,5,1,1,1,1
"F84731","St. Katherine's Dock Practice",1,13,15,16,17,4,4,0.87,0.94,1,27562,2202,306,1043,0.14,0.47,0.01,1,1,1,2,1,1
"F84034","St. Stephens Health Centre",1,70,72,96,123,26,28,0.97,0.78,0.93,7482,13311,1298,6490,0.1,0.49,0.01,4,4,1,1,2,1
"F84013","Stamford Hill Group Practice",1,44,45,56,66,39,41,0.98,0.85,0.95,2200,18177,1150,8902,0.06,0.49,0,5,5,1,1,2,1
"F84017","Star Lane Medical Centre",1,107,110,119,156,31,35,0.97,0.76,0.89,6500,20718,1648,10098,0.08,0.49,0.01,4,5,1,1,2,1
"F82671","Straight Road Surgery",1,35,37,34,42,20,23,0.95,0.81,0.87,11452,3379,495,1693,0.15,0.5,0.01,3,1,3,2,3,1
"F84022","Stratford Health Centre",1,29,29,47,56,5,5,1,0.84,1,7086,9201,633,4210,0.07,0.46,0,4,3,1,1,1,1
"F84009","Stratford Village Surgery",1,40,40,46,57,17,17,1,0.81,1,8897,13097,719,6472,0.05,0.49,0,4,4,1,1,2,1
"F84051","Strouts Place Medical Centre",0.97,25,25,31,40,7,7,1,0.78,1,7520,9534,378,4578,0.04,0.48,0,4,3,1,1,1,1
"F82609","Suttons Avenue Surgery",0.81,56,58,42,56,26,33,0.97,0.75,0.79,30065,4620,1162,2331,0.25,0.5,0.01,1,1,3,5,3,1
"F84123","Suttons Wharf Health Centre",0.97,37,38,52,59,14,15,0.97,0.88,0.93,15748,18964,611,9188,0.03,0.48,0,3,5,1,1,1,1
"F84716","The Allerton Road Surgery",1,22,22,35,36,15,16,1,0.97,0.94,18309,5711,432,2717,0.08,0.48,0,2,2,1,1,1,1
"F86036","The Allum Medical Centre",1,65,65,77,87,24,24,1,0.89,1,9275,14646,1670,7129,0.11,0.49,0,4,5,1,1,2,1
"F84735","The Azad Practice",0.93,20,23,43,50,12,16,0.87,0.86,0.75,5519,8485,677,4053,0.08,0.48,0,4,3,1,1,1,1
"F86689","The Bailey Practice",1,18,20,16,23,7,8,0.9,0.7,0.88,24445,4477,351,2400,0.08,0.54,0,1,1,1,1,5,1
"F84747","The Barkantine Practice",1,38,39,74,84,15,17,0.97,0.88,0.88,22837,27421,1192,12800,0.04,0.47,0,2,5,1,1,1,1
"F84718","The Blithehale Med.Ctr.",0.88,53,54,64,88,15,17,0.98,0.73,0.88,6789,13954,727,5990,0.05,0.43,0,4,5,1,1,1,1
"F86013","The Broadway Surgery",1,44,45,36,48,25,28,0.98,0.75,0.89,29584,6184,899,3068,0.15,0.5,0.01,1,2,2,2,2,1
"F84036","The Cedar Practice",1,33,33,50,55,20,21,1,0.91,0.95,10378,8703,705,4396,0.08,0.51,0,3,3,1,1,3,1
"F84062","The Chrisp Street Hth Ctr",1,93,95,110,126,26,28,0.98,0.87,0.93,10379,14795,1174,7242,0.08,0.49,0.01,3,5,1,1,2,1
"F84668","The Clapton Surgery",1,19,19,21,25,8,9,1,0.84,0.89,3344,5947,400,2816,0.07,0.47,0,5,2,1,1,1,1
"Y00090","The Doctors House",0.93,69,69,62,80,24,26,1,0.78,0.92,7604,8235,845,3889,0.1,0.47,0.01,4,3,2,1,1,1
"F86652","The Drive Surgery",1,51,51,48,53,29,32,1,0.91,0.91,9333,7048,838,3365,0.12,0.48,0.01,4,2,2,2,1,1
"F86083","The Eastern Avenue Medical Centre",0.95,40,40,46,53,15,15,1,0.87,1,14262,6302,1116,2961,0.18,0.47,0.01,3,2,1,3,1,1
"F86018","The Ecclesbourne Practice",1,74,75,72,90,40,42,0.99,0.8,0.95,16697,9967,1350,5074,0.14,0.51,0.01,2,3,2,2,4,1
"F86064","The Elmhurst Practice",0.99,45,46,28,38,20,22,0.98,0.74,0.91,16790,4701,738,2423,0.16,0.52,0.01,2,1,2,2,5,1
"F86023","The Evergreen Surgery",1,94,94,77,93,67,74,1,0.83,0.91,24672,10557,1678,5323,0.16,0.5,0.01,1,4,2,2,3,1
"F86001","The Firs",1,54,55,48,61,20,23,0.98,0.79,0.87,8153,11916,1069,6019,0.09,0.51,0,4,4,1,1,3,1
"F86007","The Forest Edge Practice",1,93,94,96,116,46,48,0.99,0.83,0.96,7958,13908,1816,7025,0.13,0.51,0.01,4,4,1,2,3,1
"F84086","The Forest Practice",1,40,40,39,50,17,17,1,0.78,1,10918,6665,812,3026,0.12,0.45,0.01,3,2,1,2,1,1
"F86026","The Forest Surgery",1,55,56,51,57,20,21,0.98,0.89,0.95,13872,6986,820,3377,0.12,0.48,0.01,3,2,2,2,1,1
"F86612","The Fullwell Avenue Surgery",0.91,28,28,18,23,20,23,1,0.78,0.87,16248,3113,511,1574,0.16,0.51,0.01,2,1,2,3,4,1
"F84074","The Graham Practice",1,59,60,89,108,21,23,0.98,0.82,0.91,6739,10626,1269,4758,0.12,0.45,0.01,4,4,1,2,1,1
"F82007","The Green Wood Practice",1,173,178,98,126,74,88,0.97,0.78,0.84,26174,10494,2591,5333,0.25,0.51,0.02,1,4,4,5,4,1
"F84055","The Grove Road Surgery",1,11,11,20,22,8,8,1,0.91,1,9721,3898,329,1775,0.08,0.46,0,3,1,1,1,1,1
"F86624","The Heathcote Primary Care Centre",0.99,21,21,22,24,11,11,1,0.92,1,27084,3428,577,1684,0.17,0.49,0.01,1,1,1,3,2,1
"F84119","The Heron Practice",1,58,58,86,93,20,20,1,0.92,1,10378,12800,1075,6532,0.08,0.51,0,3,4,1,1,4,1
"F84692","The Hoxton Surgery",1,30,30,42,45,9,9,1,0.93,1,4329,9364,497,4449,0.05,0.48,0,5,3,1,1,1,1
"F84031","The Jubilee Street Practice Ltd",0.92,91,102,117,138,55,60,0.89,0.85,0.92,3619,16105,1302,7856,0.08,0.49,0.01,5,5,1,1,2,1
"F84096","The Lawson Practice",1,97,98,125,148,30,30,0.99,0.84,1,5498,16796,1442,8557,0.09,0.51,0.01,4,5,1,1,4,1
"F84105","The Lea Surgery",1,37,38,69,75,21,23,0.97,0.92,0.91,3140,11498,875,5743,0.08,0.5,0,5,4,1,1,3,1
"F84054","The Limehouse Practice",1,42,43,61,66,14,14,0.98,0.92,1,4417,12250,862,5886,0.07,0.48,0,4,4,1,1,1,1
"F86088","The Lyndhurst Surgery",1,19,19,29,33,10,10,1,0.88,1,15922,5027,646,2323,0.13,0.46,0,3,1,1,2,1,1
"F84729","The Manor Park Practice",1,23,23,30,34,7,7,1,0.88,1,1824,4944,297,2156,0.06,0.44,0,5,1,1,1,1,1
"F86011","The Manor Practice",0.95,134,136,124,158,56,64,0.99,0.78,0.88,5742,9532,1100,4198,0.12,0.44,0.01,4,3,4,2,1,1
"F86638","The Microfaculty",1,29,30,23,28,19,21,0.97,0.82,0.9,14683,4443,686,2200,0.15,0.5,0.01,3,1,1,2,2,1
"F84016","The Mission Practice",0.97,50,54,67,87,23,25,0.93,0.77,0.92,4254,11783,996,5767,0.08,0.49,0,5,4,1,1,2,1
"F84640","The Neaman Practice",1,71,71,49,59,38,43,1,0.83,0.88,25966,9704,1485,4188,0.15,0.43,0.01,1,3,2,2,1,1
"F82021","The New Medical Centre",1,98,98,65,88,53,64,1,0.74,0.83,27834,9705,1830,4925,0.19,0.51,0.01,1,3,2,3,4,1
"F84018","The Nightingale Practice",1,81,81,98,104,33,34,1,0.94,0.97,8792,12444,951,6458,0.08,0.52,0.01,4,4,1,1,5,1
"F86616","The Old Church Surgery",1,67,69,47,58,42,48,0.97,0.81,0.88,9165,8887,1222,4589,0.14,0.52,0.01,4,3,2,2,5,1
"Y01795","The Oval Practice",1,35,36,42,46,8,8,0.97,0.91,1,7649,8007,587,4003,0.07,0.5,0,4,3,1,1,3,1
"F86009","The Palms Medical Centre",0.77,35,36,25,41,16,17,0.97,0.61,0.94,14583,7202,1247,3499,0.17,0.49,0,3,2,1,3,2,1
"F86005","The Penrhyn Surgery",0.87,37,38,28,44,7,12,0.97,0.64,0.58,19082,8638,718,4307,0.08,0.5,0,2,3,1,1,3,1
"Y02928","The Practice Albert Road",1,37,37,56,74,6,6,1,0.76,1,5927,23236,823,11668,0.04,0.5,0,4,5,1,1,3,1
"F84124","The Project Surgery",1,18,18,24,28,2,2,1,0.86,1,5098,5094,255,2364,0.05,0.46,0,4,1,1,1,1,1
"F86078","The Ridgeway Surgery",1,55,56,43,55,31,35,0.98,0.78,0.89,18830,6592,1513,3318,0.23,0.5,0.01,2,2,2,4,3,1
"F84619","The Riverside Practice",1,39,40,41,44,14,14,0.98,0.93,1,3344,5245,378,2567,0.07,0.49,0.01,5,1,2,1,2,1
"Y00312","The Robins Surgery, Harold Hill Health C",0.53,33,43,34,52,11,15,0.77,0.65,0.73,6428,4626,477,2396,0.1,0.52,0.01,4,1,2,1,5,1
"F82022","The Rosewood Medical Centre",1,129,132,104,129,55,60,0.98,0.81,0.92,6526,13298,2865,6775,0.22,0.51,0.01,4,4,2,4,4,1
"F84666","The Ruiz Medical Practice",0.98,15,15,30,45,5,5,1,0.67,1,3729,6160,369,2956,0.06,0.48,0,5,2,1,1,1,1
"F82014","The Saheecha's Practices",1,76,76,67,78,31,33,1,0.86,0.94,6428,7635,1136,3932,0.15,0.51,0.01,4,2,2,2,5,1
"F84006","The Shrewsbury Centre",1,64,64,80,94,14,16,1,0.85,0.88,6739,17425,1449,7888,0.08,0.45,0,4,5,1,1,1,1
"F86641","The Shrubberies Medical Centre",0.97,55,56,49,60,27,30,0.98,0.82,0.9,21462,8531,990,4355,0.12,0.51,0.01,2,3,1,2,4,1
"F84081","The Spitalfields Practice",0.85,69,71,67,87,29,31,0.97,0.77,0.94,2794,13713,855,5805,0.06,0.42,0.01,5,4,1,1,1,1
"F84115","The Statham Grove Surgery",1,42,43,55,65,12,13,0.98,0.85,0.92,17680,9077,783,4672,0.09,0.51,0,2,3,1,1,5,1
"F84636","The Surgery (Barretts Grove)",1,13,13,27,31,10,10,1,0.87,1,9680,6749,335,3380,0.05,0.5,0,4,2,1,1,3,1
"F84694","The Surgery (Brooke Road)",1,10,10,13,14,3,3,1,0.93,1,10689,4751,247,2406,0.05,0.51,0,3,1,1,1,4,1
"F84686","The Surgery (Cranwich Road)",1,14,14,19,22,6,6,1,0.86,1,3343,8875,389,4372,0.04,0.49,0,5,3,1,1,2,1
"F82019","The Upstairs Surgery",0.68,51,52,37,59,16,29,0.98,0.63,0.55,13927,6534,987,3259,0.15,0.5,0.01,3,2,2,2,3,1
"F84730","The Vicarage Lane Surgery",1,40,40,51,57,4,4,1,0.89,1,8897,9537,642,4431,0.07,0.46,0,4,3,1,1,1,1
"F84079","The Wapping Group Practice",1,50,50,60,66,15,16,1,0.91,0.94,23180,11673,910,5298,0.08,0.45,0,2,4,1,1,1,1
"F82612","The White House Surgery",1,71,71,61,82,25,27,1,0.74,0.93,6208,11496,1097,5517,0.1,0.48,0.01,4,4,1,1,1,1
"F84620","The Wick Health Centre",1,55,55,63,70,17,18,1,0.9,0.94,3097,8258,812,4120,0.1,0.5,0.01,5,3,1,1,3,1
"F86057","The Willows Practice",1,45,46,41,50,29,31,0.98,0.82,0.94,7958,7959,1052,4061,0.13,0.51,0.01,4,3,1,2,4,1
"F84093","Tollgate Medical Centre",1,92,92,117,131,25,27,1,0.89,0.93,1781,18166,1517,9111,0.08,0.5,0.01,5,5,1,1,3,1
"F84696","Tredegar Practice",0.95,37,38,44,53,8,8,0.97,0.83,1,14838,6050,448,3061,0.07,0.51,0.01,3,2,1,1,4,1
"Y00403","Trowbridge Practice",1,14,14,24,28,4,4,1,0.86,1,7109,7915,262,3923,0.03,0.5,0,4,3,1,1,2,1
"F82660","Tulasi Medical Centre",0.86,144,147,144,191,49,53,0.98,0.75,0.92,5925,20147,1953,9962,0.1,0.49,0.01,4,5,2,1,2,1
"F84014","Upton Lane Medical Centre",1,33,34,43,51,19,19,0.97,0.84,1,5657,7575,817,3247,0.11,0.43,0,4,2,1,1,1,1
"F82034","Victoria & Five Elms Medical Centre",1,37,38,44,63,5,10,0.97,0.7,0.5,5377,10952,845,5280,0.08,0.48,0,4,4,1,1,1,1
"F86644","Waltham Forest Comm & Fam Hth Serv Ltd",0.71,47,60,57,73,19,24,0.78,0.78,0.79,9853,8775,981,4190,0.11,0.48,0.01,3,3,1,1,1,1
"F86032","Wanstead Place Surgery",1,88,88,62,82,49,52,1,0.76,0.94,24672,9148,1583,4705,0.17,0.51,0.01,1,3,2,3,5,1
"F84069","Well Street Surgery",1,65,66,90,104,22,24,0.98,0.87,0.92,5767,13973,1344,7066,0.1,0.51,0,4,5,1,1,4,1
"F84118","Wellington Way Health Centre",1,39,40,41,54,9,9,0.98,0.76,1,6878,12035,585,5615,0.05,0.47,0,4,4,1,1,1,1
"F84670","Westbury Road Medical Practice",1,22,22,27,31,10,10,1,0.87,1,5776,6539,405,2897,0.06,0.44,0,4,2,1,1,1,1
"F82013","Western Road Medical Centre",1,162,163,119,150,99,111,0.99,0.79,0.89,12673,18026,3258,9256,0.18,0.51,0.01,3,5,2,3,5,1
"F82028","Wood Lane Surgery",1,119,122,81,106,65,70,0.98,0.76,0.93,22404,10439,1694,5270,0.16,0.5,0.01,2,4,3,3,3,1
"F84724","Woodgrange Medical Practice",1,76,77,104,123,16,16,0.99,0.85,1,1710,18001,1107,8026,0.06,0.45,0,5,5,1,1,1,1
"F84122","Xx Place Health Centre",1,82,84,102,120,36,40,0.98,0.85,0.9,10488,17511,1294,8309,0.07,0.47,0,3,5,1,1,1,1
"F86657","York Road Surgery",0.97,28,31,35,41,16,17,0.9,0.85,0.94,2583,8338,684,3933,0.08,0.47,0,5,3,1,1,1,1
"M84036","Abbey Medical Centre",1,211,215,145,191,130,149,0.98,0.76,0.87,29995,15725,3684,7858,0.23,0.5,0.01,1,5,4,4,3,1
"M84049","Alcester Health Centre",0.96,87,89,81,98,56,60,0.98,0.83,0.93,14466,5892,1772,2987,0.3,0.51,0.02,3,2,4,5,4,1
"M86004","Allesley Park Medical Ctr",1,136,137,79,87,82,89,0.99,0.91,0.92,28280,21335,2044,10998,0.1,0.52,0.01,1,5,1,1,5,1
"M86039","Allesley Village Surgery",0.74,81,95,29,51,29,56,0.85,0.57,0.52,15958,4821,1205,2454,0.25,0.51,0.02,3,1,5,5,4,1
"Y04965","Alliance Teaching Practices",1,98,100,81,128,27,36,0.98,0.63,0.75,2498,22284,1268,10554,0.06,0.47,0,5,5,1,1,1,1
"M84003","Arbury Medical Centre",1,121,123,99,110,51,59,0.98,0.9,0.86,18854,9883,1968,4927,0.2,0.5,0.01,2,3,3,3,3,1
"M84010","Avonside Health Centre",1,144,144,112,142,69,75,1,0.79,0.92,16885,10515,1963,5194,0.19,0.49,0.01,2,4,4,3,2,1
"M84011","Bedworth Health Centre",1,347,355,291,377,154,171,0.98,0.77,0.9,5032,21531,4649,10939,0.22,0.51,0.02,4,5,4,4,4,1
"M84065","Beech Tree Medical Practice",1,58,59,35,45,23,26,0.98,0.78,0.88,8403,8150,950,3871,0.12,0.47,0.01,4,3,2,2,1,1
"M84067","Bennfield Surgery",1,95,96,69,86,58,68,0.99,0.8,0.85,6580,7796,1574,3963,0.2,0.51,0.01,4,3,3,4,4,1
"M84018","Bidford Health Centre",1,209,212,140,167,119,131,0.99,0.84,0.91,22227,14153,3748,7179,0.26,0.51,0.01,2,5,4,5,4,1
"M86038","Bredon Avenue Surgery",0.95,42,43,40,43,25,32,0.98,0.93,0.78,22332,2723,718,1322,0.26,0.49,0.02,2,1,4,5,2,1
"M84014","Bridge House Medical Centre",1,153,155,95,118,104,117,0.99,0.81,0.89,20644,9427,2684,4641,0.28,0.49,0.02,2,3,4,5,2,1
"M84616","Brookside Surgery",1,53,53,46,60,25,28,1,0.77,0.89,25438,4453,934,2245,0.21,0.5,0.01,1,1,3,4,3,1
"M86029","Broomfield Park Med.Ctr.",1,158,161,108,123,85,91,0.98,0.88,0.93,9766,19003,1996,9676,0.11,0.51,0.01,3,5,2,1,4,1
"Y06218","Brownsover Medical Centre",1,54,54,49,60,20,22,1,0.82,0.91,21265,9759,930,4860,0.1,0.5,0.01,2,3,1,1,2,1
"M84069","Budbrooke Medical Centre",1,86,86,64,80,44,48,1,0.8,0.92,28753,6488,1287,3297,0.2,0.51,0.01,1,2,3,3,4,1
"M84061","Bulkington Surgery",1,105,107,58,77,61,70,0.98,0.75,0.87,9757,5945,1754,3059,0.3,0.51,0.02,3,2,5,5,5,1
"Y04969","Camp Hill Gp Led Health Centre",1,36,37,22,25,18,19,0.97,0.88,0.95,11372,4941,412,2468,0.08,0.5,0.01,3,1,2,1,3,1
"M84013","Castle Medical Centre",1,197,199,148,174,128,144,0.99,0.85,0.89,29995,12582,3377,6347,0.27,0.5,0.02,1,4,4,5,3,1
"M86028","Central Medical Centre",1,27,31,18,25,10,15,0.87,0.72,0.67,3067,3409,455,1491,0.13,0.44,0.01,5,1,2,2,1,1
"M84023","Central Surgery",0.9,216,221,126,167,92,106,0.98,0.75,0.87,16804,20231,2983,9730,0.15,0.48,0.01,2,5,3,2,1,1
"M84005","Chapel End Surgery",1,66,68,65,79,31,33,0.97,0.82,0.94,4698,5015,853,2488,0.17,0.5,0.01,4,1,3,3,2,1
"M84063","Chase Meadow Health Centre",1,69,70,43,62,43,48,0.99,0.69,0.9,32945,7245,1145,3639,0.16,0.5,0.01,1,2,2,2,3,1
"Y04882","Chaucer Surgery",1,43,43,32,41,18,20,1,0.78,0.9,8479,3215,592,1536,0.18,0.48,0.01,4,1,3,3,1,1
"M84017","Clarendon Lodge Medical Centre",1,166,168,109,147,117,134,0.99,0.74,0.87,27823,14602,2806,7252,0.19,0.5,0.01,1,5,3,3,2,1
"M86041","Clay Lane Medical Practice",1,76,77,67,82,22,24,0.99,0.82,0.92,1434,10617,1085,5005,0.1,0.47,0.01,5,4,2,1,1,1
"M84020","Clifton Road Surgery",1,173,175,119,132,105,118,0.99,0.9,0.89,12487,14859,2674,7266,0.18,0.49,0.01,3,5,3,3,2,1
"M86046","Copsewood Medical Centre",1,63,64,44,62,23,25,0.98,0.71,0.92,24169,5419,894,2651,0.16,0.49,0.01,1,2,3,3,2,1
"M86624","Coventry Gp Group Of Practices",1,93,99,88,120,20,26,0.94,0.73,0.77,8892,12763,1043,6148,0.08,0.48,0.01,4,4,2,1,1,1
"M84015","Croft Medical Centre",1,175,179,123,160,81,91,0.98,0.77,0.89,20900,14751,2289,6867,0.16,0.47,0.01,2,5,3,2,1,1
"M84007","Dordon & Polesworth Group Practice",1,192,199,117,160,99,115,0.96,0.73,0.86,11178,13388,2854,6808,0.21,0.51,0.01,3,4,4,4,4,1
"M84046","Dunchurch Surgery",1,132,134,72,85,82,91,0.99,0.85,0.9,23780,8157,2203,4176,0.27,0.51,0.02,1,3,4,5,4,1
"M86633","Edgwick Medical Centre",1,19,20,25,28,10,10,0.95,0.89,1,482,5707,376,2707,0.07,0.47,0,5,2,1,1,1,1
"M86009","Engleton House Surgery",1,138,141,116,137,53,58,0.98,0.85,0.91,5594,25293,1517,10166,0.06,0.4,0.01,4,5,1,1,1,1
"M84009","Fenny Compton Surgery",1,84,84,72,82,43,45,1,0.88,0.96,21684,5314,1403,2602,0.26,0.49,0.02,2,2,4,5,2,1
"M86010","Forrest Medical Centre",1,146,150,111,143,66,72,0.97,0.78,0.92,10943,12912,1830,6379,0.14,0.49,0.01,3,4,3,2,2,1
"M86612","George Eliot Medical Centre",1,21,21,18,19,4,5,1,0.95,0.8,1513,4065,302,1752,0.07,0.43,0.01,5,1,1,1,1,1
"M86016","Godiva Group Practice",1,165,169,134,166,71,81,0.98,0.81,0.88,1434,21606,2556,10181,0.12,0.47,0.01,5,5,2,2,1,1
"M86622","Govind Health Centre",0.46,39,47,20,44,15,25,0.83,0.45,0.6,18093,3413,684,1647,0.2,0.48,0.01,2,1,4,3,1,1
"M84044","Harbury Surgery",0.99,87,88,48,59,57,64,0.99,0.81,0.89,30349,5864,1522,2931,0.26,0.5,0.02,1,2,4,5,3,1
"M84615","Hartshill Health Centre",0.97,75,80,86,105,24,26,0.94,0.82,0.92,21175,8234,1347,4231,0.16,0.51,0.01,2,3,2,3,5,1
"M84030","Hastings House Surgery",1,211,216,134,172,139,156,0.98,0.78,0.89,18728,13266,3437,6723,0.26,0.51,0.02,2,4,4,5,4,1
"M84042","Hazelwood Group Practice",0.86,154,157,86,104,69,79,0.98,0.83,0.87,12535,10404,2596,5269,0.25,0.51,0.02,3,4,4,5,4,1
"M86035","Henley Green Medical Centre",1,95,96,75,95,35,39,0.99,0.79,0.9,206,8294,1136,4200,0.14,0.51,0.01,5,3,3,2,4,1
"M84024","Henley-In-Arden Med Ctr",1,135,136,71,86,81,87,0.99,0.83,0.93,29943,6566,2135,3398,0.33,0.52,0.02,1,2,5,5,5,1
"M86617","Hillfields - Dr Bano",1,27,27,23,31,8,9,1,0.74,0.89,305,4611,548,2157,0.12,0.47,0.01,5,1,1,2,1,1
"M86005","Hillfields Health Centre - 1",1,33,33,29,35,16,18,1,0.83,0.89,305,6382,627,3014,0.1,0.47,0.01,5,2,1,1,1,1
"M86032","Holbrooks Health Team",0.98,142,146,96,140,62,78,0.97,0.69,0.79,11507,12586,1498,6093,0.12,0.48,0.01,3,4,3,2,1,1
"M86006","Jubilee Healthcare",1,107,108,58,71,62,66,0.99,0.82,0.94,6556,10124,1644,4782,0.16,0.47,0.01,4,3,3,3,1,1
"M86030","Kensington Road Surgery",0.94,55,56,38,47,24,27,0.98,0.81,0.89,12434,5601,996,2602,0.18,0.46,0.01,3,2,2,3,1,1
"M86015","Kenyon Medical Centres",1,172,175,118,141,86,91,0.98,0.84,0.95,1756,13953,2302,6913,0.16,0.5,0.01,5,5,3,3,2,1
"M84620","Lapworth Surgery",1,53,53,33,38,31,33,1,0.87,0.94,17698,3006,834,1493,0.28,0.5,0.02,2,1,5,5,2,1
"M86605","Limbrick Wood Surgery",1,35,36,34,38,14,16,0.97,0.89,0.88,1712,3037,616,1549,0.2,0.51,0.01,5,1,3,4,4,1
"M86002","Longford Primary Care Centre",0.97,100,102,74,91,52,53,0.98,0.81,0.98,9806,8499,1261,4088,0.15,0.48,0.01,3,3,3,2,1,1
"M84022","Manor Court Surgery",0.81,95,98,64,103,37,40,0.97,0.62,0.92,12731,8407,1614,4189,0.19,0.5,0.01,3,3,3,3,2,1
"M86017","Mansfield Medical Centre",1,120,122,84,104,48,55,0.98,0.81,0.87,6957,10357,1417,5056,0.14,0.49,0.01,4,4,3,2,2,1
"M84050","Market Quarter Medical Practice",1,75,76,60,76,39,41,0.99,0.79,0.95,8403,8116,1144,3988,0.14,0.49,0.01,4,3,2,2,2,1
"M84066","Meon Medical Centre",0.79,84,90,64,88,34,41,0.93,0.73,0.83,19374,6766,1325,3480,0.2,0.51,0.01,2,2,3,3,5,1
"M86018","Moseley Avenue Surgery",0.82,115,127,91,114,54,58,0.91,0.8,0.93,12373,11895,1945,5964,0.16,0.5,0.01,3,4,3,3,3,1
"M84051","Old Mill Surgery",1,147,148,118,143,46,51,0.99,0.83,0.9,10244,13561,2076,6796,0.15,0.5,0.01,3,4,3,2,3,1
"M86045","Paradise Medical Centre",0.93,42,55,30,35,15,21,0.76,0.86,0.71,3067,7612,974,3631,0.13,0.48,0.01,5,2,2,2,1,1
"M86044","Park House",0.96,30,30,23,29,10,12,1,0.79,0.83,6532,4594,545,2063,0.12,0.45,0.01,4,1,1,2,1,1
"M84012","Park Leys Medical Practice",1,203,207,148,188,100,107,0.98,0.79,0.93,8063,16701,2802,8507,0.17,0.51,0.01,4,5,3,3,4,1
"M84006","Pear Tree Surgery",0.99,157,160,123,133,67,73,0.98,0.92,0.92,12454,10484,2546,5297,0.24,0.51,0.02,3,4,4,4,3,1
"M86007","Phoenix Family Care",1,89,90,54,64,48,55,0.99,0.84,0.87,32895,5994,1532,2955,0.26,0.49,0.02,1,2,4,5,2,1
"M84002","Pool Medical Centre",0.99,126,127,70,80,69,77,0.99,0.88,0.9,28493,8207,1977,4196,0.24,0.51,0.02,1,3,4,4,4,1
"M86012","Priory Gate Practice",0.99,65,66,48,63,23,25,0.98,0.76,0.92,305,11071,935,5361,0.08,0.48,0.01,5,4,1,1,1,1
"M84028","Priory Medical Centre",1,269,274,194,236,125,142,0.98,0.82,0.88,29129,18911,3938,9261,0.21,0.49,0.01,1,5,4,4,2,1
"M84621","Queens Road Surgery",1,27,27,17,20,10,11,1,0.85,0.91,3642,2758,376,1320,0.14,0.48,0.01,5,1,2,2,1,1
"M86037","Quinton Park Medical Centre",0.85,24,24,25,40,12,16,1,0.62,0.75,12034,3788,640,1808,0.17,0.48,0.01,3,1,1,3,1,1
"M84001","Red Roofs Surgery",1,228,231,174,214,109,125,0.99,0.81,0.87,6897,13588,2956,6817,0.22,0.5,0.02,4,4,4,4,3,1
"M84031","Revel Surgery",1,103,105,80,96,51,53,0.98,0.83,0.96,22857,7929,1589,3988,0.2,0.5,0.01,2,3,3,3,3,1
"M84041","Riversley Road Surgery",1,107,109,103,119,47,49,0.98,0.87,0.96,6897,7022,1216,3408,0.17,0.49,0.02,4,2,4,3,2,1
"M84021","Rother House Medical Centre",1,223,232,150,193,134,149,0.96,0.78,0.9,19655,17043,4143,8600,0.24,0.5,0.01,2,5,4,4,3,1
"M84618","Rugby Road Surgery",1,54,55,45,58,40,41,0.98,0.78,0.98,9757,3909,830,1980,0.21,0.51,0.01,3,1,4,4,4,1
"Y04884","Satis House",1,41,42,30,37,24,27,0.98,0.81,0.89,22587,3299,779,1662,0.24,0.5,0.01,2,1,3,4,3,1
"M84040","Sherbourne Medical Centre",1,142,143,93,122,74,85,0.99,0.76,0.87,24452,10644,1993,5012,0.19,0.47,0.01,1,4,3,3,1,1
"M84025","Shipston Medical Centre",0.89,218,231,149,203,114,146,0.94,0.73,0.78,21423,11993,3477,6087,0.29,0.51,0.02,2,4,5,5,4,1
"M86003","Sky Blue Medical Group",1,185,190,134,162,78,86,0.97,0.83,0.91,25161,17016,2533,8207,0.15,0.48,0.01,1,5,3,2,1,1
"M84026","Southam Surgery",1,126,128,95,112,58,65,0.98,0.85,0.89,29728,7212,1805,3611,0.25,0.5,0.02,1,2,5,5,3,1
"M84059","Spa Medical Centre",1,44,44,42,52,15,17,1,0.81,0.88,23143,3820,680,1729,0.18,0.45,0.01,2,1,3,3,1,1
"M84008","Spring Hill Medical Centre",1,116,116,81,93,41,44,1,0.87,0.93,7572,8294,1450,4114,0.17,0.5,0.01,4,3,4,3,2,1
"M86021","Springfield Medical Practice",1,96,98,63,82,35,48,0.98,0.77,0.73,8063,7306,1316,3744,0.18,0.51,0.01,4,2,3,3,5,1
"M86610","St Georges Road Surgery",1,13,13,12,13,4,4,1,0.92,1,6532,7552,232,3389,0.03,0.45,0,4,2,1,1,1,NA
"M84629","St Wulfstan Surgery",1,150,151,115,129,73,75,0.99,0.89,0.97,29728,11386,1810,5830,0.16,0.51,0.01,1,4,3,2,4,1
"M84612","Station Street Surgery",1,76,78,68,82,27,31,0.97,0.83,0.87,3944,8279,1162,4160,0.14,0.5,0.01,5,3,2,2,3,1
"M84055","Stockingford Medical Centre",0.99,26,26,24,27,6,6,1,0.89,1,13224,2229,573,1098,0.26,0.49,0.01,3,1,3,5,2,1
"M86627","Stoke Aldermoor Med Ctre",0.88,36,39,28,43,6,6,0.92,0.65,1,1491,6885,397,3223,0.06,0.47,0.01,5,2,1,1,1,1
"M84047","Tanworth-In-Arden Med Ctr",1,103,105,57,67,53,58,0.98,0.85,0.91,26330,5264,1549,2620,0.29,0.5,0.02,1,1,5,5,2,1
"M84060","The Arrow Surgery",1,89,90,53,66,60,67,0.99,0.8,0.9,14466,6819,1799,3522,0.26,0.52,0.01,3,2,3,5,5,1
"M84019","The Atherstone Surgery",1,288,292,176,227,114,128,0.99,0.78,0.89,3944,16865,3765,8463,0.22,0.5,0.02,5,5,5,4,3,1
"M86027","The Cheylesmore Surgery",1,82,82,54,63,36,37,1,0.86,0.97,12034,13764,1542,6737,0.11,0.49,0.01,3,4,1,1,2,1
"M86014","The Forum Health Centre",1,164,167,150,187,89,101,0.98,0.8,0.88,15479,21186,3315,10749,0.16,0.51,0.01,3,5,2,2,4,1
"M86008","The Gables Medicentre",0.67,108,125,57,110,25,52,0.86,0.52,0.48,8775,10360,1604,5124,0.15,0.49,0.01,4,4,3,2,2,1
"M84037","The Grange Medical Centre",1,165,165,134,163,79,82,1,0.82,0.96,17551,12207,2715,6172,0.22,0.51,0.01,2,4,3,4,4,1
"M84627","The Old Cole House Practice",0.66,58,58,37,47,18,20,1,0.79,0.9,5032,3804,1019,1891,0.27,0.5,0.02,4,1,4,5,2,1
"Y00140","Torcross Medical Centre",1,24,24,26,31,12,12,1,0.84,1,15002,2139,499,1027,0.23,0.48,0.01,3,1,3,4,1,1
"M84043","Trinity Court Surgery",0.9,292,303,191,243,190,206,0.96,0.79,0.92,19655,21242,4771,10579,0.22,0.5,0.01,2,5,4,4,2,1
"M84062","Vale Of Red Horse",0.97,91,96,68,83,28,31,0.95,0.82,0.9,23997,7328,1249,3669,0.17,0.5,0.01,1,2,3,3,3,1
"M84029","Valley Road Medical Practice",1,110,111,78,100,61,69,0.99,0.78,0.88,14231,7811,1623,3944,0.21,0.5,0.01,3,3,4,4,3,1
"M86040","Walsgrave Health Centre",1,40,41,42,45,27,28,0.98,0.93,0.96,10845,3917,705,1934,0.18,0.49,0.01,3,1,2,3,2,1
"M84070","Warwick Gates Fam.Hth.Ctr",1,88,88,55,62,56,60,1,0.89,0.93,21673,12273,1314,6289,0.11,0.51,0.01,2,4,2,1,5,1
"M84032","Waterside Medical Centre",1,97,100,90,110,46,48,0.97,0.82,0.96,19637,14654,1653,6751,0.11,0.46,0.01,2,5,1,1,1,1
"M84035","Westside Medical Centre",1,153,154,89,106,61,65,0.99,0.84,0.94,6580,12065,1869,5991,0.15,0.5,0.01,4,4,3,2,2,1
"M86019","Westwood Medical H/Centre",1,43,43,32,38,22,24,1,0.84,0.92,20920,4306,895,2007,0.21,0.47,0.01,2,1,2,4,1,1
"M84004","Whitehall Medical Practice",1,210,210,141,182,98,114,1,0.77,0.86,16609,19676,3355,9755,0.17,0.5,0.01,2,5,3,3,2,1
"M84034","Whitestone Surgery",0.83,26,27,19,23,10,10,0.96,0.83,1,30055,2370,402,1139,0.17,0.48,0.01,1,1,3,3,1,1
"M84064","Whitnash Medical Centre",1,79,85,54,71,40,43,0.93,0.76,0.93,30686,7073,1140,3508,0.16,0.5,0.01,1,2,3,2,2,1
"M86033","Willenhal Oak Medical Centre",1,58,59,52,64,23,26,0.98,0.81,0.88,1572,4395,599,2275,0.14,0.52,0.01,5,1,3,2,5,1
"M86001","Willenhall Primary Care Centre - 1",1,66,67,52,67,24,25,0.99,0.78,0.96,6769,7300,891,3588,0.12,0.49,0.01,4,2,2,2,2,1
"M86048","Windmill Surgery",1,62,63,56,70,18,19,0.98,0.8,0.95,9806,8196,752,4052,0.09,0.49,0.01,3,3,2,1,2,1
"M84016","Wolston Surgery",0.96,68,70,43,54,40,43,0.97,0.8,0.93,16685,4504,1205,2212,0.27,0.49,0.02,2,1,4,5,2,1
"M86020","Wood End Health Centre",1,54,55,66,79,20,21,0.98,0.84,0.95,1686,7973,722,4018,0.09,0.5,0.01,5,3,1,1,3,1
"M84609","Woodlands Surgery",1,55,56,56,73,25,26,0.98,0.77,0.96,14020,4811,751,2383,0.16,0.5,0.01,3,1,3,2,2,1
"M86034","Woodside Medical Centre",1,146,148,116,139,92,105,0.99,0.83,0.88,1712,10230,2172,5239,0.21,0.51,0.01,5,4,4,4,4,1
"M86638","Woodway Medical Centre",0.87,76,78,72,87,37,40,0.97,0.83,0.92,22761,6831,1131,3401,0.17,0.5,0.01,2,2,3,3,2,1
"M87623","Alexandra Medical Centre",0.83,21,27,22,24,9,9,0.78,0.92,1,22869,3268,410,1505,0.13,0.46,0.01,2,1,2,2,1,1
"Y00228","Ambar Medical Centre",1,10,10,8,11,5,5,1,0.73,1,3155,2510,135,1219,0.05,0.49,0,5,1,1,1,2,1
"M87028","Anchor Medical Practice",0.91,85,95,90,96,38,40,0.89,0.94,0.95,13663,9086,1402,4637,0.15,0.51,0.01,3,3,2,2,4,1
"M92609","Ashfield Road Surgery",1,78,79,54,61,24,26,0.99,0.89,0.92,8495,6197,1005,3189,0.16,0.51,0.01,4,2,3,3,5,1
"M92022","Ashmore Park Medical Centre",0.94,47,47,39,46,18,18,1,0.85,1,2675,4188,589,2152,0.14,0.51,0.01,5,1,3,2,5,1
"M87009","Aw Surgeries",0.92,204,214,153,185,63,76,0.95,0.83,0.83,4970,16757,3174,8522,0.19,0.51,0.01,4,5,3,3,4,1
"M92654","Bagary's Medical Practice",0.89,90,92,88,109,27,30,0.98,0.81,0.9,1673,7034,935,3397,0.13,0.48,0.01,5,2,3,2,1,1
"M87621","Bath Street Medical Centre",0.72,23,27,21,29,10,12,0.85,0.72,0.83,9570,2686,432,1327,0.16,0.49,0.01,4,1,2,2,2,1
"M87036","Bean Medical Practice",0.92,27,29,20,28,9,11,0.93,0.71,0.82,3490,3793,407,1796,0.11,0.47,0.01,5,1,2,1,1,1
"M88042","Bearwood Medical Centre",1,26,26,38,42,16,16,1,0.9,1,7927,5960,537,2926,0.09,0.49,0,4,2,1,1,2,1
"M88019","Bearwood Road Surgery",1,10,10,20,20,3,3,1,1,1,5474,3051,324,1345,0.11,0.44,0,4,1,1,1,1,1
"M91611","Beechdale Centre",1,25,25,30,35,10,11,1,0.86,0.91,2139,3008,369,1487,0.12,0.49,0.01,5,1,2,2,2,1
"M92627","Bilston Family Practice",1,56,56,44,51,39,43,1,0.86,0.91,8779,4104,697,2082,0.17,0.51,0.01,4,1,4,3,4,1
"Y02757","Bilston Urban Village Medical Centre",1,98,101,83,111,32,37,0.97,0.75,0.86,5445,13550,1064,6786,0.08,0.5,0.01,4,4,2,1,3,1
"M91629","Birchills Health Centre",1,31,31,42,51,13,13,1,0.82,1,1553,7141,581,3540,0.08,0.5,0,5,2,1,1,2,1
"M88013","Black Country Family Practice",1,158,161,135,170,67,75,0.98,0.79,0.89,8595,14209,2355,7221,0.17,0.51,0.01,4,5,3,3,4,1
"M91637","Blackwood Health Centre",1,48,49,30,38,27,29,0.98,0.79,0.93,31935,4027,985,2063,0.24,0.51,0.01,1,1,3,5,5,1
"M91034","Bloxwich Medical Practice",1,79,81,76,94,53,55,0.98,0.81,0.96,6698,5072,1127,2610,0.22,0.51,0.02,4,1,4,4,5,1
"M91628","Brace Street Hc- Kumar",1,25,25,35,40,13,14,1,0.88,0.93,773,3103,433,1458,0.14,0.47,0.01,5,1,2,2,1,1
"M91659","Brace Street Hc- Mahbub (M91659)",0.99,13,13,20,26,5,5,1,0.77,1,773,3429,252,1611,0.07,0.47,0,5,1,1,1,1,1
"M91014","Brace Street Health Centre",1,21,21,26,33,11,11,1,0.79,1,773,3171,408,1445,0.13,0.46,0.01,5,1,1,2,1,1
"M91619","Broadway Medical Centre",1,38,38,42,46,17,18,1,0.91,0.94,6442,6274,728,3147,0.12,0.5,0.01,4,2,1,2,3,1
"M88006","Cape Hill Medical Centre",1,112,113,88,117,51,57,0.99,0.75,0.89,3993,12100,1120,5792,0.09,0.48,0.01,5,4,2,1,1,1
"M87620","Castle Meadows Surgery",0.81,58,69,60,71,13,16,0.84,0.85,0.81,29164,6677,807,3340,0.12,0.5,0.01,1,2,2,2,3,1
"M92008","Castlecroft Medical Practice",1,188,191,105,144,114,130,0.98,0.73,0.88,17193,12763,3200,6546,0.25,0.51,0.01,2,4,4,5,5,1
"M88620","Causeway Green Road Surgery",0.99,23,23,25,26,9,10,1,0.96,0.9,14567,3439,344,1685,0.1,0.49,0.01,3,1,1,1,2,1
"M87605","Central Clinic",0.94,37,42,29,40,12,12,0.88,0.72,1,3490,4533,437,2180,0.1,0.48,0.01,5,1,2,1,1,1
"M87628","Chapel Street Medical Centre",0.86,104,123,35,38,93,104,0.85,0.92,0.89,1001,3763,1002,1962,0.27,0.52,0.03,5,1,5,5,5,1
"M88030","Church View Surgery",0.85,88,88,67,101,31,40,1,0.66,0.78,7646,6225,1357,3162,0.22,0.51,0.01,4,2,4,4,4,1
"M87034","Clement Road Medical Practice",0.97,48,54,48,58,26,28,0.89,0.83,0.93,6284,5859,844,2874,0.14,0.49,0.01,4,2,2,2,2,1
"M88630","Clifton Lane Medical Centre",1,44,45,43,51,15,16,0.98,0.84,0.94,10850,5135,678,2470,0.13,0.48,0.01,3,1,2,2,1,1
"M92006","Coalway Road Surgery",1,52,52,41,49,11,13,1,0.84,0.85,26293,4720,946,2370,0.2,0.5,0.01,1,1,3,3,3,1
"M91032","Collingwood Family Practice",1,51,51,36,45,28,31,1,0.8,0.9,18659,4979,948,2580,0.19,0.52,0.01,2,1,2,3,5,1
"M87021","Coseley Medical Centre",0.91,88,99,65,81,29,37,0.89,0.8,0.78,2506,7816,1337,3913,0.17,0.5,0.01,5,3,3,3,3,1
"M91026","Darlaston Family Practice",1,27,27,30,33,6,6,1,0.91,1,3948,5747,621,2874,0.11,0.5,0,5,2,1,1,3,1
"Y00278","Darlaston Health Centre",0.97,31,31,33,38,12,12,1,0.87,1,3948,3706,456,1803,0.12,0.49,0.01,5,1,2,2,2,1
"M91641","Darlaston Medical Centre",1,36,36,34,40,19,19,1,0.85,1,3188,4071,560,2002,0.14,0.49,0.01,5,1,2,2,2,1
"M88635","Dog Kennel Lane Surgery",1,19,19,20,21,12,13,1,0.95,0.92,10260,2193,342,1084,0.16,0.49,0.01,3,1,2,2,2,1
"M88619","Dr Arora Rk",1,87,92,77,96,48,53,0.95,0.8,0.91,7016,11055,1465,5668,0.13,0.51,0.01,4,4,2,2,5,1
"M88646","Dr Dewan Vk",0.89,19,20,22,29,8,9,0.95,0.76,0.89,7016,2662,329,1285,0.12,0.48,0.01,4,1,2,2,1,1
"M88014","Dr Gudi Pv & Partner",0.82,28,38,47,61,11,14,0.74,0.77,0.79,5862,6711,873,3187,0.13,0.47,0.01,4,2,1,2,1,1
"M92649","Dr Mudigonda",1,46,46,43,57,16,20,1,0.75,0.8,8779,4443,710,2274,0.16,0.51,0.01,4,1,2,2,4,1
"M91024","Dr Nambisan Surgery",1,40,41,23,27,21,21,0.98,0.85,1,14833,2532,734,1280,0.29,0.51,0.02,3,1,4,5,3,1
"M88628","Dr Singh M",1,27,28,34,41,7,8,0.96,0.83,0.88,6174,3490,465,1615,0.13,0.46,0.01,4,1,2,2,1,1
"M92013","Dr Sinha & Tahir",1,86,86,64,75,32,36,1,0.85,0.89,3678,7211,950,3436,0.13,0.48,0.01,5,2,3,2,1,1
"M92039","Dr St Pierre-Libberton",1,79,81,51,67,39,42,0.98,0.76,0.93,13020,6941,1270,3528,0.18,0.51,0.01,3,2,3,3,4,1
"M88626","Dr Ui Haque N",1,27,27,30,36,21,21,1,0.83,1,2554,3673,408,1667,0.11,0.45,0.01,5,1,2,1,1,1
"Y02212","Dudley Wood Surgery",1,28,32,25,26,13,13,0.88,0.96,1,20106,2750,475,1349,0.17,0.49,0.01,2,1,3,3,2,1
"M92012","Duncan Street Primary Care Centre",0.92,96,101,82,118,33,39,0.95,0.69,0.85,4145,11801,1598,5658,0.14,0.48,0.01,5,4,2,2,1,1
"M92630","East Park Medical Practice",1,87,88,65,91,31,38,0.99,0.71,0.82,4086,5887,882,3006,0.15,0.51,0.01,5,2,4,2,4,1
"M87006","Eve Hill Medical Practice",0.95,120,134,92,109,36,41,0.9,0.84,0.88,11467,8764,1491,4538,0.17,0.52,0.02,3,3,4,3,5,1
"M87020","Feldon Lane Practice",0.93,136,154,78,111,57,68,0.88,0.7,0.84,26099,9304,2029,4780,0.22,0.51,0.02,1,3,4,4,5,1
"M92629","Fordhouses Medical Centre",1,39,40,31,40,12,13,0.98,0.78,0.92,11989,4192,470,2124,0.11,0.51,0.01,3,1,2,1,4,1
"M91613","Forrester Street Medical Centre",1,71,72,75,88,21,22,0.99,0.85,0.95,4659,9912,690,4685,0.07,0.47,0.01,4,3,2,1,1,1
"M88612","Glebefields Surgery",0.91,53,55,33,49,22,25,0.96,0.67,0.88,587,3847,608,1913,0.16,0.5,0.01,5,1,4,2,2,1
"M88015","Great Barr Practice",0.55,71,81,70,87,35,41,0.88,0.8,0.85,12659,10649,1635,5424,0.15,0.51,0.01,3,4,2,2,4,1
"Y02701","Great Bridge Health Centre",1,52,52,45,53,10,11,1,0.85,0.91,4466,8636,625,4260,0.07,0.49,0.01,4,3,1,1,2,1
"M88616","Great Bridge Pship For Health",1,128,129,146,180,46,49,0.99,0.81,0.94,1391,16649,2072,7759,0.12,0.47,0.01,5,5,2,2,1,1
"M92026","Griffiths Drive Medical Practice",1,69,69,59,65,39,39,1,0.91,1,20798,5079,970,2618,0.19,0.52,0.01,2,1,3,3,5,1
"M88043","Haden Vale Surgery",1,85,87,65,70,34,37,0.98,0.93,0.92,8052,8458,1197,4350,0.14,0.51,0.01,4,3,2,2,5,1
"M87602","Halesowen Medical Practice",0.96,121,133,93,105,69,72,0.91,0.89,0.96,29002,10075,2170,5231,0.22,0.52,0.01,1,3,3,4,5,1
"Y02627","Harden Blakenall",0.83,127,127,118,153,51,54,1,0.77,0.94,882,12070,1322,6065,0.11,0.5,0.01,5,4,2,1,3,1
"M91036","Harden Health Centre",1,30,30,35,42,6,6,1,0.83,1,1676,3907,412,1922,0.11,0.49,0.01,5,1,2,1,2,1
"M88041","Hawthorns Medical Centre",0.97,16,18,32,40,3,7,0.89,0.8,0.43,5275,3537,242,1659,0.07,0.47,0.01,4,1,1,1,1,1
"M92612","Health And Beyond",0.91,423,436,313,477,171,217,0.97,0.66,0.79,4928,38508,6022,18822,0.16,0.49,0.01,4,5,3,2,2,1
"Y02653","High Oak Surgery",0.92,64,67,28,41,22,29,0.96,0.68,0.76,4970,4337,603,2229,0.14,0.51,0.02,4,1,4,2,5,1
"M91654","High Street Surgery",1,28,28,24,32,10,10,1,0.75,1,9812,3346,523,1632,0.16,0.49,0.01,3,1,2,2,2,1
"M88645","Hill Top Medical Centre",1,86,88,85,109,26,26,0.98,0.78,1,14040,9226,1306,4682,0.14,0.51,0.01,3,3,2,2,4,1
"M91626","Holland Park Surgery",1,53,54,54,60,35,36,0.98,0.9,0.97,5268,4675,866,2418,0.19,0.52,0.01,4,1,3,3,5,1
"M92015","Improving Health (Ih) Medical",1,20,20,24,28,8,8,1,0.86,1,8779,4352,532,2134,0.12,0.49,0,4,1,1,2,2,1
"M88022","Jubilee Health Centre",0.78,32,33,37,46,14,17,0.97,0.8,0.82,6030,3665,813,1819,0.22,0.5,0.01,4,1,2,4,2,1
"M92019","Keats Grove Surgery",0.93,94,97,65,83,50,57,0.97,0.78,0.88,2283,6291,1071,3138,0.17,0.5,0.02,5,2,4,3,3,1
"M87601","Keelinge House",0.79,60,71,46,56,21,24,0.85,0.82,0.88,6090,6844,849,3394,0.12,0.5,0.01,4,2,2,2,2,1
"M91602","Khan Medical Practice",1,20,20,23,28,9,10,1,0.82,0.9,6698,2351,296,1113,0.13,0.47,0.01,4,1,2,2,1,1
"M91028","Kingfisher Berkley Practice",1,86,88,91,111,34,38,0.98,0.82,0.89,5161,8404,1670,4299,0.2,0.51,0.01,4,3,2,3,4,1
"M87008","Kingswinford Medical Practice",0.94,156,163,89,110,55,70,0.96,0.81,0.79,13299,8606,1981,4397,0.23,0.51,0.02,3,3,5,4,4,1
"M87014","Lapal Medical Practice",0.92,117,128,92,105,53,60,0.91,0.88,0.88,27200,8138,1874,4190,0.23,0.51,0.02,1,3,4,4,5,1
"M87025","Limestone Surgery",0.97,82,88,50,60,40,44,0.93,0.83,0.91,1864,4826,902,2310,0.19,0.48,0.02,5,1,5,3,1,1
"M87617","Links Medical Practice",0.82,58,63,51,61,12,12,0.92,0.84,1,13663,6308,583,3113,0.09,0.49,0.01,3,2,2,1,2,1
"M88038","Linkway Medical Practice",0.93,172,175,145,189,68,76,0.98,0.77,0.89,7016,13846,2269,6941,0.16,0.5,0.01,4,4,3,3,3,1
"M87011","Lion Health",0.91,361,412,300,339,219,229,0.88,0.88,0.96,20830,27533,7075,13689,0.26,0.5,0.01,2,5,4,5,2,1
"M91008","Little London Surgery",0.98,82,84,89,106,37,39,0.98,0.84,0.95,3723,9613,1184,4695,0.12,0.49,0.01,5,3,2,2,2,1
"M91013","Lockfield Surgery",1,143,145,101,124,77,80,0.99,0.81,0.96,4007,10295,1925,4985,0.19,0.48,0.01,5,4,4,3,1,1
"M91021","Lockstown Practice",1,99,99,94,113,44,51,1,0.83,0.86,4007,7874,1409,3953,0.18,0.5,0.01,5,3,3,3,3,1
"M88633","Lodge Road Surgery",0.99,39,39,55,57,17,18,1,0.96,0.94,4581,7163,729,3299,0.1,0.46,0.01,4,2,1,1,1,1
"M91623","Lower Farm Health Centre",1,29,29,22,30,14,16,1,0.73,0.88,6304,1930,431,942,0.22,0.49,0.02,4,1,4,4,2,1
"M87015","Lower Gornal Medical Practice",0.94,106,121,87,106,64,78,0.88,0.82,0.82,12366,8018,2051,4059,0.26,0.51,0.02,3,3,4,5,4,1
"M92040","Mayfield Medical Practice",1,104,106,98,120,42,47,0.98,0.82,0.89,3345,12249,1508,6153,0.12,0.5,0.01,5,4,2,2,3,1
"M87001","Meadowbrook Surgery",0.95,93,93,57,71,41,46,1,0.8,0.89,32353,6547,1868,3249,0.29,0.5,0.01,1,2,4,5,2,1
"M91660","Modality Darlaston Practice",1,44,44,42,51,11,11,1,0.82,1,3948,5088,631,2535,0.12,0.5,0.01,5,1,2,2,2,1
"M87003","Moss Grove Surgery",0.88,369,398,210,239,179,213,0.93,0.88,0.84,22084,18876,5596,9659,0.3,0.51,0.02,2,5,5,5,4,1
"M91029","Mossley & Dudley Fields Medical Practice",1,68,69,63,72,27,29,0.99,0.88,0.93,2539,5759,707,2916,0.12,0.51,0.01,5,2,3,2,4,1
"M91624","Moxley Medical Centre",0.74,44,49,35,47,16,18,0.9,0.74,0.89,2134,3763,484,1877,0.13,0.5,0.01,5,1,3,2,3,1
"M91016","New Invention Health Centre",1,81,83,59,77,43,49,0.98,0.77,0.88,19767,7035,1280,3534,0.18,0.5,0.01,2,2,3,3,3,1
"M91609","New Road Medical Centre",1,27,27,25,29,13,14,1,0.86,0.93,15321,2215,403,1108,0.18,0.5,0.01,3,1,3,3,3,1
"M88035","New Street Surgery",1,38,38,31,33,16,17,1,0.94,0.94,5862,3620,499,1790,0.14,0.49,0.01,4,1,2,2,2,1
"M92029","Newbridge Surgery",1,95,96,70,91,42,45,0.99,0.77,0.93,8962,5852,1290,2999,0.22,0.51,0.02,4,2,4,4,5,1
"M91017","Northgate Medical Centre",1,206,210,128,147,164,179,0.98,0.87,0.92,25938,10148,2901,5216,0.29,0.51,0.02,1,3,5,5,5,1
"M87037","Northway Medical Centre",0.9,117,131,108,114,55,58,0.89,0.95,0.95,29191,7900,1840,4014,0.23,0.51,0.02,1,3,4,4,4,1
"M88009","Norvic Family Practice",0.98,64,65,65,79,28,29,0.98,0.82,0.97,6202,9639,1256,4774,0.13,0.5,0.01,4,3,1,2,2,1
"M88007","Oakeswell Health Centre",1,135,136,122,136,67,71,0.99,0.9,0.94,5038,9763,1902,4879,0.19,0.5,0.01,4,3,4,3,3,1
"M88016","Old Hill Medical Centre",0.99,36,36,26,27,13,13,1,0.96,1,7646,3680,466,1835,0.13,0.5,0.01,4,1,2,2,3,1
"M88018","Oldbury Health Centre",0.81,193,227,159,233,86,108,0.85,0.68,0.8,2579,21976,3209,10993,0.15,0.5,0.01,5,5,2,2,3,1
"M91621","Palfrey Health Centre",1,32,32,40,51,14,14,1,0.78,1,3155,5145,425,2400,0.08,0.47,0.01,5,1,1,1,1,1
"M91006","Parkside Medical Practice",1,53,54,48,62,22,23,0.98,0.77,0.96,5268,4352,695,2172,0.16,0.5,0.01,4,1,3,2,3,1
"M87030","Pedmore Medical Practice",0.96,64,70,54,58,31,35,0.91,0.93,0.89,6254,4491,1070,2169,0.24,0.48,0.02,4,1,4,4,1,1
"M92043","Penn Surgery",1,99,101,76,90,56,63,0.98,0.84,0.89,16841,7130,1567,3687,0.22,0.52,0.01,2,2,4,4,5,1
"Y02636","Pennfields Medical Centre",0.94,53,54,38,48,34,37,0.98,0.79,0.92,3241,6848,510,3229,0.07,0.47,0.01,5,2,2,1,1,1
"M91647","Pillai",1,80,82,70,77,28,30,0.98,0.91,0.93,6698,5555,1059,2815,0.19,0.51,0.01,4,2,4,3,4,1
"M91650","Pinfold Medical",0.92,138,141,79,129,57,71,0.98,0.61,0.8,6698,9125,1862,4653,0.2,0.51,0.02,4,3,4,4,4,1
"M91616","Pleck Health Centre",1,81,81,97,109,35,39,1,0.89,0.9,2102,8013,1175,3806,0.15,0.47,0.01,5,3,2,2,1,1
"M92001","Poplars Medical Centre",0.87,38,39,45,56,9,10,0.97,0.8,0.9,1673,3482,449,1639,0.13,0.47,0.01,5,1,3,2,1,1
"M91010","Portland Medical Practice",1,134,135,84,111,82,91,0.99,0.76,0.9,25938,8876,2268,4618,0.26,0.52,0.02,1,3,4,5,5,1
"M88026","Portway Family Practice",1,95,97,62,74,27,29,0.98,0.84,0.93,3476,8354,1063,4166,0.13,0.5,0.01,5,3,3,2,3,1
"M92009","Prestbury Medical Practice",1,135,136,116,154,81,95,0.99,0.75,0.85,4206,13357,2595,6882,0.19,0.52,0.01,5,4,2,3,5,1
"M92004","Primrose Lane Practice",1,68,68,42,46,22,22,1,0.91,1,13020,2966,566,1399,0.19,0.47,0.02,3,1,5,3,1,1
"M92041","Probert Road Surgery",1,60,62,40,54,14,16,0.97,0.74,0.88,15218,4723,679,2268,0.14,0.48,0.01,3,1,3,2,1,1
"M87027","Quarry Bank Medical Centre",0.89,51,60,52,59,26,26,0.85,0.88,1,12082,4450,782,2211,0.18,0.5,0.01,3,1,3,3,2,1
"M87618","Quincy Rise Surgery",0.78,30,33,18,27,6,10,0.91,0.67,0.6,31866,2945,566,1427,0.19,0.48,0.01,1,1,3,3,1,1
"M87041","Rangeways Road Surgery",0.92,74,79,51,65,29,33,0.94,0.78,0.88,13340,6141,1198,3141,0.2,0.51,0.01,3,2,3,3,4,1
"M88004","Regis Medical Centre",1,440,444,335,410,197,213,0.99,0.82,0.92,2934,40374,6579,20077,0.16,0.5,0.01,5,5,3,3,2,1
"M88647","Rood End Medical Practice",1,27,27,32,35,10,10,1,0.91,1,5181,6105,465,2748,0.08,0.45,0,4,2,1,1,1,1
"M91640","Rough Hay Surgery",1,35,35,28,37,13,14,1,0.76,0.93,3948,3996,532,1997,0.13,0.5,0.01,5,1,2,2,3,1
"M91019","Rushall Medical Centre",1,221,226,175,214,138,146,0.98,0.82,0.95,11641,14826,3066,7577,0.21,0.51,0.02,3,5,4,4,4,1
"M92011","Rwt Practices Penn Manor Medical Centre",1,474,481,336,416,207,231,0.99,0.81,0.9,26721,37708,7395,18750,0.2,0.5,0.01,1,5,3,3,2,1
"M91018","Saddlers Health Centre",0.95,35,35,38,42,18,19,1,0.9,0.95,1840,4797,605,2352,0.13,0.49,0.01,5,1,2,2,2,1
"M88610","Sarephed Medical Centre",1,23,23,23,26,10,10,1,0.88,1,5915,4814,352,2225,0.07,0.46,0,4,1,1,1,1,1
"M88021","Scott Arms Medical Centre",0.94,123,123,98,127,66,72,1,0.77,0.92,22968,11065,2452,5600,0.22,0.51,0.01,2,4,3,4,4,1
"Y02736","Showell Park Health Centre",0.94,43,43,42,51,11,12,1,0.82,0.92,2809,7159,380,3579,0.05,0.5,0.01,5,2,1,1,3,1
"M91003","Sina Health Centre",1,83,85,72,82,45,47,0.98,0.88,0.96,31450,7040,1483,3588,0.21,0.51,0.01,1,2,3,4,4,1
"M87612","St James Medical Practice1",0.89,26,30,19,27,11,13,0.87,0.7,0.85,11467,2457,441,1194,0.18,0.49,0.01,3,1,3,3,2,1
"M87026","St James Medical Practice2",0.85,73,82,48,61,32,34,0.89,0.79,0.94,11467,6038,899,2964,0.15,0.49,0.01,3,2,3,2,2,1
"M91007","St John's Medical Centre",1,136,138,111,136,73,81,0.99,0.82,0.9,8609,8809,2147,4436,0.24,0.5,0.02,4,3,4,4,3,1
"M91612","St Mary's Surgery",1,35,35,38,49,7,7,1,0.78,1,6698,3464,547,1751,0.16,0.51,0.01,4,1,2,2,3,1
"M88040","St Paul's Medical Practice",0.88,47,48,54,65,25,27,0.98,0.83,0.93,2796,6744,810,2851,0.12,0.42,0.01,5,2,1,2,1,1
"M88625","St Paul's Partnership - Lyng Medical",0.95,17,18,20,23,4,5,0.94,0.87,0.8,7016,3411,410,1688,0.12,0.49,0.01,4,1,1,2,2,1
"M88639","St Pauls Partners",1,22,22,24,29,9,11,1,0.83,0.82,2554,3470,351,1645,0.1,0.47,0.01,5,1,1,1,1,1
"M91004","St Peter's Surgery",0.98,81,84,68,94,27,34,0.96,0.72,0.79,2949,9890,1154,4928,0.12,0.5,0.01,5,3,2,2,2,1
"M87017","Steppingstones Medical Practice",0.93,86,90,69,83,25,27,0.96,0.83,0.93,1864,8681,1257,4117,0.14,0.47,0.01,5,3,2,2,1,1
"M88008","Stone Cross Medical Centre",0.99,49,50,50,61,26,32,0.98,0.82,0.81,10850,5172,978,2543,0.19,0.49,0.01,3,1,2,3,2,1
"Y01756","Stourside Medical Practice",1,83,88,55,71,32,35,0.94,0.77,0.91,1480,6228,1431,3062,0.23,0.49,0.01,5,2,4,4,2,1
"M91009","Streets Corner Surgery",1,76,78,45,61,36,44,0.97,0.74,0.82,8609,5710,1313,2822,0.23,0.49,0.01,4,2,4,4,2,1
"M91614","Stroud Practice",1,102,104,107,125,34,35,0.98,0.86,0.97,5161,8939,1360,4527,0.15,0.51,0.01,4,3,3,2,4,1
"M88010","Swanpool Medical Centre",1,95,96,83,100,33,38,0.99,0.83,0.87,1358,8933,1345,4553,0.15,0.51,0.01,5,3,3,2,4,1
"M88023","Tame Valley Medical Centre",0.95,42,43,54,72,15,19,0.98,0.75,0.79,10654,6320,812,3161,0.13,0.5,0.01,3,2,1,2,3,1
"M87013","Tandon Medical Centre (Oram & Partners)",0.97,114,116,97,131,40,44,0.98,0.74,0.91,5681,11396,1671,5631,0.15,0.49,0.01,4,4,2,2,2,1
"M92010","Tettenhall Medical Practice",1,161,165,108,136,92,103,0.98,0.79,0.89,26784,11386,2855,5747,0.25,0.5,0.01,1,4,4,5,3,1
"M87012","The Greens Health Centre",0.66,46,55,58,75,8,12,0.84,0.77,0.67,5376,7266,956,3651,0.13,0.5,0.01,4,2,2,2,3,1
"Y02626","The Keys Family Practice",0.94,34,34,25,36,17,19,1,0.69,0.89,4007,4676,633,2283,0.14,0.49,0.01,5,1,2,2,2,1
"M87019","The Limes Surgery Medical Centre",0.86,96,112,73,87,32,40,0.86,0.84,0.8,1001,5847,1202,2768,0.21,0.47,0.02,5,2,5,4,1,1
"M87007","The Ridgeway Surgery",0.99,218,226,113,131,100,104,0.96,0.86,0.96,24274,11775,2718,6015,0.23,0.51,0.02,1,4,5,4,4,1
"M88002","The Smethwick Medical Centre",1,71,72,87,110,36,40,0.99,0.79,0.9,4916,9325,1020,4396,0.11,0.47,0.01,4,3,2,1,1,1
"M88643","The Spires Health Centre",0.91,45,48,44,65,14,16,0.94,0.68,0.88,4053,5492,745,2780,0.14,0.51,0.01,5,2,2,2,4,1
"M87018","The Summerhill Surgery",0.92,203,221,98,108,175,187,0.92,0.91,0.94,22084,7314,2276,3887,0.31,0.53,0.03,2,2,5,5,5,1
"M88600","The Victoria Surgery",1,22,22,37,40,6,6,1,0.92,1,4559,4255,508,2133,0.12,0.5,0.01,4,1,1,2,3,1
"M88001","The Village Medical Centre",1,117,117,103,125,42,46,1,0.82,0.91,2822,10417,1484,5259,0.14,0.5,0.01,5,4,3,2,3,1
"M87010","The Waterfront Surgery",0.9,85,94,74,91,24,27,0.9,0.81,0.89,4970,9154,1470,4426,0.16,0.48,0.01,4,3,2,2,1,1
"M92028","Thornley Street Surgery",1,63,64,63,73,28,28,0.98,0.86,1,4703,9531,716,4333,0.08,0.45,0.01,4,3,1,1,1,1
"M87638","Thorns Road Surgery",0.79,45,52,35,42,26,31,0.87,0.83,0.84,12082,3856,847,1918,0.22,0.5,0.01,3,1,3,4,2,1
"M87005","Three Villages Medical Practice",0.98,173,185,132,150,72,81,0.94,0.88,0.89,17876,12995,2667,6740,0.21,0.52,0.01,2,4,4,4,5,1
"M92016","Tudor Medical Centre",1,107,108,108,134,31,35,0.99,0.81,0.89,1537,23177,1999,10967,0.09,0.47,0,5,5,1,1,1,1
"M91015","Umbrella Medical",1,219,223,169,209,128,138,0.98,0.81,0.93,1840,22166,4201,11165,0.19,0.5,0.01,5,5,2,3,3,1
"M88618","Walford Street, Tividale",0.8,24,28,28,39,5,7,0.86,0.72,0.71,5789,2058,274,984,0.13,0.48,0.01,4,1,4,2,1,1
"M91639","Walsall Wood Health Centre",1,21,21,26,28,3,3,1,0.93,1,8609,1713,339,846,0.2,0.49,0.01,4,1,3,3,2,1
"M88003","Warley Medical Centre",1,150,151,125,180,69,76,0.99,0.69,0.91,6496,11854,2433,6013,0.21,0.51,0.01,4,4,3,4,4,1
"M88640","Warley Road Surgery",1,32,33,30,37,16,18,0.97,0.81,0.89,8047,4100,534,2022,0.13,0.49,0.01,4,1,2,2,2,1
"M92607","Whitmore Reans Medical Practice",1,151,153,154,183,50,59,0.99,0.84,0.85,5215,18317,2005,8740,0.11,0.48,0.01,4,5,2,1,1,1
"M91033","Willenhall Medical Centre",1,78,80,70,83,34,38,0.98,0.84,0.89,4007,6508,960,3286,0.15,0.5,0.01,5,2,3,2,3,1
"M87016","Woodsetton Medical Centre",0.91,104,115,83,99,50,57,0.9,0.84,0.88,25423,6994,1496,3515,0.21,0.5,0.02,1,2,4,4,3,1
"M87023","Wordsley Green Health Centre",0.91,126,149,116,136,81,89,0.85,0.85,0.91,14280,9809,2296,4981,0.23,0.51,0.02,3,3,4,4,4,1
"M87024","Wychbury Medical Group",0.93,320,361,224,261,129,162,0.89,0.86,0.8,4952,22806,4830,11559,0.21,0.51,0.02,4,5,4,4,4,1
"K81645","240 Wexham Road",1,26,26,36,43,7,8,1,0.84,0.88,12118,7608,561,3689,0.07,0.48,0,3,2,1,1,1,1
"J82120","Alexander House Surgery",1,121,122,81,89,86,88,0.99,0.91,0.98,28065,9991,2070,5102,0.21,0.51,0.01,1,3,3,4,4,1
"K81655","Ascot Medical Centre",1,70,70,48,55,46,50,1,0.87,0.92,30578,6926,1111,3578,0.16,0.52,0.01,1,2,2,2,5,1
"H81013","Bartlett Group Practice",1,318,325,184,243,156,170,0.98,0.76,0.92,32923,28447,5729,14482,0.2,0.51,0.01,1,5,3,4,4,1
"K81083","Bharani Medical Centre",1,127,130,130,163,51,56,0.98,0.8,0.91,20979,18097,1811,8567,0.1,0.47,0.01,2,5,2,1,1,1
"K81060","Binfield Surgery",1,73,73,75,86,45,51,1,0.87,0.88,31068,12742,1958,6392,0.15,0.5,0.01,1,4,1,2,3,1
"H81082","Camberley Health Centre",1,79,80,62,81,49,53,0.99,0.77,0.92,23758,9812,1718,4884,0.18,0.5,0.01,1,3,2,3,2,1
"H81088","Central Surgery",1,160,164,98,127,89,102,0.98,0.77,0.87,22864,14340,2928,7339,0.2,0.51,0.01,2,5,3,4,4,1
"Y00265","Chapel Medical Centre",1,51,52,71,84,8,8,0.98,0.85,1,12428,16026,542,7496,0.03,0.47,0,3,5,1,1,1,1
"K81020","Claremont Holyport Surgery",1,185,186,125,151,125,139,0.99,0.83,0.9,13563,19204,3642,9458,0.19,0.49,0.01,3,5,2,3,2,1
"K81074","Clarence Medical Centre",1,116,120,64,85,61,70,0.97,0.75,0.87,22393,15998,1664,8067,0.1,0.5,0.01,2,5,2,1,3,1
"K81042","Cookham Medical Centre",1,112,112,62,75,71,76,1,0.83,0.93,32652,8024,1853,4110,0.23,0.51,0.01,1,3,4,4,4,1
"K81607","Cordwallis Road Surgery",1,34,35,29,34,15,16,0.97,0.85,0.94,14012,3340,351,1542,0.11,0.46,0.01,3,1,2,1,1,1
"J82628","Crondall New Surgery",1,92,92,50,54,55,57,1,0.93,0.96,23462,5989,1208,3117,0.2,0.52,0.02,1,2,4,4,5,1
"K81034","Crosby House Surgery",1,72,73,88,95,25,26,0.99,0.93,0.96,12039,11987,1123,5234,0.09,0.44,0.01,3,4,1,1,1,1
"K81656","Crown Wood Medical Centre",1,41,41,45,56,12,13,1,0.8,0.92,13104,6910,810,3435,0.12,0.5,0.01,3,2,1,2,2,1
"K81021","Datchet Health Centre",1,81,81,81,107,52,60,1,0.76,0.87,14538,10094,2043,5005,0.2,0.5,0.01,3,3,2,4,2,1
"K81608","Dr Nabi",1,20,20,18,24,9,9,1,0.75,1,12214,5152,421,2337,0.08,0.45,0,3,1,1,1,1,1
"K81087","Easthampstead Surgery",0.97,52,53,40,51,20,22,0.98,0.78,0.91,12029,6940,790,3446,0.11,0.5,0.01,3,2,2,1,2,1
"K81657","Evergreen Practice",0.96,21,21,18,23,7,7,1,0.78,1,19331,6023,413,2942,0.07,0.49,0,2,2,1,1,2,1
"H81615","Farnham Dene Medical Practice",1,136,136,89,102,68,77,1,0.87,0.88,31844,14695,2537,7646,0.17,0.52,0.01,1,5,2,3,5,1
"H81027","Farnham Park Health Group",1,203,205,126,147,110,113,0.99,0.86,0.97,27151,16095,3291,7993,0.2,0.5,0.01,1,5,3,4,2,1
"K81075","Farnham Road Practice",1,249,251,270,327,99,114,0.99,0.83,0.87,8681,38492,3905,18884,0.1,0.49,0.01,4,5,1,1,2,1
"K81610","Forest Health Group-Mount Lane",1,282,285,234,291,151,168,0.99,0.8,0.9,14097,31151,4645,15649,0.15,0.5,0.01,3,5,2,2,3,1
"J82015","Giffard Drive Surgery",1,93,99,65,86,38,44,0.94,0.76,0.86,27215,9677,1654,4909,0.17,0.51,0.01,1,3,2,3,4,1
"K81094","Great Hollands Practice",1,29,29,32,34,8,8,1,0.94,1,11149,4599,530,2143,0.12,0.47,0.01,3,1,1,2,1,1
"K81076","Green Meadows Surgery",1,126,128,80,93,78,83,0.98,0.86,0.94,30578,9137,2451,4678,0.27,0.51,0.01,1,3,4,5,4,1
"J82110","Hart Health Partnership",1,313,321,159,206,200,225,0.98,0.77,0.89,31278,28316,5648,14335,0.2,0.51,0.01,1,5,3,3,4,1
"K81043","Herschel Medical Centre",1,124,125,109,144,53,60,0.99,0.76,0.88,12428,18221,1716,9060,0.09,0.5,0.01,3,5,1,1,2,1
"H81110","Holly Tree Surgery",0.75,77,93,34,57,51,69,0.83,0.6,0.74,32535,6401,1442,3230,0.23,0.5,0.01,1,2,4,4,3,1
"J82125","Jenner House Surgery",1,61,61,56,76,28,31,1,0.74,0.9,26004,8006,1583,3962,0.2,0.49,0.01,1,3,2,3,2,1
"K81010","Kings Corner Surgery",1,90,92,58,67,58,64,0.98,0.87,0.91,28520,7263,1564,3728,0.22,0.51,0.01,1,2,3,4,5,1
"K81616","Kumar Medical Centre",1,54,56,40,52,17,17,0.96,0.77,1,16745,5653,684,2653,0.12,0.47,0.01,2,2,2,2,1,1
"K81024","Langley Health Centre",1,167,168,161,190,73,79,0.99,0.85,0.92,7815,23682,2540,11320,0.11,0.48,0.01,4,5,1,1,1,1
"K81046","Lee House Surgery",1,94,95,82,97,52,55,0.99,0.85,0.95,22393,8361,1308,4229,0.16,0.51,0.01,2,3,3,2,4,1
"H81130","Lightwater Surgery",0.94,141,142,89,120,89,106,0.99,0.74,0.84,32554,15644,3407,8082,0.22,0.52,0.01,1,5,2,4,5,1
"K81018","Linden Medical Centre",1,114,114,93,119,67,73,1,0.78,0.92,31884,10342,2180,5257,0.21,0.51,0.01,1,4,3,4,4,1
"K81028","Magnolia House Surgery",1,118,120,85,94,72,78,0.98,0.9,0.92,28514,9237,2079,4751,0.23,0.51,0.01,1,3,3,4,5,1
"K81086","Manor Park Medical Centre",1,97,99,104,124,49,55,0.98,0.84,0.89,8721,11781,1486,5822,0.13,0.49,0.01,4,4,2,2,2,1
"J82181","Mayfield Medical Centre",1,74,76,72,102,34,37,0.97,0.71,0.92,4212,9285,1443,4700,0.16,0.51,0.01,5,3,2,2,4,1
"J82630","North Camp Surgery",1,43,43,36,47,17,17,1,0.77,1,19986,6479,608,3280,0.09,0.51,0.01,2,2,1,1,4,1
"H81039","Park House Surgery",1,81,83,51,67,47,52,0.98,0.76,0.9,14891,6522,1357,3187,0.21,0.49,0.01,3,2,3,4,2,1
"H81069","Park Road Group Practice",0.96,251,257,177,213,172,194,0.98,0.83,0.89,22123,22599,4274,11360,0.19,0.5,0.01,2,5,3,3,3,1
"J82178","Princes Gardens Surgery",1,120,120,92,109,55,57,1,0.84,0.96,22094,12584,1798,6413,0.14,0.51,0.01,2,4,2,2,4,1
"K81097","Redwood House Surgery",1,50,50,33,42,29,30,1,0.79,0.97,31763,5888,1055,2891,0.18,0.49,0.01,1,2,2,3,2,1
"J82099","Richmond Surgery",1,170,174,85,111,101,114,0.98,0.77,0.89,33712,15204,2825,7716,0.19,0.51,0.01,1,5,3,3,4,1
"K81030","Ringmead Medical Practice",0.85,405,408,310,403,161,186,0.99,0.77,0.87,16185,40541,8134,20455,0.2,0.5,0.01,2,5,2,3,3,1
"K81084","Rosemead Surgery",1,110,112,64,87,64,71,0.98,0.74,0.9,30897,7629,1469,3931,0.19,0.52,0.01,1,2,4,3,5,1
"K81019","Ross Road Medical Centre",1,30,30,34,43,17,18,1,0.79,0.94,17611,5685,519,2687,0.09,0.47,0.01,2,2,1,1,1,1
"H81047","Runnymede Medical Practice",1,131,133,96,119,76,85,0.98,0.81,0.89,10940,12057,2483,5917,0.21,0.49,0.01,3,4,3,4,2,1
"K81068","Sheet Street Surgery",1,111,115,76,92,56,59,0.97,0.83,0.95,25380,9141,1902,4618,0.21,0.51,0.01,1,3,3,4,3,1
"K81085","Shreeji Medical Centre",1,51,52,51,58,23,26,0.98,0.88,0.88,11071,9916,1092,4699,0.11,0.47,0.01,3,3,1,1,1,1
"K81630","South Meadow Surgery",1,165,166,143,161,104,110,0.99,0.89,0.95,27392,14258,2339,6655,0.16,0.47,0.01,1,5,3,3,1,1
"H81040","Station Road Surgery",1,75,76,69,83,52,57,0.99,0.83,0.91,25882,9100,1634,4634,0.18,0.51,0.01,1,3,2,3,4,1
"J82142","The Border Practice",1,74,74,89,107,31,34,1,0.83,0.91,15110,11754,1781,5791,0.15,0.49,0.01,3,4,1,2,2,1
"J82066","The Cambridge Practice",1,187,190,171,217,70,78,0.98,0.79,0.9,20831,22390,3377,11302,0.15,0.5,0.01,2,5,2,2,3,1
"K81036","The Cedars Surgery",1,139,139,101,113,72,76,1,0.89,0.95,13563,12160,1837,6159,0.15,0.51,0.01,3,4,3,2,4,1
"J82049","The Oakley Health Group",1,369,374,251,300,192,208,0.99,0.84,0.92,32023,29791,6741,15069,0.23,0.51,0.01,1,5,3,4,4,1
"Y00437","The Orchard Surgery",1,56,57,49,60,24,25,0.98,0.82,0.96,17793,10611,981,5307,0.09,0.5,0.01,2,4,1,1,3,1
"K81066","The Symons Medical Centre",0.78,93,94,66,96,59,70,0.99,0.69,0.84,30410,11464,1987,5720,0.17,0.5,0.01,1,4,2,3,3,1
"K81082","The Village Medical Centre",0.92,64,69,64,81,29,31,0.93,0.79,0.94,16087,10942,1059,5300,0.1,0.48,0.01,2,4,1,1,1,1
"K81001","The Waterfield Practice",0.98,122,123,81,103,70,81,0.99,0.79,0.86,18057,15547,2323,7916,0.15,0.51,0.01,2,5,2,2,4,1
"J82198","The Wellington Practice",1,64,65,50,57,33,33,0.98,0.88,1,20831,6227,718,3263,0.12,0.52,0.01,2,2,2,2,5,1
"H81075","Upper Gordon Road Surgery",1,116,119,69,86,78,91,0.97,0.8,0.86,22123,11482,2196,5728,0.19,0.5,0.01,2,4,2,3,3,1
"J82067","Voyager Family Health",0.96,206,210,156,206,96,106,0.98,0.76,0.91,32902,19736,3058,9840,0.15,0.5,0.01,1,5,3,2,3,1
"K81015","Woodlands Park Surgery",1,19,19,27,30,13,13,1,0.9,1,13812,3574,725,1814,0.2,0.51,0.01,3,1,1,4,4,1
"J82145","Abbeywell Surgery",0.9,301,309,156,194,163,194,0.97,0.8,0.84,27217,17290,4901,8837,0.28,0.51,0.02,1,5,5,5,4,1
"J82053","Adelaide Medical Centre",1,172,173,116,144,73,78,0.99,0.81,0.94,7621,10950,2000,5459,0.18,0.5,0.02,4,4,4,3,3,1
"J82092","Aldermoor Surgery",1,105,107,42,71,46,51,0.98,0.59,0.9,11686,8472,1478,4208,0.17,0.5,0.01,3,3,3,3,2,1
"J82074","Alma Road Surgery",1,326,326,143,172,167,190,1,0.83,0.88,13853,15806,4401,8184,0.28,0.52,0.02,3,5,5,5,5,1
"J82122","Alma Road Surgery",0.91,106,107,76,95,56,59,0.99,0.8,0.95,12623,11053,1291,4895,0.12,0.44,0.01,3,4,2,2,1,1
"J82124","Alresford Surgery",1,215,216,103,119,128,139,1,0.87,0.92,30818,10118,2892,5253,0.29,0.52,0.02,1,3,5,5,5,1
"J84008","Argyll House",1,96,97,80,81,54,55,0.99,0.99,0.98,6316,5395,1445,2731,0.27,0.51,0.02,4,2,5,5,4,1
"J82115","Atherley House Surgery",0.99,49,49,34,44,13,15,1,0.77,0.87,8716,5810,570,2755,0.1,0.47,0.01,4,2,2,1,1,1
"J82042","Badgerswood Surgery",1,161,162,146,173,92,99,0.99,0.84,0.93,26360,16777,3125,8421,0.19,0.5,0.01,1,5,2,3,3,1
"J82064","Bishops Waltham Surgery",1,224,225,165,204,123,141,1,0.81,0.87,30479,13928,3544,7093,0.25,0.51,0.02,1,4,4,5,4,1
"J82051","Blackthorn Health Centre",0.81,264,297,166,227,109,133,0.89,0.73,0.82,28041,18433,3730,9321,0.2,0.51,0.02,1,5,4,4,4,1
"J82646","Blossom Health",1,234,240,173,200,79,85,0.98,0.86,0.93,9714,16836,2757,8584,0.16,0.51,0.01,4,5,4,3,4,1
"J82084","Blossom Health - Gosport",0.93,94,106,61,89,45,58,0.89,0.69,0.78,18444,5813,1702,3043,0.29,0.52,0.02,2,2,5,5,5,1
"J82625","Boundaries Surgery",1,82,83,59,71,48,51,0.99,0.83,0.94,27243,4777,1317,2474,0.28,0.52,0.02,1,1,5,5,5,1
"J82169","Boyatt Wood Surgery",1,94,95,64,85,28,30,0.99,0.75,0.93,24046,8603,1324,4299,0.15,0.5,0.01,1,3,3,2,3,1
"J82058","Bramblys Grange Medical Practice",0.8,186,190,147,191,67,77,0.98,0.77,0.87,26160,20203,2614,10198,0.13,0.5,0.01,1,5,2,2,3,1
"J82152","Bridgemary Medical Centre",1,136,140,104,130,55,63,0.97,0.8,0.87,6191,8388,1957,4182,0.23,0.5,0.02,4,3,4,4,3,1
"J82213","Brook House Surgery",1,65,66,44,64,15,17,0.98,0.69,0.88,4098,6322,762,3142,0.12,0.5,0.01,5,2,2,2,2,1
"J82216","Brook Lane Surgery",1,209,212,103,130,123,134,0.99,0.79,0.92,23400,13402,3461,6985,0.26,0.52,0.02,1,4,4,5,5,1
"J82001","Burgess Road Surgery",1,96,96,61,61,32,32,1,1,1,8243,10087,1044,4609,0.1,0.46,0.01,4,3,2,1,1,1
"J82069","Camrose Gillies And Hackwood Partnership",1,622,634,441,553,281,319,0.98,0.8,0.88,10388,52112,8428,25911,0.16,0.5,0.01,3,5,3,3,2,1
"J82026","Centre Practice",0.96,278,298,137,199,150,187,0.93,0.69,0.8,23155,16515,4341,8467,0.26,0.51,0.02,2,5,5,5,5,1
"J82025","Charlton Hill Surgery",1,186,190,147,177,96,106,0.98,0.83,0.91,17121,15462,2747,7871,0.18,0.51,0.01,2,5,3,3,4,1
"J82075","Chawton House Surgery",1,174,175,70,94,91,99,0.99,0.74,0.92,17790,7030,2325,3635,0.33,0.52,0.02,2,2,5,5,5,1
"J82136","Chawton Park Surgery",1,178,180,102,126,89,101,0.99,0.81,0.88,24872,11312,2793,5834,0.25,0.52,0.02,1,4,4,5,5,1
"J82062","Cheviot Road Surgery",0.96,203,209,150,202,82,92,0.97,0.74,0.89,2610,15631,2268,7762,0.15,0.5,0.01,5,5,3,2,2,1
"J82218","Chineham Medical Practice",1,153,153,121,172,56,66,1,0.7,0.85,27732,17952,2184,9154,0.12,0.51,0.01,1,5,2,2,4,1
"J82079","Clift Surgery",1,116,118,78,104,59,66,0.98,0.75,0.89,29354,7973,1505,4082,0.19,0.51,0.01,1,3,4,3,4,1
"J82007","Coastal Medical Partnership",1,957,980,420,500,488,559,0.98,0.84,0.87,6855,33453,12150,17457,0.36,0.52,0.03,4,5,5,5,5,1
"J82150","Cornerways Medical Centre",1,257,282,165,218,146,179,0.91,0.76,0.82,25945,11938,3824,6101,0.32,0.51,0.02,1,4,5,5,4,1
"J84015","Cowes Medical Centre",0.96,270,270,175,195,149,159,1,0.9,0.94,10976,15600,4002,8011,0.26,0.51,0.02,3,5,5,5,5,1
"J82144","Crown Heights Medical Centre",0.95,289,295,183,232,151,171,0.98,0.79,0.88,26160,27569,4301,13313,0.16,0.48,0.01,1,5,3,2,1,1
"J82119","Denmead Health Centre",1,149,152,103,135,101,111,0.98,0.76,0.91,27346,10429,3021,5399,0.29,0.52,0.01,1,4,4,5,5,1
"J84004","East Cowes Medical Centre",1,148,151,114,133,68,73,0.98,0.86,0.93,16903,8748,2361,4463,0.27,0.51,0.02,2,3,5,5,4,1
"J82020","Eastleigh Medical Practice",1,138,141,127,167,62,70,0.98,0.76,0.89,14604,14494,2556,7040,0.18,0.49,0.01,3,5,2,3,2,1
"J82009","Emsworth Surgery",1,306,308,158,182,174,196,0.99,0.87,0.89,22434,15333,4751,8074,0.31,0.53,0.02,2,5,5,5,5,1
"J84005","Esplanade Surgery",1,160,161,102,118,99,106,0.99,0.86,0.93,3087,8650,2630,4386,0.3,0.51,0.02,5,3,5,5,4,1
"J82131","Fordingbridge Surgery",0.9,256,261,145,211,125,162,0.98,0.69,0.77,13764,12198,3897,6230,0.32,0.51,0.02,3,4,5,5,4,1
"J82072","Forestside Medical Practice",0.91,200,204,106,142,90,107,0.98,0.75,0.84,33027,11639,2701,6028,0.23,0.52,0.02,1,4,5,4,5,1
"J82130","Friarsgate Practice",1,392,394,206,259,247,270,0.99,0.8,0.91,19899,24820,4946,12711,0.2,0.51,0.02,2,5,4,3,4,1
"J82106","Gratton Surgery",1,110,112,76,86,74,76,0.98,0.88,0.97,18818,7222,1757,3759,0.24,0.52,0.02,2,2,4,4,5,1
"J82033","Gudgeheath Lane Surgery",1,153,156,76,76,54,59,0.98,1,0.92,21007,9483,2195,4908,0.23,0.52,0.02,2,3,4,4,5,1
"J82089","Hedge End Medical Centre",1,292,298,147,185,132,149,0.98,0.79,0.89,24615,19193,3735,9862,0.19,0.51,0.02,1,5,4,3,5,1
"J82207","Hill Lane Surgery",1,114,116,87,98,56,59,0.98,0.89,0.95,10128,11449,1399,5483,0.12,0.48,0.01,3,4,2,2,1,1
"J82196","Homewell Curlew Practice",1,199,216,153,202,100,112,0.92,0.76,0.89,6344,15322,2892,7675,0.19,0.5,0.01,4,5,4,3,3,1
"J82640","Horndean Surgery",1,90,92,71,94,47,53,0.98,0.76,0.89,28339,6982,1535,3543,0.22,0.51,0.01,1,2,3,4,4,1
"J82622","Living Well Partnership",1,631,656,333,450,242,277,0.96,0.74,0.87,16539,46904,7809,23632,0.17,0.5,0.01,2,5,4,3,3,1
"J82174","Lockswood Surgery",1,184,184,115,140,87,94,1,0.82,0.93,32914,13784,3528,7092,0.26,0.51,0.01,1,4,3,5,5,1
"J82002","Lordshill Health Centre",1,273,274,192,244,73,84,1,0.79,0.87,6163,14543,2628,7457,0.18,0.51,0.02,4,5,5,3,5,1
"J82146","Lyndhurst Surgery",1,147,150,71,95,87,94,0.98,0.75,0.93,19882,5658,1796,2879,0.32,0.51,0.03,2,2,5,5,4,1
"J82154","Meon Health Practice",0.87,444,453,278,419,218,282,0.98,0.66,0.77,11796,36493,7346,18411,0.2,0.5,0.01,3,5,3,3,3,1
"J82129","New Forest Medical Group",1,179,182,88,104,109,128,0.98,0.85,0.85,27494,7539,2670,3855,0.35,0.51,0.02,1,2,5,5,4,1
"J82112","New Horizons Medical Partnership",1,404,409,225,304,219,250,0.99,0.74,0.88,24632,23459,5608,11738,0.24,0.5,0.02,1,5,5,4,3,1
"J84011","Newport Health Centre",0.99,376,381,262,324,186,203,0.99,0.81,0.92,19093,24757,5363,12667,0.22,0.51,0.02,2,5,4,4,4,1
"J82121","North Baddesley Surgery",0.95,183,187,120,140,96,108,0.98,0.86,0.89,12743,9713,2243,4970,0.23,0.51,0.02,3,3,5,4,4,1
"J82163","Oaks Healthcare",1,256,260,189,218,138,156,0.98,0.87,0.88,23162,16879,4258,8736,0.25,0.52,0.02,2,5,4,5,5,1
"J82061","Odiham Health Centre",1,169,172,110,140,95,108,0.98,0.79,0.88,30181,13226,3062,6881,0.23,0.52,0.01,1,4,3,4,5,1
"J82128","Old Fire Station Surgery",1,139,140,88,105,57,58,0.99,0.84,0.98,20269,8593,1576,4323,0.18,0.5,0.02,2,3,4,3,3,1
"J82143","Park Surgery",1,264,271,147,194,135,152,0.97,0.76,0.89,26275,16573,3825,8392,0.23,0.51,0.02,1,5,4,4,4,1
"J82184","Pinehill Surgery",1,34,35,30,39,15,15,0.97,0.77,1,17557,4414,615,2184,0.14,0.49,0.01,2,1,2,2,2,1
"J82012","Portchester Practice",1,137,143,129,161,78,90,0.96,0.8,0.87,23050,11281,2861,5797,0.25,0.51,0.01,2,4,3,5,5,1
"J82126","Raymond Road Surgery",1,91,91,46,59,62,68,1,0.78,0.91,21220,4711,1007,2312,0.21,0.49,0.02,2,1,5,4,2,1
"J82056","Red And Green Practice",1,466,478,226,269,209,240,0.97,0.84,0.87,32509,21982,6013,10999,0.27,0.5,0.02,1,5,5,5,3,1
"J82039","Ringwood Medical Centre",1,248,253,119,150,132,148,0.98,0.79,0.89,16917,11090,3287,5717,0.3,0.52,0.02,2,4,5,5,5,1
"J82005","Rowlands Castle Surgery",1,91,99,65,83,50,58,0.92,0.78,0.86,29721,4610,1443,2409,0.31,0.52,0.02,1,1,5,5,5,1
"J82669","Rowner Health Centre",1,86,87,70,83,29,32,0.99,0.84,0.91,13206,9285,1410,4844,0.15,0.52,0.01,3,3,2,2,5,1
"Y07014","Shakespeare Road Medical Practice",0.87,144,146,86,112,67,73,0.99,0.77,0.92,17418,14094,1816,6823,0.13,0.48,0.01,2,5,2,2,1,1
"J82082","Shepherds Spring Medical Centre",1,135,139,112,124,51,54,0.97,0.9,0.94,7667,13317,1490,6763,0.11,0.51,0.01,4,4,2,1,4,1
"J82024","Solent Gp Surgery",1,150,150,112,114,35,36,1,0.98,0.97,4098,22670,1520,9923,0.07,0.44,0.01,5,5,1,1,1,1
"J84017","Solent Nhs Trust T/A Medina Healthcare",1,185,189,122,135,108,118,0.98,0.9,0.92,12312,8572,2514,4380,0.29,0.51,0.02,3,3,5,5,4,1
"J82215","Solent View Medical Practice",1,238,238,137,179,107,124,1,0.77,0.86,25511,13117,3825,6869,0.29,0.52,0.02,1,4,5,5,5,1
"J84016","South Wight Medical Practice",1,116,118,68,85,51,61,0.98,0.8,0.84,14505,6462,2525,3344,0.39,0.52,0.02,3,2,5,5,5,1
"J82035","St Clements Partnership",1,278,280,152,205,156,185,0.99,0.74,0.84,19513,16003,3383,8052,0.21,0.5,0.02,2,5,5,4,3,1
"J82103","St Mary's Surgery",0.95,200,211,115,159,101,115,0.95,0.72,0.88,7621,12794,2568,6506,0.2,0.51,0.02,4,4,4,3,4,1
"J82050","St Paul's Surgery",1,261,266,151,190,136,158,0.98,0.79,0.86,27650,24539,3306,12640,0.13,0.52,0.01,1,5,3,2,5,1
"J82071","St. Andrew's Surgery",0.97,140,141,90,136,63,75,0.99,0.66,0.84,7333,13555,1847,6999,0.14,0.52,0.01,4,4,2,2,5,1
"J84007","St. Helens Medical Centre",1,194,194,128,133,151,155,1,0.96,0.97,15993,6547,2792,3402,0.43,0.52,0.03,3,2,5,5,5,1
"J82081","St. Mary's Surgery",0.97,251,254,160,202,88,102,0.99,0.79,0.86,5119,27452,2727,12199,0.1,0.44,0.01,4,5,2,1,1,1
"J82208","St. Peters Surgery",1,74,76,58,71,29,38,0.97,0.82,0.76,7734,7140,1016,3577,0.14,0.5,0.01,4,2,3,2,3,1
"J82016","Stockbridge Surgery",1,168,172,103,132,97,109,0.98,0.78,0.89,18740,9073,2597,4741,0.29,0.52,0.02,2,3,5,5,5,1
"J82018","Stokewood Surgery",1,342,350,184,224,163,186,0.98,0.82,0.88,29056,18668,4218,9507,0.23,0.51,0.02,1,5,5,4,4,1
"J82087","Stoneham Lane Surgery",0.95,128,131,88,115,42,44,0.98,0.77,0.95,11495,7529,1481,3720,0.2,0.49,0.02,3,2,5,3,2,1
"J82104","Stubbington Medical Practice",1,301,305,172,195,176,196,0.99,0.88,0.9,21398,12696,4507,6778,0.35,0.53,0.02,2,4,5,5,5,1
"J82098","Swan Medical Group",1,506,517,316,372,328,363,0.98,0.85,0.9,11321,37427,9255,19227,0.25,0.51,0.01,3,5,4,5,5,1
"J82094","Tadley Medical P'ship",0.79,241,273,183,241,125,150,0.88,0.76,0.83,11590,19622,4656,9772,0.24,0.5,0.01,3,5,4,4,2,1
"J82132","Testvale Surgery",1,221,227,109,129,97,112,0.97,0.84,0.87,9348,13701,3091,6964,0.23,0.51,0.02,4,4,4,4,4,1
"J82017","The Andover Health Centre Medical Pract",1,221,225,140,166,107,121,0.98,0.84,0.88,17317,13550,2911,6770,0.21,0.5,0.02,2,4,4,4,3,1
"J84013","The Bay Medical Practice",1,555,560,349,475,244,281,0.99,0.73,0.87,7204,27123,8707,13825,0.32,0.51,0.02,4,5,5,5,4,1
"J82010","The Bosmere Medical Practice",1,296,301,198,223,131,143,0.98,0.89,0.92,13455,19170,4070,9803,0.21,0.51,0.02,3,5,4,4,4,1
"J82147","The Clanfield Practice",1,119,121,79,97,61,66,0.98,0.81,0.92,28320,7944,1970,4000,0.25,0.5,0.02,1,3,4,5,3,1
"J82210","The Elms Practice",1,223,230,141,186,122,148,0.97,0.76,0.82,21214,9357,3305,4765,0.35,0.51,0.02,2,3,5,5,4,1
"J82019","The Fryern Surgery",1,267,271,166,189,164,175,0.99,0.88,0.94,33606,15336,3841,7924,0.25,0.52,0.02,1,5,5,5,5,1
"J82201","The Grange Surgery",1,126,127,67,89,69,81,0.99,0.75,0.85,27378,7893,1803,4095,0.23,0.52,0.02,1,3,4,4,5,1
"J82101","The Peartree Practice",0.98,269,276,170,204,94,107,0.97,0.83,0.88,3299,19463,3847,9564,0.2,0.49,0.01,5,5,4,3,2,1
"J82088","The Shirley Health Partnership",1,183,185,115,144,65,74,0.99,0.8,0.88,25968,13841,2203,6816,0.16,0.49,0.01,1,4,3,2,2,1
"Y01281","The Village Surgery",1,76,77,52,63,52,60,0.99,0.83,0.87,29926,4588,1430,2303,0.31,0.5,0.02,1,1,4,5,3,1
"J82059","The Watercress Medical Group",1,125,128,76,89,67,69,0.98,0.85,0.97,30278,6931,2055,3544,0.3,0.51,0.02,1,2,5,5,4,1
"J82083","The Willow Group",0.76,638,657,524,645,335,370,0.97,0.81,0.91,1945,48459,10561,24514,0.22,0.51,0.01,5,5,3,4,4,1
"J84012","Tower House Surgery",1,188,194,146,180,93,98,0.97,0.81,0.95,9988,14656,3504,7408,0.24,0.51,0.01,3,5,3,4,3,1
"J82151","Twin Oaks Medical Centre",1,122,122,76,98,62,63,1,0.78,0.98,27855,5417,1783,2812,0.33,0.52,0.02,1,2,5,5,5,1
"J82116","Twyford Surgery",1,177,186,104,139,99,114,0.95,0.75,0.87,31190,10141,2434,5205,0.24,0.51,0.02,1,3,5,4,5,1
"J82080","University Health Service Southampton",1,78,80,61,70,35,39,0.98,0.87,0.9,32105,38566,1080,18556,0.03,0.48,0,1,5,1,1,1,1
"J84003","Ventnor Medical Practice",0.98,174,201,95,155,64,81,0.87,0.61,0.79,2375,8183,2793,4084,0.34,0.5,0.02,5,3,5,5,3,1
"J82022","Victor Street Surgery",0.97,182,191,100,127,74,80,0.95,0.79,0.92,2610,11260,2115,5477,0.19,0.49,0.02,5,4,4,3,2,1
"J82134","Vine Medical Group",1,393,398,304,369,211,232,0.99,0.82,0.91,11402,25437,5753,12764,0.23,0.5,0.02,3,5,4,4,3,1
"J82605","Walnut Tree Surgery",1,25,25,30,30,11,12,1,1,0.92,18435,4753,328,2117,0.07,0.45,0.01,2,1,1,1,1,1
"J82156","Waterfront And Solent Surgery",0.97,188,191,86,114,84,103,0.98,0.75,0.82,21883,7869,2415,4029,0.31,0.51,0.02,2,3,5,5,4,1
"J82639","Watership Down Health",1,304,307,212,263,162,186,0.99,0.81,0.87,29924,19107,4945,9746,0.26,0.51,0.02,1,5,4,5,4,1
"J82021","Waterside Medical Practice",1,213,215,116,147,102,108,0.99,0.79,0.94,21214,8600,3232,4411,0.38,0.51,0.03,2,3,5,5,5,1
"J82040","West End Road Surgery",1,204,207,141,171,74,79,0.99,0.82,0.94,20370,17700,2719,9042,0.15,0.51,0.01,2,5,3,2,4,1
"J82036","West Meon Surgery",1,45,46,42,46,24,27,0.98,0.91,0.89,21380,2752,774,1399,0.28,0.51,0.02,2,1,4,5,4,1
"J82161","Westlands Medical Centre",1,166,166,89,120,69,88,1,0.74,0.78,28468,10429,2775,5245,0.27,0.5,0.02,1,4,4,5,3,1
"J82214","Whitchurch Surgery",1,132,134,89,115,84,92,0.99,0.77,0.91,26922,9922,2075,5001,0.21,0.5,0.01,1,3,3,4,3,1
"J82138","Whitewater Health",1,275,279,158,196,151,173,0.99,0.81,0.87,22763,18020,4067,9324,0.23,0.52,0.02,2,5,4,4,5,1
"J82034","Wickham Surgery",1,202,203,151,170,100,112,1,0.89,0.89,13308,14190,3489,7263,0.25,0.51,0.01,3,5,4,5,4,1
"J84019","Wight Primary Partnerships Ltd",1,223,227,151,185,152,162,0.98,0.82,0.94,8758,11083,4560,5771,0.41,0.52,0.02,4,4,5,5,5,1
"J82157","Wilson Practice",1,261,262,170,227,177,202,1,0.75,0.88,20803,17201,4096,8809,0.24,0.51,0.02,2,5,4,4,4,1
"J82139","Wistaria & Milford Surgeries",0.95,389,431,181,285,234,286,0.9,0.64,0.82,17790,15651,5973,8189,0.38,0.52,0.03,2,5,5,5,5,1
"J82076","Woolston And Chartwell Partnership",1,348,354,200,245,146,157,0.98,0.82,0.93,20269,22166,4273,11292,0.19,0.51,0.02,2,5,4,3,4,1
"E81615","Ashburnham Road Surgery",0.97,14,14,17,20,4,4,1,0.85,1,1707,4253,280,1934,0.07,0.45,0,5,1,1,1,1,1
"K82054","Ashfield Medical Centre",1,82,82,75,91,44,50,1,0.82,0.88,1012,10540,1580,5175,0.15,0.49,0.01,5,4,2,2,2,1
"E81050","Asplands Medical Centre",1,162,164,106,128,86,94,0.99,0.83,0.91,28129,12731,2978,6435,0.23,0.51,0.01,1,4,3,4,3,1
"E81632","Barton Hills Medical Group",1,121,121,74,93,49,54,1,0.8,0.91,23913,8191,1662,4122,0.2,0.5,0.01,1,3,4,4,3,1
"K82039","Bedford Street Surgery",0.83,98,101,60,104,51,72,0.97,0.58,0.71,12565,16171,2027,7979,0.13,0.49,0.01,3,5,1,2,2,1
"E81005","Bell House Medical Centre",1,92,93,91,105,61,64,0.99,0.87,0.95,5624,10929,1348,5084,0.12,0.47,0.01,4,4,2,2,1,1
"Y02900","Brooklands Health Centre",0.75,38,38,49,74,7,10,1,0.66,0.7,23029,22165,939,10794,0.04,0.49,0,2,5,1,1,2,1
"E81048","Bute House Medical Centre",0.94,85,86,75,96,27,30,0.99,0.78,0.9,2023,10937,1088,5137,0.1,0.47,0.01,5,4,2,1,1,1
"E81069","Caddington Surgery",0.99,99,101,61,79,50,58,0.98,0.77,0.86,30369,5005,1389,2567,0.28,0.51,0.02,1,1,5,5,5,1
"E81013","Castle Medical Group Practice",0.85,153,156,123,154,58,65,0.98,0.8,0.89,1105,16270,1936,7432,0.12,0.46,0.01,5,5,2,2,1,1
"E81030","Cauldwell Medical Centre",0.99,65,68,70,92,18,20,0.96,0.76,0.9,6565,10987,696,5398,0.06,0.49,0.01,4,4,1,1,2,1
"K82065","Central Milton Keynes Medical Centre",1,109,109,113,143,28,30,1,0.79,0.93,10281,21482,2150,9921,0.1,0.46,0.01,3,5,1,1,1,1
"K82057","Cobbs Garden Surgery",1,83,87,60,85,55,70,0.95,0.71,0.79,29206,8901,2329,4591,0.26,0.52,0.01,1,3,2,5,5,1
"E81063","Conway Medical Centre",1,100,103,89,103,21,25,0.97,0.86,0.84,2108,9051,721,4421,0.08,0.49,0.01,5,3,3,1,2,1
"E81046","Dr A Sulakshana & Partners",1,183,184,96,146,102,118,0.99,0.66,0.86,27036,12093,2982,6102,0.25,0.5,0.02,1,4,4,5,3,1
"E81061","Dr Carragher And Neal And Akhtar",1,85,88,63,78,26,28,0.97,0.81,0.93,26744,7174,1242,3649,0.17,0.51,0.01,1,2,3,3,4,1
"E81076","Dr Dv Shah's Practice",1,39,39,49,54,16,16,1,0.91,1,3879,5465,568,2765,0.1,0.51,0.01,5,2,1,1,4,1
"E81003","Dr Jl Henderson & Partners",1,305,312,186,233,129,142,0.98,0.8,0.91,15512,20889,4016,10755,0.19,0.51,0.01,3,5,4,3,5,1
"E81617","Dr Ps Bath's Practice",1,50,58,51,70,17,24,0.86,0.73,0.71,12154,5288,1073,2643,0.2,0.5,0.01,3,1,3,4,3,1
"E81010","Dr Whm Matta's Practice",1,93,94,75,98,50,56,0.99,0.77,0.89,9836,9394,1202,4679,0.13,0.5,0.01,3,3,2,2,2,1
"E81612","Drs Mirza Sukhani & Partners",1,39,39,43,56,16,16,1,0.77,1,10497,5706,682,2707,0.12,0.47,0.01,3,2,1,2,1,1
"E81635","Eastgate Surgery",1,51,51,34,39,21,25,1,0.87,0.84,17830,7616,855,3962,0.11,0.52,0.01,2,2,1,1,5,1
"K82064","Fishermead Medical Centre",1,30,31,45,56,9,9,0.97,0.8,1,6955,7590,638,3424,0.08,0.45,0,4,2,1,1,1,1
"E81015","Flitwick Surgery",0.99,198,201,123,159,71,79,0.99,0.77,0.9,28884,14327,3050,7153,0.21,0.5,0.01,1,5,4,4,3,1
"E81041","Gardenia Practice",1,107,110,105,144,32,39,0.97,0.73,0.82,7477,14002,1551,6917,0.11,0.49,0.01,4,5,2,1,2,1
"E81047","Goldington Avenue Surgery",1,224,226,159,187,129,139,0.99,0.85,0.93,21663,18259,3083,9140,0.17,0.5,0.01,2,5,3,3,3,1
"E81031","Great Barford Surgery",1,48,49,29,50,21,28,0.98,0.58,0.75,20308,5150,1267,2526,0.25,0.49,0.01,2,1,2,5,2,1
"E81002","Greensand Surgery (Ampthill)",1,118,121,85,97,62,63,0.98,0.88,0.98,32826,10234,1825,5365,0.18,0.52,0.01,1,4,3,3,5,1
"E81012","Greensands (Potton)",1,145,148,96,130,76,86,0.98,0.74,0.88,19930,12858,3108,6565,0.24,0.51,0.01,2,4,3,4,4,1
"E81007","Harrold Medical Practice",1,78,80,65,80,40,43,0.98,0.81,0.93,21258,6670,1601,3364,0.24,0.5,0.01,2,2,3,4,3,1
"E81074","Houghton Close Surgery",1,154,154,109,136,82,89,1,0.8,0.92,26926,11724,2661,6032,0.23,0.51,0.01,1,4,3,4,5,1
"E81027","Houghton Regis Medical Centre",0.72,102,111,86,124,39,47,0.92,0.69,0.83,22670,13597,1626,6752,0.12,0.5,0.01,2,4,2,2,2,1
"E81036","Ivel Medical Centre",0.67,130,149,83,134,65,82,0.87,0.62,0.79,12040,13091,2636,6601,0.2,0.5,0.01,3,4,3,3,3,1
"E81038","King Street Surgery",1,274,290,155,208,119,132,0.94,0.75,0.9,19626,21738,4325,10770,0.2,0.5,0.01,2,5,3,3,2,1
"E81045","Kingsbury Court Surgery",1,125,127,81,96,52,60,0.98,0.84,0.87,17830,10368,1984,5211,0.19,0.5,0.01,2,4,3,3,3,1
"Y02332","Kingsway & Bramingham Surgery",0.9,115,132,100,148,37,44,0.87,0.68,0.84,2108,18503,1645,8579,0.09,0.46,0.01,5,5,1,1,1,1
"E81052","Kirby Road Surgery",1,120,121,78,88,54,61,0.99,0.89,0.89,14003,8108,1613,3967,0.2,0.49,0.01,3,3,4,3,2,1
"E81022","Larksfield And Arlesey Medical Practice",0.86,184,190,125,192,60,80,0.97,0.65,0.75,25744,19481,3161,9952,0.16,0.51,0.01,1,5,2,3,4,1
"E81026","Larkside Practice",1,101,101,91,110,31,32,1,0.83,0.97,26545,9842,1396,4868,0.14,0.49,0.01,1,3,2,2,2,1
"E81032","Lea Vale Medical Practice",1,297,299,232,330,111,131,0.99,0.7,0.85,2023,47918,3794,22263,0.08,0.46,0.01,5,5,1,1,1,1
"E81044","Leighton Road Surgery",0.8,204,229,141,206,81,90,0.89,0.68,0.9,15512,20056,3347,9727,0.17,0.48,0.01,3,5,3,3,1,1
"E81060","Linden Road Surgery",1,69,69,47,59,38,43,1,0.8,0.88,6225,6004,1064,2926,0.18,0.49,0.01,4,2,3,3,2,1
"E81016","Lister House Surgery",1,39,39,35,46,11,16,1,0.76,0.69,5673,6475,692,3093,0.11,0.48,0.01,4,2,1,1,1,1
"E81019","London Road Health Centre",1,192,224,171,223,59,69,0.86,0.77,0.86,3432,22718,2518,11615,0.11,0.51,0.01,5,5,2,1,4,1
"E81631","Malzeard Road Practice",1,41,42,42,46,15,17,0.98,0.91,0.88,1767,9776,739,4321,0.08,0.44,0,5,3,1,1,1,1
"E81043","Marston Forest Healthcare",0.97,92,105,79,94,45,47,0.88,0.84,0.96,11732,10845,1549,5156,0.14,0.48,0.01,3,4,2,2,1,1
"K82631","Milton Keynes Village Surg",1,61,61,78,91,21,22,1,0.86,0.95,30470,16466,1478,8218,0.09,0.5,0,1,5,1,1,3,1
"E81633","Neville Road Surgery",0.87,40,42,32,38,15,16,0.95,0.84,0.94,16134,5315,455,2560,0.09,0.48,0.01,2,2,2,1,1,1
"K82016","Newport Pagnell Med.Ctr.",0.97,274,279,158,235,108,153,0.98,0.67,0.71,24725,29418,6015,14754,0.2,0.5,0.01,1,5,2,4,3,1
"K82032","Oakridge Park Medical Centre",1,91,93,77,100,29,33,0.98,0.77,0.88,24799,12236,1787,6008,0.15,0.49,0.01,1,4,2,2,2,1
"K82015","Parkside Medical Centre",1,85,86,78,101,51,54,0.99,0.77,0.94,23402,10317,1795,5121,0.17,0.5,0.01,1,4,2,3,2,1
"E81014","Priory Gardens Surgery",0.93,161,167,121,171,49,54,0.96,0.71,0.91,17830,18572,2265,9208,0.12,0.5,0.01,2,5,2,2,2,1
"E81049","Priory Medical Centre",1,70,70,51,61,31,35,1,0.84,0.89,22907,7754,1684,3830,0.22,0.49,0.01,2,3,2,4,2,1
"K82027","Purbeck Health Centre",1,32,42,30,54,12,16,0.76,0.56,0.75,7289,6029,942,2902,0.16,0.48,0.01,4,2,1,2,1,1
"E81029","Putnoe Medical Centre Partnership",1,254,262,179,206,100,111,0.97,0.87,0.9,27868,17919,3179,9062,0.18,0.51,0.01,1,5,4,3,4,1
"E81021","Queens Park Health Centre",1,162,163,148,169,71,77,0.99,0.88,0.92,4446,22511,2455,11290,0.11,0.5,0.01,4,5,2,1,3,1
"E81057","Saffron Health Partnership",1,284,287,170,193,134,147,0.99,0.88,0.91,12591,21894,4140,11151,0.19,0.51,0.01,3,5,3,3,4,1
"E81004","Salisbury House Surgery",1,112,113,85,103,67,73,0.99,0.83,0.92,10761,12022,2297,6109,0.19,0.51,0.01,3,4,2,3,4,1
"E81035","Sandy Health Centre",0.9,115,134,103,135,45,54,0.86,0.76,0.83,15928,9785,1942,4943,0.2,0.51,0.01,3,3,4,3,3,1
"E81024","Sharnbrook Surgery",0.86,109,112,56,83,58,71,0.97,0.67,0.82,19764,6138,1599,3153,0.26,0.51,0.02,2,2,5,5,5,1
"E81033","Shefford Health Centre",0.98,187,189,99,167,98,120,0.99,0.59,0.82,12636,20092,3957,10284,0.2,0.51,0.01,3,5,2,3,4,1
"K82025","Sovereign Medical Centre",0.49,82,83,73,107,46,58,0.99,0.68,0.79,13860,10767,2462,5341,0.23,0.5,0.01,3,4,2,4,2,1
"E81006","Stopsley Village Practice",1,74,74,76,94,33,36,1,0.81,0.92,12154,9532,1664,4665,0.17,0.49,0.01,3,3,2,3,2,1
"E81040","Sundon Medical Centre",1,110,110,93,108,59,68,1,0.86,0.87,12128,9389,1835,4688,0.2,0.5,0.01,3,3,3,3,3,1
"E81028","The Blenheim Medical Centre",1,109,110,98,130,27,30,0.99,0.75,0.9,3868,16459,1301,7780,0.08,0.47,0.01,5,5,1,1,1,1
"E81037","The De Parys Group",1,479,491,296,343,260,285,0.98,0.86,0.91,7301,36795,7839,18072,0.21,0.49,0.01,4,5,3,4,2,1
"K82610","The Grove Surgery",1,27,27,47,50,12,13,1,0.94,0.92,1012,8789,708,4244,0.08,0.48,0,5,3,1,1,1,1
"E81073","The Medici Medical Practice",0.66,71,84,64,92,22,29,0.85,0.7,0.76,7638,18241,1712,8868,0.09,0.49,0,4,5,1,1,2,1
"E81025","The Oakley Surgery",0.99,78,85,53,66,42,46,0.92,0.8,0.91,7553,7613,1035,3757,0.14,0.49,0.01,4,2,3,2,2,1
"K82013","The Red House Surgery",0.95,147,167,134,159,96,104,0.88,0.84,0.92,12565,13957,3155,7208,0.23,0.52,0.01,3,5,3,4,5,1
"K82617","The Stonedean Practice",1,67,67,56,66,29,31,1,0.85,0.94,19638,8057,1386,4166,0.17,0.52,0.01,2,3,2,3,5,1
"Y02463","The Town Centre Practice",1,27,27,33,40,2,2,1,0.82,1,1105,12351,369,5716,0.03,0.46,0,5,4,1,1,1,1
"E81034","Toddington Medical Centre",1,107,109,84,96,50,55,0.98,0.88,0.91,24350,7984,1643,4080,0.21,0.51,0.01,1,3,4,4,4,1
"K82615","Walnut Tree Health Centre",1,58,59,59,78,20,24,0.98,0.76,0.83,21444,14983,1544,7599,0.1,0.51,0,2,5,1,1,4,1
"K82009","Watling Street Practice",1,291,298,261,346,139,152,0.98,0.75,0.91,19638,40933,6982,20543,0.17,0.5,0.01,2,5,2,3,3,1
"E81009","West Street Surgery",1,169,173,129,151,89,97,0.98,0.85,0.92,14003,12454,2592,6254,0.21,0.5,0.01,3,4,4,4,3,1
"K82633","Westcroft Health Centre",1,73,74,69,79,38,42,0.99,0.87,0.9,18664,16446,1197,8355,0.07,0.51,0,2,5,1,1,4,1
"K82059","Westfield Road Surgery",0.98,48,48,46,56,19,20,1,0.82,0.95,7573,8822,1220,4494,0.14,0.51,0.01,4,3,1,2,4,1
"K82026","Whaddon Healthcare",1,149,153,138,172,84,91,0.97,0.8,0.92,19611,21954,3339,11158,0.15,0.51,0.01,2,5,1,2,4,1
"E81008","Wheatfield Surgery",1,137,139,108,129,62,67,0.99,0.84,0.93,11560,12343,1854,6117,0.15,0.5,0.01,3,4,3,2,2,1
"Y06810","Whitehouse Health Centre",0.83,49,50,55,78,9,11,0.98,0.71,0.82,26547,14819,1182,7459,0.08,0.5,0,1,5,1,1,3,1
"K82003","Wolverton Health Centre",0.99,91,92,80,98,29,31,0.99,0.82,0.94,2310,16378,1830,7902,0.11,0.48,0.01,5,5,1,1,1,1
"E81018","Woodland Avenue Practice",1,118,118,78,94,50,55,1,0.83,0.91,3932,13266,1882,6161,0.14,0.46,0.01,5,4,2,2,1,1
"Y00560","Wootton Vale And Shortstown Surgery",1,134,136,86,118,40,47,0.99,0.73,0.85,25124,17480,1752,9041,0.1,0.52,0.01,1,5,2,1,5,1
"M82021","Albrighton Medical Pract",1,178,180,123,171,128,157,0.99,0.72,0.82,29833,8464,2810,4425,0.33,0.52,0.02,1,3,5,5,5,1
"M82601","Alveley Medical Practice",1,72,72,44,50,43,48,1,0.88,0.9,11705,2340,821,1181,0.35,0.5,0.03,3,1,5,5,3,1
"M82018","Beeches Medical Practice",1,133,137,89,113,82,89,0.97,0.79,0.92,21932,7158,1913,3627,0.27,0.51,0.02,2,2,5,5,4,1
"M82048","Belvidere Medical Pract.",1,115,118,76,94,58,63,0.97,0.81,0.92,26932,6812,1532,3496,0.22,0.51,0.02,1,2,5,4,5,1
"M82033","Bishops Castle Medical Practice",0.95,137,139,65,94,49,56,0.99,0.69,0.88,9614,5584,1829,2787,0.33,0.5,0.02,4,2,5,5,3,1
"M82004","Bridgnorth Medical Practice",1,356,360,215,276,203,224,0.99,0.78,0.91,21544,19310,5837,9717,0.3,0.5,0.02,2,5,5,5,3,1
"M82051","Broseley Medical Practice",1,85,85,73,92,46,50,1,0.79,0.92,8687,4707,1374,2403,0.29,0.51,0.02,4,1,5,5,4,1
"M82024","Brown Clee Medical Centre",1,52,53,42,47,35,39,0.98,0.89,0.9,14053,3889,1226,1972,0.32,0.51,0.01,3,1,4,5,4,1
"M82026","Cambrian Medical Practice",1,182,183,143,184,96,111,0.99,0.78,0.86,16954,13411,3255,6734,0.24,0.5,0.01,2,4,4,4,3,1
"M82007","Charlton Medical Practice",1,158,161,176,213,91,95,0.98,0.83,0.96,7049,15322,3044,7816,0.2,0.51,0.01,4,5,2,3,4,1
"M82008","Church Stretton Medical Centre",1,220,222,115,127,135,145,0.99,0.91,0.93,23814,7105,2897,3638,0.41,0.51,0.03,1,2,5,5,4,1
"M82025","Churchmere Medical Group",1,359,370,234,286,208,231,0.97,0.82,0.9,16743,20845,5639,10412,0.27,0.5,0.02,2,5,5,5,3,1
"M82034","Claremont Bank Surgery",0.92,103,113,83,124,58,74,0.91,0.67,0.78,12693,7901,2109,4011,0.27,0.51,0.01,3,3,4,5,4,1
"M82041","Cleobury Mortimer Surgery",0.95,181,184,86,110,81,90,0.98,0.78,0.9,10005,7087,2112,3548,0.3,0.5,0.03,3,2,5,5,3,1
"M82017","Clive Medical Practice",1,107,110,64,75,62,69,0.97,0.85,0.9,20464,4654,1442,2385,0.31,0.51,0.02,2,1,5,5,5,1
"M82616","Court Street Medical Practice",1,128,130,112,146,32,36,0.98,0.77,0.89,4141,8059,1465,4167,0.18,0.52,0.02,5,3,4,3,5,1
"M82046","Craven Arms Surgery",0.94,116,117,62,79,44,48,0.99,0.78,0.92,5484,4011,1181,1991,0.29,0.5,0.03,4,1,5,5,2,1
"M82009","Dawley Medical Practice",0.9,177,182,148,215,75,86,0.97,0.69,0.87,3603,10994,2198,5498,0.2,0.5,0.02,5,4,4,3,3,1
"M82012","Donnington Medical Practice",0.97,187,191,190,245,71,80,0.98,0.78,0.89,8749,14378,2267,7271,0.16,0.51,0.01,4,5,3,2,4,1
"M82058","Hodnet Medical Practice",1,88,90,58,66,41,43,0.98,0.88,0.95,11311,3971,1149,1963,0.29,0.49,0.02,3,1,5,5,2,1
"M82057","Hollinswood Surgery",1,40,40,44,54,15,17,1,0.81,0.88,10314,7595,1040,3589,0.14,0.47,0.01,3,2,1,2,1,1
"M82606","Ironbridge Medical Practice",0.99,58,61,53,70,17,19,0.95,0.76,0.89,18696,5601,1021,2839,0.18,0.51,0.01,2,2,3,3,4,1
"M82020","Knockin Medical Centre",0.89,71,78,45,58,37,41,0.91,0.78,0.9,18745,4171,1220,2104,0.29,0.5,0.02,2,1,5,5,3,1
"M82056","Linden Hall Surgery",0.9,194,209,152,197,93,104,0.93,0.77,0.89,28760,15674,3141,8090,0.2,0.52,0.01,1,5,3,3,5,1
"M82043","Ludlow - Portcullis",0.98,140,141,106,123,91,97,0.99,0.86,0.94,8016,7528,2364,3765,0.31,0.5,0.02,4,2,5,5,3,1
"M82047","Marden Medical Practice",1,205,206,118,151,107,122,1,0.78,0.88,29594,11040,2603,5771,0.24,0.52,0.02,1,4,5,4,5,1
"M82010","Market Drayton Medical Practice",1,226,231,171,228,130,167,0.98,0.75,0.78,7389,17686,4437,8957,0.25,0.51,0.01,4,5,3,5,4,1
"M82040","Marysville Medical Pract",0.98,54,54,48,52,33,34,1,0.92,0.97,24314,6268,1148,3112,0.18,0.5,0.01,1,2,2,3,2,1
"M82019","Much Wenlock & Cressage Medical Practice",1,190,192,120,150,90,101,0.99,0.8,0.89,16766,8560,2595,4405,0.3,0.51,0.02,2,3,5,5,5,1
"M82002","Mytton Oak Medical Pract.",1,137,140,93,112,72,82,0.98,0.83,0.88,21603,10017,2330,5126,0.23,0.51,0.01,2,3,4,4,4,1
"M82005","Plas Ffynnon Medical Ctre",0.98,175,180,110,142,98,109,0.97,0.77,0.9,25703,9561,2566,4881,0.27,0.51,0.02,1,3,5,5,4,1
"M82030","Pontesbury & Worthen Medical Practice",1,177,179,132,167,100,106,0.99,0.79,0.94,19867,10459,2954,5283,0.28,0.51,0.02,2,4,5,5,3,1
"M82023","Prescott Surgery",0.98,112,119,97,116,53,64,0.94,0.84,0.83,25370,7731,1808,4042,0.23,0.52,0.02,1,3,4,4,5,1
"M82016","Radbrook Green Surgery",1,205,208,141,163,143,158,0.99,0.87,0.91,30445,10805,2995,5486,0.28,0.51,0.02,1,4,5,5,4,1
"M82006","Riverside Med.Practice",0.94,216,235,102,171,99,116,0.92,0.6,0.85,12693,11726,2534,5886,0.22,0.5,0.02,3,4,5,4,3,1
"M82032","Severn Fields Medical Practice",1,199,207,141,186,94,111,0.96,0.76,0.85,3586,16897,2912,8318,0.17,0.49,0.01,5,5,3,3,2,1
"M82059","Shawbirch Medical Centre",1,223,229,205,250,104,116,0.97,0.82,0.9,20756,16391,3451,8467,0.21,0.52,0.01,2,5,4,4,5,1
"M82011","Shawbury Medical Practice",0.95,100,101,69,100,50,62,0.99,0.69,0.81,15541,4488,1153,2291,0.26,0.51,0.02,3,1,5,5,4,1
"M82038","Shifnal & Priorslee Medical Practice",1,173,176,110,139,93,104,0.98,0.79,0.89,7497,13560,2574,6907,0.19,0.51,0.01,4,4,3,3,4,1
"M82060","South Hermitage Surgery",1,177,178,67,85,79,87,0.99,0.79,0.91,21160,8889,2093,4619,0.24,0.52,0.02,2,3,5,4,5,1
"M82014","Station Drive Surgery",1,203,209,100,123,127,143,0.97,0.81,0.89,18709,9491,2929,4967,0.31,0.52,0.02,2,3,5,5,5,1
"M82003","Stirchley Medical Practice",0.92,260,273,235,368,99,128,0.95,0.64,0.77,4242,24799,4154,12237,0.17,0.49,0.01,5,5,3,3,2,1
"Y01929","Teldoc",1,452,461,388,496,189,217,0.98,0.78,0.87,1972,52556,6628,25982,0.13,0.49,0.01,5,5,2,2,2,1
"M82022","The Caxton Surgery",1,301,304,176,224,110,127,0.99,0.79,0.87,5430,14217,3255,7379,0.23,0.52,0.02,4,5,5,4,5,1
"M82620","The Meadows Medical Practice",1,59,64,40,48,33,42,0.92,0.83,0.79,13204,2946,1171,1471,0.4,0.5,0.02,3,1,5,5,3,1
"M82039","Wellington Medical Practice",0.96,154,158,136,164,76,81,0.97,0.83,0.94,3048,15389,2943,7222,0.19,0.47,0.01,5,5,2,3,1,1
"M82028","Wellington Road Surgery",1,308,313,200,247,137,159,0.98,0.81,0.86,28760,15122,4014,7609,0.27,0.5,0.02,1,5,5,5,3,1
"M82035","Wem And Prees Medical Practice",1,222,228,152,178,91,103,0.97,0.85,0.88,23134,12235,3237,6120,0.26,0.5,0.02,2,4,5,5,3,1
"M82013","Westbury Medical Centre",0.87,62,68,28,43,27,36,0.91,0.65,0.75,14636,2698,849,1283,0.31,0.48,0.03,3,1,5,5,1,1
"M82042","Woodside Medical Practice",1,38,38,56,65,19,22,1,0.86,0.86,2746,6552,948,3243,0.14,0.49,0.01,5,2,1,2,2,1
"E86632","Acorn Medical Centre",1,36,36,46,53,17,17,1,0.87,1,28973,5813,715,2874,0.12,0.49,0.01,1,2,1,2,2,1
"E86041","Acre Surgery",1,36,37,26,34,24,27,0.97,0.76,0.89,13964,5679,810,2802,0.14,0.49,0.01,3,2,1,2,2,1
"E86615","Acrefield Surgery",1,17,17,17,22,13,13,1,0.77,1,13516,2633,362,1232,0.14,0.47,0.01,3,1,1,2,1,1
"E85687","Acton Lane Medical Centre",1,14,14,15,17,5,5,1,0.88,1,24304,5385,245,2759,0.05,0.51,0,1,2,1,1,5,1
"E85617","Acton Town Medical Centre",1,16,16,17,22,5,5,1,0.77,1,20967,3051,271,1301,0.09,0.43,0.01,2,1,1,1,1,1
"E85004","Albany Practice",1,72,72,68,86,38,40,1,0.79,0.95,9865,7350,943,3609,0.13,0.49,0.01,3,2,2,2,2,1
"E84638","Alperton Medical Centre",1,37,38,49,59,11,11,0.97,0.83,1,7237,6258,730,2914,0.12,0.47,0.01,4,2,1,2,1,1
"E85744","Argyle Health-Isleworth Practice",1,50,55,53,65,26,29,0.91,0.82,0.9,14862,9891,855,4829,0.09,0.49,0.01,3,3,1,1,2,1
"E85032","Ashchurch Surgery",0.83,34,46,43,63,19,23,0.74,0.68,0.83,10604,4591,709,2277,0.15,0.5,0.01,3,1,2,2,2,1
"E85719","Ashville Surgery",1,51,51,57,62,22,23,1,0.92,0.96,23023,10798,1027,5506,0.1,0.51,0,2,4,1,1,4,1
"E84658","Aspri Medical Centre",0.69,41,52,32,52,22,24,0.79,0.62,0.92,14841,5256,850,2566,0.16,0.49,0.01,3,1,2,3,2,1
"E84014","Bacon Lane Surgery",1,82,84,79,94,39,44,0.98,0.84,0.89,17568,9871,1618,4803,0.16,0.49,0.01,2,3,2,3,2,1
"Y01011","Barlby Surgery",1,61,62,74,92,17,19,0.98,0.8,0.89,7818,11151,952,5647,0.09,0.51,0.01,4,4,1,1,4,1
"E85716","Bath Road Surgery",1,79,81,120,122,36,39,0.98,0.98,0.92,9076,16029,1399,7366,0.09,0.46,0.01,4,5,1,1,1,1
"E87753","Belgrave Medical Centre",1,60,61,68,75,30,31,0.98,0.91,0.97,10352,11439,1418,5927,0.12,0.52,0.01,3,4,1,2,5,1
"E87005","Belgravia Surgery",1,65,65,58,66,47,51,1,0.88,0.92,24755,8779,1516,4391,0.17,0.5,0.01,1,3,2,3,3,1
"E84069","Belmont Health Centre",0.99,139,141,133,154,69,74,0.99,0.86,0.93,19619,18870,2732,9100,0.14,0.48,0.01,2,5,2,2,1,1
"E85049","Belmont Medical Centre",1,39,39,41,53,21,24,1,0.77,0.88,4538,8622,856,3762,0.1,0.44,0,4,3,1,1,1,1
"E86009","Belmont Medical Centre",1,52,52,56,68,26,29,1,0.82,0.9,15282,9133,1188,4709,0.13,0.52,0.01,3,3,1,2,5,1
"E85058","Blue Wing Family Doctor Unit",1,62,66,76,93,44,50,0.94,0.82,0.88,7904,7354,1200,3600,0.16,0.49,0.01,4,2,2,3,2,1
"E84049","Brampton Health Centre",1,51,52,43,51,19,21,0.98,0.84,0.9,11532,7369,658,3379,0.09,0.46,0.01,3,2,1,1,1,1
"E84031","Brentfield Medical Centre",1,82,82,89,110,33,35,1,0.81,0.94,1646,9545,1099,4723,0.12,0.49,0.01,5,3,2,2,2,1
"E85735","Brentford Family Practice",1,35,35,42,48,18,19,1,0.88,0.95,9865,6645,584,3366,0.09,0.51,0.01,3,2,1,1,4,1
"E85605","Brentford Group Practice",1,79,81,66,86,44,46,0.98,0.77,0.96,9865,8353,1207,4152,0.14,0.5,0.01,3,3,2,2,2,1
"E85715","Broadmead Surgery",1,63,64,57,69,23,26,0.98,0.83,0.88,4452,7939,758,4058,0.1,0.51,0.01,4,3,2,1,4,1
"E87746","Brompton Medical Centre",0.79,13,14,16,20,2,2,0.93,0.8,1,13958,4921,410,2392,0.08,0.49,0,3,1,1,1,2,1
"E85020","Brook Green Medical Centre",1,98,101,110,140,56,65,0.97,0.79,0.86,22430,15810,1738,8118,0.11,0.51,0.01,2,5,1,1,5,1
"E86030","Brunel Medical Centre",1,20,20,20,25,12,12,1,0.8,1,24545,12105,350,4144,0.03,0.34,0,1,4,1,1,1,1
"E85091","Brunswick Surgery",1,15,15,14,15,6,6,1,0.93,1,30920,3356,345,1512,0.1,0.45,0,1,1,1,1,1,1
"Y00206","Burnley Practice",1,39,39,56,71,11,12,1,0.79,0.92,2008,10050,659,4834,0.07,0.48,0,5,3,1,1,1,1
"Y02906","Canberra Old Oak Surgery",0.99,34,34,33,43,11,11,1,0.77,1,7472,9914,591,5162,0.06,0.52,0,4,3,1,1,5,1
"E86618","Carepoint Practice",1,50,50,36,48,28,31,1,0.75,0.9,13964,7367,1125,3685,0.15,0.5,0.01,3,2,1,2,3,1
"E85024","Carlton Surgery",0.9,56,60,50,59,22,22,0.93,0.85,1,11891,5261,758,2610,0.14,0.5,0.01,3,1,3,2,2,1
"E85025","Cassidy Road Medical Centre",0.99,33,33,31,43,17,19,1,0.72,0.89,12449,11897,770,6416,0.06,0.54,0,3,4,1,1,5,1
"E87745","Cavendish Health Centre",0.9,40,42,49,53,25,27,0.95,0.92,0.93,23488,9463,1032,4783,0.11,0.51,0,1,3,1,1,3,1
"E86029","Cedar Brook Practice",0.98,76,76,69,87,36,36,1,0.79,1,14834,10613,1294,5307,0.12,0.5,0.01,3,4,1,2,3,1
"E86014","Cedars Medical Centre",1,36,37,29,38,19,23,0.97,0.76,0.83,21347,7243,750,3708,0.1,0.51,0.01,2,2,1,1,4,1
"E86015","Central Uxbridge Surgery",1,161,165,148,183,65,68,0.98,0.81,0.96,13613,16810,2583,8339,0.15,0.5,0.01,3,5,2,2,2,1
"E84033","Chalkhill Family Practice",1,35,35,49,54,18,18,1,0.91,1,7159,7043,611,3468,0.09,0.49,0,4,2,1,1,2,1
"E85023","Chepstow Gardens Medical Centre",1,33,33,45,57,18,19,1,0.79,0.95,7661,2937,472,1413,0.16,0.48,0.01,4,1,3,2,1,1
"E85059","Chestnut Practice",0.98,45,46,53,66,22,25,0.98,0.8,0.88,7904,8354,1232,3830,0.15,0.46,0.01,4,3,1,2,1,1
"E84674","Chichele Road Surgery",0.53,18,25,24,36,7,7,0.72,0.67,1,3978,5147,583,2124,0.11,0.41,0,5,1,1,1,1,1
"E85130","Chiswick Family Practice",1,36,36,23,23,18,19,1,1,0.95,16693,4499,537,2319,0.12,0.52,0.01,2,1,2,2,5,1
"E85030","Chiswick Health Practice",1,53,54,47,56,30,34,0.98,0.84,0.88,23721,6723,937,3384,0.14,0.5,0.01,1,2,2,2,3,1
"E85693","Chiswick Medical Practice",0.92,126,133,109,141,75,80,0.95,0.77,0.94,21470,21990,2859,11274,0.13,0.51,0.01,2,5,1,2,5,1
"E84013","Church End Medical Centre",1,48,49,59,71,22,24,0.98,0.83,0.92,1995,8475,969,4283,0.11,0.51,0.01,5,3,1,2,3,1
"E84067","Church Lane Surgery",1,43,43,59,71,12,13,1,0.83,0.92,8909,9990,835,4481,0.08,0.45,0,4,3,1,1,1,1
"E86034","Church Road Surgery",1,23,23,17,21,7,7,1,0.81,1,13564,2702,414,1253,0.15,0.46,0.01,3,1,2,2,1,1
"E85071","Clifford House Medical Centre",0.96,16,18,14,18,10,10,0.89,0.78,1,8603,2141,375,1073,0.18,0.5,0.01,4,1,2,3,3,1
"E85696","Clifford Road Surgery",1,23,23,32,36,4,4,1,0.89,1,7605,8278,598,3038,0.07,0.37,0,4,3,1,1,1,1
"E85680","Cloister Road Surgery",1,53,53,44,50,29,30,1,0.88,0.97,7902,10428,780,4706,0.07,0.45,0.01,4,4,1,1,1,1
"E87067","Colville Health Centre",0.79,96,112,79,123,25,35,0.86,0.64,0.71,5302,10752,1736,5300,0.16,0.49,0.01,4,4,2,3,2,1
"E87037","Connaught Square Practice",1,59,59,47,57,32,36,1,0.82,0.89,22098,11365,1324,5324,0.12,0.47,0.01,2,4,1,2,1,1
"E87045","Covent Garden Medical Centre",1,24,29,31,48,11,13,0.83,0.65,0.85,9765,5216,669,2533,0.13,0.49,0.01,3,1,1,2,2,1
"E85052","Cranford Medical Centre",1,53,54,52,59,21,21,0.98,0.88,1,8668,7457,862,3388,0.12,0.45,0.01,4,2,2,2,1,1
"E87070","Crawford Street Surgery",1,13,13,22,24,11,11,1,0.92,1,16285,7265,751,3449,0.1,0.47,0,2,2,1,1,1,1
"E87052","Crompton Medical Centre",1,27,27,30,37,17,17,1,0.81,1,22915,3493,504,1534,0.14,0.44,0.01,2,1,2,2,1,1
"E85114","Crosslands Surgery",0.88,88,90,58,78,29,37,0.98,0.74,0.78,12716,7642,1249,3840,0.16,0.5,0.01,3,2,3,3,3,1
"E85019","Crown Street Surgery",1,80,80,72,89,52,56,1,0.81,0.93,8739,8701,1171,4334,0.13,0.5,0.01,4,3,2,2,2,1
"E85682","Dormers Wells Medical Centre",1,29,32,38,46,7,10,0.91,0.83,0.7,12479,5846,612,2817,0.1,0.48,0.01,3,2,1,1,1,1
"E85048","Dr Canisius & Dr Hasan, Parkview Cfh&W",1,49,50,63,81,7,9,0.98,0.78,0.78,7472,7822,621,4014,0.08,0.51,0.01,4,3,1,1,5,1
"E86629","Dr Mlr Siddiqui's Practice",0.87,20,20,16,21,6,6,1,0.76,1,16221,3755,455,1874,0.12,0.5,0.01,2,1,1,2,3,1
"E85659","Dr Rk Kukar, Parkview Ctr For H&W",0.99,11,11,10,10,3,3,1,1,1,7472,2244,258,1092,0.11,0.49,0,4,1,1,2,2,1
"E85083","Dr Sivanesan & Partner",1,42,42,40,51,15,15,1,0.78,1,7990,6598,667,3187,0.1,0.48,0.01,4,2,1,1,1,1
"E85624","Dr Uppal & Partn, Parkview Ctr For H&W",1,47,49,53,65,16,16,0.96,0.82,1,7472,7111,917,3275,0.13,0.46,0.01,4,2,1,2,1,1
"Y04225","Ealing Community Prt - Care Home Service",0.89,127,152,108,123,125,139,0.84,0.88,0.9,9785,1187,993,656,0.84,0.55,0.13,3,1,5,5,5,NA
"E85657","Ealing Park Health Centre",1,48,49,62,73,24,29,0.98,0.85,0.83,14540,11857,1138,5759,0.1,0.49,0,3,4,1,1,2,1
"E87047","Earls Court Medical Centre",1,32,32,33,37,11,14,1,0.89,0.79,17996,6875,912,3414,0.13,0.5,0,2,2,1,2,2,1
"E87750","Earls Court Surgery",1,20,20,28,30,10,10,1,0.93,1,13958,4367,520,2036,0.12,0.47,0,3,1,1,2,1,1
"E86028","Eastbury Surgery",1,74,74,61,71,64,70,1,0.86,0.91,23833,8382,1713,4331,0.2,0.52,0.01,1,3,2,4,5,1
"E85046","Eastmead Avenue Surgery",1,53,53,54,63,25,26,1,0.86,0.96,12904,6133,834,3034,0.14,0.49,0.01,3,2,2,2,2,1
"E87038","Elgin Clinic",0.9,49,49,49,67,22,25,1,0.73,0.88,4318,4634,726,2304,0.16,0.5,0.01,5,1,2,2,2,1
"E84061","Elliott Hall Medical Ctr.",1,146,149,106,129,87,97,0.98,0.82,0.9,22287,11382,2671,5947,0.23,0.52,0.01,2,4,3,4,5,1
"E84032","Ellis Practice",1,95,96,85,99,39,43,0.99,0.86,0.91,7159,7181,790,3515,0.11,0.49,0.01,4,2,3,1,2,1
"E85088","Elmbank Surgery",1,31,31,30,39,19,20,1,0.77,0.95,6124,6421,743,3140,0.12,0.49,0,4,2,1,2,2,1
"E85112","Elmtrees Surgery",1,30,30,43,49,12,12,1,0.88,1,14543,8657,818,4242,0.09,0.49,0,3,3,1,1,2,1
"E85628","Elthorne Park Surgery",1,59,59,52,69,30,33,1,0.75,0.91,28334,9765,1185,4829,0.12,0.49,0.01,1,3,1,2,2,1
"E87043","Emperor's Gate Surgery",1,32,33,30,32,21,22,0.97,0.94,0.95,28101,6943,714,3565,0.1,0.51,0,1,2,1,1,5,1
"E84009","Enderley Road Medical Centre",1,135,136,123,160,78,88,0.99,0.77,0.89,11047,12174,2253,6058,0.19,0.5,0.01,3,4,3,3,2,1
"Y02342","Featherstone Road Health Centre",1,33,33,48,55,6,6,1,0.87,1,7028,9705,516,4087,0.05,0.42,0,4,3,1,1,1,1
"Y05080","First Choice Medical Care",0.76,15,15,19,20,4,4,1,0.95,1,12383,3067,309,1369,0.1,0.45,0,3,1,1,1,1,1
"E87066","Fitzrovia Medical Centre",1,41,42,43,48,15,16,0.98,0.9,0.94,17800,7763,767,3581,0.1,0.46,0.01,2,3,1,1,1,1
"E84002","Forty Willows Surgery",1,76,76,73,87,38,43,1,0.84,0.88,7371,7483,1156,3775,0.15,0.5,0.01,4,2,2,2,3,1
"E84074","Freuchen Medical Centre",1,64,65,73,87,21,23,0.98,0.84,0.91,576,12493,1119,5919,0.09,0.47,0.01,5,4,1,1,1,1
"E85649","Fulham Cross Medical Centre",0.66,18,22,12,16,8,11,0.82,0.75,0.73,12084,4509,315,2243,0.07,0.5,0,3,1,1,1,2,1
"E85708","Gill Medical Practice",0.83,39,43,49,66,15,20,0.91,0.74,0.75,11891,7937,822,3768,0.1,0.47,0.01,3,3,1,1,1,1
"E84036","Gladstone Medical Centre",1,81,83,70,93,30,34,0.98,0.75,0.88,1482,9504,931,4538,0.1,0.48,0.01,5,3,2,1,1,1
"E85683","Glebe Street Surgery",1,36,37,37,43,17,17,0.97,0.86,1,15324,4049,705,2074,0.17,0.51,0.01,3,1,2,3,4,1
"E86038","Glendale Medical Centre",1,42,43,66,76,17,18,0.98,0.87,0.94,9114,7192,700,3376,0.1,0.47,0.01,4,2,1,1,1,1
"E85712","Goodcare Practice",1,48,48,61,68,11,12,1,0.9,0.92,4452,10788,1008,5278,0.09,0.49,0,4,4,1,1,2,1
"E85026","Gordon House Surgery",1,118,121,80,102,59,65,0.98,0.78,0.91,16624,15385,2017,7575,0.13,0.49,0.01,2,5,2,2,2,1
"E85124","Gp At Hand",0.96,80,81,75,86,9,10,0.99,0.87,0.9,3125,100329,1149,42412,0.01,0.42,0,5,5,1,1,1,1
"E84058","Gp Direct",0.96,171,174,154,186,61,66,0.98,0.83,0.92,25859,26935,2456,13254,0.09,0.49,0.01,1,5,1,1,2,1
"E84066","Gp Pathfinder Clinics",1,67,68,94,108,15,17,0.99,0.87,0.88,7976,89035,1854,37696,0.02,0.42,0,4,5,1,1,1,1
"E85075","Gp Surgery @ Acton Gardens",1,32,32,33,38,16,17,1,0.87,0.94,16693,4649,484,2321,0.1,0.5,0.01,2,1,1,1,3,1
"E87637","Grand Union Health Centre",1,113,116,153,170,51,56,0.97,0.9,0.91,1388,20928,1910,10317,0.09,0.49,0.01,5,5,1,1,2,1
"E85126","Green Practice",0.97,51,52,60,72,26,29,0.98,0.83,0.9,7904,11054,1142,4917,0.1,0.44,0,4,4,1,1,1,1
"E85697","Greenbrook Bedfont",0.79,25,33,45,55,12,14,0.76,0.82,0.86,9717,6268,676,3075,0.11,0.49,0.01,4,2,1,1,2,1
"E85051","Greenford Avenue Fhp",1,42,42,36,45,25,27,1,0.8,0.93,7940,4961,809,2352,0.16,0.47,0.01,4,1,2,3,1,1
"E85050","Greenford Road Med.Ctr.",0.98,63,64,57,68,27,31,0.98,0.84,0.87,11100,7853,1039,3740,0.13,0.48,0.01,3,3,2,2,1,1
"E85034","Grosvenor House Surgery",1,53,54,48,56,37,38,0.98,0.86,0.97,8900,5483,892,2578,0.16,0.47,0.01,4,2,2,3,1,1
"E87756","Ground Floor Lanark Medical Centre",1,13,14,16,18,4,4,0.93,0.89,1,11727,3688,451,1455,0.12,0.39,0,3,1,1,2,1,1
"E85746","Grove Park Terrace Surgery",1,15,15,16,21,6,6,1,0.76,1,13670,3978,380,1998,0.1,0.5,0,3,1,1,1,3,1
"E85699","Grove Village Medical Centre",0.83,82,85,81,116,35,43,0.96,0.7,0.81,6660,6651,941,3290,0.14,0.49,0.01,4,2,3,2,2,1
"E85121","Guru Nanak Medical Centre",1,83,84,110,140,33,37,0.99,0.79,0.89,6265,14602,1487,6089,0.1,0.42,0.01,4,5,1,1,1,1
"Y02842","Half Penny Steps Health Centre",1,38,38,47,57,9,9,1,0.82,1,3738,8534,567,4320,0.07,0.51,0,5,3,1,1,4,1
"Y02589","Hammersmith & Fulham Centres For Health",1,31,31,46,54,12,13,1,0.85,0.92,7376,10458,483,5183,0.05,0.5,0,4,4,1,1,2,1
"E85033","Hammersmith Surgery",1,84,84,74,83,47,49,1,0.89,0.96,10715,11630,1321,5774,0.11,0.5,0.01,3,4,2,1,2,1
"E85090","Hammond Road Surgery",1,33,33,41,46,21,21,1,0.89,1,4292,5581,614,2274,0.11,0.41,0.01,5,2,1,1,1,1
"E85041","Hanwell Health Centre (Naish)",0.98,21,21,38,47,12,12,1,0.81,1,7465,6333,775,3050,0.12,0.48,0,4,2,1,2,1,1
"E86007","Harefield Practice",1,103,105,96,116,55,63,0.98,0.83,0.87,19419,8982,1820,4526,0.2,0.5,0.01,2,3,3,4,3,1
"E84053","Hatch End Medical Centre",1,24,24,25,32,14,16,1,0.78,0.88,30368,3331,904,1641,0.27,0.49,0.01,1,1,2,5,2,1
"E85718","Hatton Medical Practice",1,25,25,36,42,14,14,1,0.86,1,12448,4998,567,2239,0.11,0.45,0.01,3,1,1,1,1,1
"E86017","Hayes Medical Centre",1,72,74,71,92,23,25,0.97,0.77,0.92,9077,20531,1396,9036,0.07,0.44,0,4,5,1,1,1,1
"E84676","Headstone Lane Medical Centre",1,23,23,34,37,8,8,1,0.92,1,21550,3885,428,1858,0.11,0.48,0.01,2,1,1,1,1,1
"E84680","Headstone Road Surgery",1,37,37,31,39,16,17,1,0.79,0.94,12911,5505,432,2740,0.08,0.5,0.01,3,2,1,1,2,1
"Y03441","Health And Wellbeing Centre, Earls Court",1,29,29,28,31,7,8,1,0.9,0.88,13121,9525,443,4761,0.05,0.5,0,3,3,1,1,3,1
"E87004","Health Partners At Violet Melchett",0.99,82,83,72,92,47,54,0.99,0.78,0.87,9086,10555,1764,5292,0.17,0.5,0.01,4,4,2,3,3,1
"E86637","Heathrow Medical Centre",1,46,47,66,79,15,16,0.98,0.84,0.94,9114,6655,752,2902,0.11,0.44,0.01,4,2,1,1,1,1
"Y00352","Hesa Medical Centre - Y00352",1,81,83,133,162,23,25,0.98,0.82,0.92,10660,23519,1336,10988,0.06,0.47,0,3,5,1,1,1,1
"E85028","Hillcrest Surgery",1,53,53,45,55,27,32,1,0.82,0.84,6282,9151,1134,4404,0.12,0.48,0.01,4,3,1,2,1,1
"E86036","Hillingdon Health Centre",1,64,64,67,85,46,52,1,0.79,0.88,21051,8805,1559,4479,0.18,0.51,0.01,2,3,2,3,4,1
"E84637","Hilltop Medical Practice",1,12,12,30,35,2,2,1,0.86,1,2365,5015,305,2387,0.06,0.48,0,5,1,1,1,1,1
"E85054","Hillview Surgery",0.98,72,74,65,80,34,38,0.97,0.81,0.89,14938,11378,1529,5388,0.13,0.47,0.01,3,4,1,2,1,1
"E85062","Hiyos",0.95,44,44,47,63,27,28,1,0.75,0.96,7727,13811,600,6023,0.04,0.44,0,4,4,1,1,1,1
"E85739","Hmc Health Heston Great West",0.86,45,52,52,76,17,21,0.87,0.68,0.81,12502,10418,1156,4984,0.11,0.48,0,3,4,1,1,1,1
"E87016","Holland Park Surgery",1,108,110,75,97,72,78,0.98,0.77,0.92,28187,12984,2059,6988,0.16,0.54,0.01,1,4,2,2,5,1
"E85658","Holly Road Medical Centre",0.98,41,42,29,35,26,29,0.98,0.83,0.9,19207,4260,735,1998,0.17,0.47,0.01,2,1,2,3,1,1
"E84039","Honeypot Medical Centre",1,125,126,123,149,72,77,0.99,0.83,0.94,14689,18244,2453,8367,0.13,0.46,0.01,3,5,1,2,1,1
"E85713","Hounslow Family Practice",1,35,35,39,43,21,23,1,0.91,0.91,10325,6444,666,2962,0.1,0.46,0.01,3,2,1,1,1,1
"E85015","Hounslow Medical Centre",0.99,73,75,63,90,28,33,0.97,0.7,0.85,9076,9643,1426,4605,0.15,0.48,0.01,4,3,2,2,1,1
"E87677","Imperial College Health Centre",1,17,17,13,13,16,18,1,1,0.89,24418,20084,293,7077,0.01,0.35,0,1,5,1,1,1,1
"E85098","Islip Manor Medical Centre",1,17,19,37,43,5,5,0.89,0.86,1,7494,6481,525,3215,0.08,0.5,0,4,2,1,1,2,1
"E84020","Jai Medical Centre (Brent)",1,42,43,63,72,25,26,0.98,0.88,0.96,13304,6464,1053,3087,0.16,0.48,0.01,3,2,1,3,1,1
"E85681","Jersey Practice",1,53,54,69,80,22,25,0.98,0.86,0.88,12502,9469,1009,4516,0.11,0.48,0.01,3,3,1,1,1,1
"E85745","Jubilee Gardens Medical Centre",1,51,52,58,63,14,16,0.98,0.92,0.88,7990,7960,926,3589,0.12,0.45,0.01,4,3,1,2,1,1
"E87720","Kensington Park Medical Centre",1,42,43,56,62,18,19,0.98,0.9,0.95,11161,9164,808,4611,0.09,0.5,0,3,3,1,1,3,1
"E84663","Kenton Bridge Medical Centre - Dr Raja",1,68,69,73,79,33,34,0.99,0.92,0.97,21873,7902,940,4020,0.12,0.51,0.01,2,3,2,2,4,1
"E84601","Kenton Bridge Medical Centre Dr Golden",1,65,66,51,64,24,26,0.98,0.8,0.92,21873,8131,987,3919,0.12,0.48,0.01,2,3,2,2,1,1
"E84647","Kenton Clinic",1,27,28,32,36,14,15,0.96,0.89,0.93,18003,4622,665,2232,0.14,0.48,0.01,2,1,1,2,1,1
"E84042","Kilburn Park Medical Centre",0.92,50,50,65,85,22,24,1,0.76,0.92,7611,6817,809,3105,0.12,0.46,0.01,4,2,2,2,1,1
"E86625","Kincora Doctors Surgery",0.77,17,23,21,25,10,11,0.74,0.84,0.91,7006,2884,378,1363,0.13,0.47,0.01,4,1,2,2,1,1
"E86024","King Edwards Medical Centre",0.99,53,55,49,54,30,32,0.96,0.91,0.94,24934,4383,1013,2143,0.23,0.49,0.01,1,1,3,4,2,1
"E85060","Kingfisher Practice",1,64,65,56,69,33,36,0.98,0.81,0.92,18054,6414,876,3093,0.14,0.48,0.01,2,2,2,2,1,1
"E87768","Kings College Health Centre",0.82,3,3,5,6,1,1,1,0.83,1,13237,22411,26,12196,0,0.54,0,3,5,1,1,5,1
"E84699","Kings Edge Medical Centre",0.93,15,15,24,26,9,10,1,0.92,0.9,16483,4028,602,1856,0.15,0.46,0,2,1,1,2,1,1
"E87063","Kings Road Medical Centre",1,43,43,59,64,18,19,1,0.92,0.95,3909,15643,1097,8313,0.07,0.53,0,5,5,1,1,5,1
"E84005","Kings Road Surgery",1,56,57,40,51,27,30,0.98,0.78,0.9,20187,7580,1207,3649,0.16,0.48,0.01,2,2,2,2,1,1
"E84078","Kingsbury Health And Wellbeing",1,42,42,50,51,21,21,1,0.98,1,9936,4961,894,2358,0.18,0.48,0.01,3,1,2,3,1,1
"E87738","Knightsbridge Medical Centre",0.9,104,122,88,105,66,74,0.85,0.84,0.89,22835,15258,2606,7677,0.17,0.5,0.01,2,5,2,3,3,1
"E85012","Ks Medical Centre",1,65,70,37,60,36,42,0.93,0.62,0.86,4484,5328,986,2589,0.19,0.49,0.01,4,2,3,3,2,1
"E85103","Lady Margaret Road Medical Centre",1,32,32,26,26,17,18,1,1,0.94,4702,3220,648,1446,0.2,0.45,0.01,4,1,2,3,1,1
"E86605","Ladygate Lane Medical Practice",1,22,22,19,24,13,14,1,0.79,0.93,28764,2614,532,1293,0.2,0.49,0.01,1,1,2,4,2,1
"E87722","Lancaster Gate Medical Centre",1,25,25,19,25,9,9,1,0.76,1,18171,6876,480,3226,0.07,0.47,0,2,2,1,1,1,1
"E84063","Lancelot Medical Centre",1,42,43,33,41,12,13,0.98,0.8,0.92,7262,8687,525,3176,0.06,0.37,0,4,3,1,1,1,1
"E84083","Lanfranc Medical Centre",0.97,62,62,49,65,35,35,1,0.75,1,15197,5983,1047,2856,0.17,0.48,0.01,3,2,2,3,1,1
"E87011","Lisson Grove Health Centre",0.91,60,63,75,98,35,37,0.95,0.77,0.95,1874,8030,1053,3913,0.13,0.49,0.01,5,3,2,2,2,1
"E85736","Little Park Surgery",1,45,46,58,68,13,15,0.98,0.85,0.87,12772,7383,811,3967,0.11,0.54,0.01,3,2,1,1,5,1
"E87006","Little Venice Medical Centre",0.94,36,37,29,35,14,16,0.97,0.83,0.88,22915,4536,603,2171,0.13,0.48,0.01,2,1,2,2,1,1
"E87010","Maida Vale Medical Centre",0.79,40,43,39,45,24,25,0.93,0.87,0.96,28257,5838,746,2670,0.13,0.46,0.01,1,2,2,2,1,1
"E85108","Mandeville Medical Centre",1,38,39,41,51,19,21,0.97,0.8,0.9,7494,4912,661,2359,0.13,0.48,0.01,4,1,2,2,1,1
"E84012","Mapesbury Medical Group",1,56,56,68,80,23,26,1,0.85,0.88,8576,8267,1267,3991,0.15,0.48,0.01,4,3,1,2,1,1
"E87737","Marylebone Health Centre",0.81,62,67,48,61,35,36,0.93,0.79,0.97,23488,9775,1137,4789,0.12,0.49,0.01,1,3,1,2,2,1
"E85726","Mattock Lane Health Centre",1,21,21,19,20,13,13,1,0.95,1,16624,3231,462,1581,0.14,0.49,0.01,2,1,1,2,2,1
"E87648","Mayfair Medical Centre",0.83,18,19,14,24,13,15,0.95,0.58,0.87,19310,4096,604,1936,0.15,0.47,0,2,1,1,2,1,1
"E85643","Meadow View",1,41,41,41,56,13,13,1,0.73,1,6280,6701,611,3110,0.09,0.46,0.01,4,2,1,1,1,1
"E87026","Meanwhile Garden Medical Centre",1,19,19,26,26,11,11,1,1,1,3379,2321,428,1059,0.18,0.46,0.01,5,1,2,3,1,1
"E85096","Medical Centre",1,35,36,42,50,19,20,0.97,0.84,0.95,7457,6074,668,2456,0.11,0.4,0.01,4,2,1,1,1,1
"E87739","Millbank Medical Centre",1,52,52,53,60,29,30,1,0.88,0.97,13343,9732,944,4924,0.1,0.51,0.01,3,3,1,1,4,1
"E84075","Mollison Way Surgery",1,31,31,38,51,9,10,1,0.75,0.9,11131,11995,840,5439,0.07,0.45,0,3,4,1,1,1,1
"E85035","Mount Medical Centre",1,36,37,68,75,11,11,0.97,0.91,1,10645,7232,768,3290,0.11,0.45,0.01,3,2,1,1,1,1
"E86001","Mountwood Surgery",1,126,127,87,109,70,78,0.99,0.8,0.9,17863,11148,2751,5789,0.25,0.52,0.01,2,4,3,5,5,1
"E84665","Neasden Medical Centre",1,66,68,80,95,27,29,0.97,0.84,0.93,1482,9287,1165,4139,0.13,0.45,0.01,5,3,2,2,1,1
"E87681","Newton Medical Centre",1,81,81,70,84,48,52,1,0.83,0.92,21325,14998,1503,7340,0.1,0.49,0.01,2,5,1,1,2,1
"E85003","North End Medical Centre",1,103,104,99,130,36,40,0.99,0.76,0.9,6441,18952,1772,9282,0.09,0.49,0.01,4,5,1,1,2,1
"E85008","North Fulham Surgery",1,82,83,55,71,42,47,0.99,0.77,0.89,4836,6571,1090,3354,0.17,0.51,0.01,4,2,3,3,4,1
"E86609","North Hyde Road Surgery",1,31,31,36,42,15,16,1,0.86,0.94,13321,9921,512,4214,0.05,0.42,0,3,3,1,1,1,1
"E87003","North Kensington Medical Centre",1,33,34,26,34,18,20,0.97,0.76,0.9,19693,5030,733,2506,0.15,0.5,0.01,2,1,1,2,2,1
"E85014","Northfields Surgery",1,63,71,57,66,30,39,0.89,0.86,0.77,21278,8468,1369,4120,0.16,0.49,0.01,2,3,2,3,2,1
"E85069","Oldfield Family Practice",1,31,31,31,39,14,16,1,0.79,0.88,10981,5530,643,2717,0.12,0.49,0.01,3,2,1,2,2,1
"E86027","Otterfield Medical Centre",1,58,58,74,80,39,41,1,0.92,0.95,8500,7166,1018,3577,0.14,0.5,0.01,4,2,2,2,3,1
"E86011","Oxford Drive Medical Centre",1,70,70,52,62,54,55,1,0.84,0.98,24901,6159,1016,3154,0.16,0.51,0.01,1,2,3,3,4,1
"E84076","Oxgate Gardens Surgery",0.9,37,47,41,57,23,26,0.79,0.72,0.88,6927,6597,972,3257,0.15,0.49,0.01,4,2,1,2,2,1
"E87008","Paddington Green Health Centre",1,79,81,70,82,41,44,0.98,0.85,0.93,3233,11395,1173,5564,0.1,0.49,0.01,5,4,1,1,2,1
"E85636","Park Medical Centre",1,105,108,97,118,62,69,0.97,0.82,0.9,10604,14328,1375,7689,0.1,0.54,0.01,3,5,2,1,5,1
"E84645","Park Royal Medical Practice",0.9,44,52,67,82,24,30,0.85,0.82,0.8,6199,8791,792,4247,0.09,0.48,0.01,4,3,1,1,1,1
"E86026","Parkview Surgery",0.97,57,58,66,81,27,29,0.98,0.81,0.93,9700,8337,1012,4065,0.12,0.49,0.01,4,3,1,2,2,1
"E84701","Pearl Medical Practice",0.91,25,29,33,35,8,9,0.86,0.94,0.89,8714,5151,492,2468,0.1,0.48,0.01,4,1,1,1,1,1
"E85115","Pentelow Practice",0.75,30,34,20,31,18,18,0.88,0.65,1,7551,4003,571,1931,0.14,0.48,0.01,4,1,2,2,1,1
"E85111","Perivale Medical Clinic",1,30,30,29,31,13,14,1,0.94,0.93,9303,5405,615,2498,0.11,0.46,0.01,4,2,1,1,1,1
"E87034","Pimlico Health At The Marven Surgery",1,93,95,95,116,42,45,0.98,0.82,0.93,16599,14578,1953,7287,0.13,0.5,0.01,2,5,1,2,3,1
"E84070","Pinner View Medical Centre",1,45,45,35,46,25,27,1,0.76,0.93,21293,5657,860,2784,0.15,0.49,0.01,2,2,2,2,2,1
"E87029","Portland Road Practice",1,83,83,66,78,47,51,1,0.85,0.92,24068,9085,1333,4786,0.15,0.53,0.01,1,3,2,2,5,1
"Y00200","Portobello Medical Centre",1,19,19,27,31,10,11,1,0.87,0.91,5302,4452,384,2358,0.09,0.53,0,4,1,1,1,5,1
"E84003","Premier Medical Centre",1,62,63,69,85,28,30,0.98,0.81,0.93,8714,14812,1202,7313,0.08,0.49,0,4,5,1,1,2,1
"E84030","Preston Hill Surgery",1,30,30,35,39,12,12,1,0.9,1,18003,4517,575,2129,0.13,0.47,0.01,2,1,1,2,1,1
"E84678","Preston Medical Centre",1,25,25,30,37,17,17,1,0.81,1,13923,4698,717,2189,0.15,0.47,0.01,3,1,1,2,1,1
"E84620","Preston Road Surgery",1,23,23,31,41,6,6,1,0.76,1,13923,6503,695,3016,0.11,0.46,0,3,2,1,1,1,1
"E87755","Queens Park Health Centre",0.99,14,16,16,22,8,9,0.88,0.73,0.89,4945,3194,328,1548,0.1,0.48,0.01,4,1,1,1,1,1
"E85734","Queens Park Medical Practice",0.78,23,27,35,46,13,13,0.85,0.76,1,15171,6113,644,2974,0.11,0.49,0,3,2,1,1,2,1
"E86626","Queens Walk Medical Centre",1,48,49,56,68,19,22,0.98,0.82,0.86,29854,6067,936,2996,0.15,0.49,0.01,1,2,2,2,2,1
"E85057","Queens Walk Practice",1,100,101,84,100,72,74,0.99,0.84,0.97,22026,10505,2055,5342,0.2,0.51,0.01,2,4,2,3,4,1
"E85113","Redwood Practice",1,79,80,70,79,22,25,0.99,0.89,0.88,18054,7140,1038,3479,0.15,0.49,0.01,2,2,3,2,2,1
"E85016","Richford Gate Medical Centre",1,116,117,93,111,70,73,0.99,0.84,0.96,14526,11566,1418,5969,0.12,0.52,0.01,3,4,2,2,5,1
"E87048","Rosary Garden Surgery",1,22,22,19,20,16,17,1,0.95,0.94,24798,3573,531,1683,0.15,0.47,0.01,1,1,1,2,1,1
"E84656","Roundwood Park Medical Centre",1,29,29,39,48,14,15,1,0.81,0.93,2008,6030,637,3086,0.11,0.51,0,5,2,1,1,4,1
"E84022","Roxbourne Medical Centre",1,79,79,72,86,35,39,1,0.84,0.9,10474,7260,1087,3546,0.15,0.49,0.01,3,2,3,2,2,1
"E87711","Royal Hospital Chelsea",1,28,28,12,12,37,38,1,1,0.97,22030,282,278,17,0.99,0.06,0.1,2,1,5,5,1,1
"E85128","Sands End Health Clinic",1,78,78,82,101,51,55,1,0.81,0.93,14875,12532,1380,6566,0.11,0.52,0.01,3,4,1,1,5,1
"E87715","Scarsdale Medical Centre",1,43,43,33,38,30,33,1,0.87,0.91,26445,7730,980,3850,0.13,0.5,0.01,1,3,1,2,2,1
"E86612","Shakespeare Health Centre",1,23,23,32,36,14,14,1,0.89,1,12652,5713,448,2706,0.08,0.47,0,3,2,1,1,1,1
"E85077","Shepherds Bush Medical Centre",1,21,21,27,32,13,14,1,0.84,0.93,11501,3580,429,1597,0.12,0.45,0.01,3,1,1,2,1,1
"E87021","Shirland Medical",1,61,61,60,63,33,37,1,0.95,0.89,6503,5008,930,2618,0.19,0.52,0.01,4,1,3,3,5,1
"E84008","Simpson House Medical Centre",1,108,109,113,130,46,51,0.99,0.87,0.9,9490,10384,2007,5186,0.19,0.5,0.01,4,4,2,3,3,1
"E85707","Skyways Medical Centre",1,56,56,62,78,21,23,1,0.79,0.91,12210,7086,911,3154,0.13,0.45,0.01,3,2,2,2,1,1
"Y01090","Sms Medical Practice",0.55,17,20,25,33,6,11,0.85,0.76,0.55,8714,8432,579,3852,0.07,0.46,0,4,3,1,1,1,1
"E87069","Soho Centre For Health And Care",0.95,4,4,8,12,4,4,1,0.67,1,11944,2949,309,1175,0.1,0.4,0,3,1,1,1,1,1
"E87714","Soho Square General Practice",0.95,16,16,24,30,4,4,1,0.8,1,11944,6200,434,2634,0.07,0.42,0,3,2,1,1,1,1
"Y01221","Somerset Fhp O",1,19,19,20,21,8,8,1,0.95,1,11583,3358,500,1526,0.15,0.45,0.01,3,1,1,2,1,1
"E85623","Somerset Medical Centre",1,16,16,14,16,4,4,1,0.88,1,4452,2929,275,1259,0.09,0.43,0.01,4,1,1,1,1,1
"E86640","Southcote Clinic",1,44,45,49,58,30,33,0.98,0.84,0.91,28764,5715,928,2998,0.16,0.52,0.01,1,2,2,3,5,1
"E85750","Spring Grove Medical Practice",0.93,45,46,50,63,26,34,0.98,0.79,0.76,10241,7543,970,3621,0.13,0.48,0.01,3,2,1,2,1,1
"E87751","Srikrishnamurthy Harrow Road Surgery",1,27,27,34,37,3,3,1,0.92,1,2920,2089,310,1047,0.15,0.5,0.01,5,1,3,2,3,1
"E84011","St Andrews Medical Centre",1,28,28,22,27,8,9,1,0.81,0.89,799,1690,318,704,0.19,0.42,0.02,5,1,4,3,1,1
"E85056","St Davids Practice",0.98,54,64,55,64,22,26,0.84,0.86,0.85,15171,7604,943,3827,0.12,0.5,0.01,3,2,2,2,3,1
"E87609","St Johns Wood Medical Practice",1,142,143,95,109,96,104,0.99,0.87,0.92,28323,22226,2868,11662,0.13,0.52,0.01,1,5,1,2,5,1
"E86033","St Martins Medical Centre",1,43,44,30,38,34,36,0.98,0.79,0.94,31550,6312,1207,3151,0.19,0.5,0.01,1,2,1,3,3,1
"E84704","St. Georges Medical Centre",1,30,30,27,28,15,16,1,0.96,0.94,1482,2458,366,1234,0.15,0.5,0.01,5,1,3,2,3,1
"E85743","St. Georges Medical Ctr.",1,17,17,26,27,4,4,1,0.96,1,8896,3132,331,1426,0.11,0.46,0.01,4,1,1,1,1,1
"E85007","St. Margarets Practice",0.94,110,113,99,121,55,59,0.97,0.82,0.93,30939,12859,1981,6360,0.15,0.49,0.01,1,4,2,2,2,1
"E84693","St. Peter's Medical Centre",1,56,57,58,66,24,25,0.98,0.88,0.96,17886,9842,989,5009,0.1,0.51,0.01,2,3,1,1,4,1
"Y00507","St. Quintin Health Centre",1,21,21,15,16,12,13,1,0.94,0.92,19693,3531,374,1891,0.11,0.54,0.01,2,1,1,1,5,1
"E87013","Stanhope Mews Surgery",0.88,104,126,83,101,73,82,0.83,0.82,0.89,22401,16333,2331,8458,0.14,0.52,0.01,2,5,2,2,5,1
"E84051","Stanley Corner Medical Centre",1,46,47,55,62,19,21,0.98,0.89,0.9,7237,6422,795,3104,0.12,0.48,0.01,4,2,2,2,1,1
"E84080","Staverton Surgery",0.88,55,56,43,55,39,44,0.98,0.78,0.89,14355,8519,1193,4305,0.14,0.51,0.01,3,3,1,2,3,1
"E85125","Sterndale Surgery",0.98,29,29,28,38,12,12,1,0.74,1,18838,5584,558,2886,0.1,0.52,0.01,2,2,1,1,5,1
"E84018","Streatfield Health Centre",0.94,66,71,58,78,42,44,0.93,0.74,0.95,19306,7843,1651,3992,0.21,0.51,0.01,2,3,2,4,4,1
"E84017","Sudbury & Alperton Medical Centre",1,57,63,53,63,30,30,0.9,0.84,1,10784,7819,1303,3757,0.17,0.48,0.01,3,3,2,3,1,1
"E84685","Sudbury Surgery",0.98,69,71,61,77,29,42,0.97,0.79,0.69,8425,7924,1296,3874,0.16,0.49,0.01,4,3,2,3,2,1
"E85656","Sunrise Medical Centre",1,36,36,43,50,14,14,1,0.86,1,6265,5413,522,2357,0.1,0.44,0.01,4,2,1,1,1,1
"E86022","The Abbotsbury Practice",0.86,72,72,56,77,62,73,1,0.73,0.85,24980,5928,1394,3010,0.24,0.51,0.01,1,2,3,4,4,1
"E87701","The Abingdon Health Centre",1,50,53,42,54,39,46,0.94,0.78,0.85,26149,8786,1661,4428,0.19,0.5,0.01,1,3,1,3,3,1
"E85109","The Acton Health Centre",1,23,26,20,32,15,19,0.88,0.62,0.79,2509,4270,355,1981,0.08,0.46,0.01,5,1,1,1,1,1
"E84059","The Allendale Road Surgery",1,49,49,33,44,29,33,1,0.75,0.88,20333,4788,719,2261,0.15,0.47,0.01,2,1,2,2,1,1
"E85120","The Argyle Surgery",1,75,75,73,80,29,31,1,0.91,0.94,26769,7790,1199,3880,0.15,0.5,0.01,1,3,2,2,2,1
"E85099","The Avenue Surgery",1,25,25,21,25,13,13,1,0.84,1,26769,6592,492,3404,0.07,0.52,0,1,2,1,1,5,1
"E85127","The Barnabas Medical Ctre",1,61,61,63,73,26,27,1,0.86,0.96,15126,8654,1174,4214,0.14,0.49,0.01,3,3,1,2,2,1
"E85066","The Bedford Park Surgery",0.91,19,24,21,29,9,10,0.79,0.72,0.9,23895,4083,613,2060,0.15,0.5,0.01,1,1,1,2,3,1
"E85694","The Boileau Road Surgery",1,30,30,40,40,14,14,1,1,1,21244,5340,655,2504,0.12,0.47,0.01,2,2,1,2,1,1
"E85055","The Bush Doctors",1,86,88,83,106,35,39,0.98,0.78,0.9,5063,11224,1310,5155,0.12,0.46,0.01,4,4,2,2,1,1
"E87665","The Chelsea Practice",1,42,43,34,41,34,36,0.98,0.83,0.94,9086,6536,1194,3519,0.18,0.54,0.01,4,2,1,3,5,1
"E85640","The Churchfield Road Surgery",1,19,19,21,23,5,5,1,0.91,1,5515,3457,349,1557,0.1,0.45,0.01,4,1,1,1,1,1
"E84004","The Circle Practice",0.87,71,80,59,82,39,47,0.89,0.72,0.83,19619,7759,1572,3956,0.2,0.51,0.01,2,3,2,4,4,1
"E84617","The Civic Medical Centre",1,27,27,35,41,13,13,1,0.85,1,15718,7215,537,3321,0.07,0.46,0,3,2,1,1,1,1
"E85123","The Corfton Road Surgery",1,32,32,40,52,18,19,1,0.77,0.95,22993,9357,859,4591,0.09,0.49,0,2,3,1,1,2,1
"E85116","The Cuckoo Lane Practice",1,51,51,33,39,24,25,1,0.85,0.96,7465,5883,755,3053,0.13,0.52,0.01,4,2,2,2,5,1
"E86006","The Devonshire Lodge Practice",1,113,115,67,89,71,72,0.98,0.75,0.99,24980,8369,1779,4350,0.21,0.52,0.01,1,3,4,4,5,1
"E87740","The Dr Hickey Surgery For The Homeless",1,12,12,12,15,0,1,1,0.8,0,21213,2322,150,409,0.06,0.18,0.01,2,1,1,1,1,1
"E87733","The Exmoor Surgery",1,42,43,41,50,19,22,0.98,0.82,0.86,7818,4954,689,2463,0.14,0.5,0.01,4,1,2,2,2,1
"E85122","The Florence Road Surgery",1,95,106,88,119,39,46,0.9,0.74,0.85,19341,14261,1686,6890,0.12,0.48,0.01,2,5,2,2,1,1
"E87706","The Foreland Medical Centre",1,39,39,47,54,13,14,1,0.87,0.93,6185,4340,644,2013,0.15,0.46,0.01,4,1,2,2,1,1
"E84048","The Fryent Way Surgery",0.99,83,83,64,83,61,63,1,0.77,0.97,14300,7612,1371,3560,0.18,0.47,0.01,3,2,3,3,1,1
"E85118","The Fulham Medical Centre",1,83,85,69,80,36,40,0.98,0.86,0.9,6373,6826,919,3428,0.13,0.5,0.01,4,2,3,2,3,1
"E87009","The Garway Medical Practice",1,41,42,31,35,21,21,0.98,0.89,1,5121,3892,681,1793,0.17,0.46,0.01,4,1,3,3,1,1
"E87024","The Golborne Medical Centre",1,39,40,38,44,22,22,0.98,0.86,1,3581,5575,820,2609,0.15,0.47,0.01,5,2,2,2,1,1
"E87742","The Golborne Medical Centre",1,24,26,27,34,8,9,0.92,0.79,0.89,3581,3061,398,1474,0.13,0.48,0.01,5,1,2,2,1,1
"E87762","The Good Practice",0.79,51,69,56,71,39,43,0.74,0.79,0.91,3548,8729,1215,4564,0.14,0.52,0.01,5,3,2,2,5,1
"E85725","The Grove Medical Practice",1,41,41,58,71,13,14,1,0.82,0.93,6280,7530,898,3593,0.12,0.48,0.01,4,2,1,2,1,1
"E86042","The High Street Practice",1,53,54,54,61,13,13,0.98,0.89,1,8277,7919,693,3756,0.09,0.47,0.01,4,3,1,1,1,1
"E85677","The Horn Lane Surgery",1,27,27,24,31,7,7,1,0.77,1,9986,7943,502,3650,0.06,0.46,0,3,3,1,1,1,1
"E84006","The Law Medical Group Practice",0.92,177,180,158,220,98,116,0.98,0.72,0.84,18923,16956,2746,8398,0.16,0.5,0.01,2,5,2,3,2,1
"E85685","The Lilyville Surgery",1,108,109,74,92,64,71,0.99,0.8,0.9,22395,11974,1484,6398,0.12,0.53,0.01,2,4,2,2,5,1
"E84025","The Lonsdale Medical Centre",0.64,144,148,101,149,56,70,0.97,0.68,0.8,16391,19276,2332,10031,0.12,0.52,0.01,2,5,2,2,5,1
"E85129","The Mansell Road Practice",1,44,44,42,53,30,32,1,0.79,0.94,14765,5955,961,2870,0.16,0.48,0.01,3,2,2,2,1,1
"E85053","The Medical Centre",1,31,31,24,32,9,9,1,0.75,1,8080,3379,515,1696,0.15,0.5,0.01,4,1,2,2,3,1
"E86004","The Medical Centre",1,52,52,69,83,30,34,1,0.83,0.88,5670,11115,1339,5337,0.12,0.48,0,4,4,1,2,1,1
"E85029","The Medical Centre, Dr Jefferies & Partn",1,87,87,88,112,40,45,1,0.79,0.89,12501,14573,1401,7104,0.1,0.49,0.01,3,5,1,1,2,1
"E85748","The Medical Centre, Dr Kukar",1,22,22,30,32,7,7,1,0.94,1,10991,6092,410,2564,0.07,0.42,0,3,2,1,1,1,1
"E85107","The Mill Hill Surgery",1,54,54,63,75,21,22,1,0.84,0.95,2509,7627,858,3941,0.11,0.52,0.01,5,2,1,1,5,1
"E85119","The Mwh Practice",1,81,81,83,99,32,33,1,0.84,0.97,3336,13800,1280,6473,0.09,0.47,0.01,5,4,1,1,1,1
"E85042","The New Surgery",1,40,40,40,47,24,28,1,0.85,0.86,7374,7420,670,3777,0.09,0.51,0.01,4,2,1,1,4,1
"E84044","The Northwick Surgery",1,84,86,65,81,48,50,0.98,0.8,0.96,19572,11337,1585,5561,0.14,0.49,0.01,2,4,2,2,2,1
"E87065","The Notting Hill Medical Centre",1,33,33,44,47,27,30,1,0.94,0.9,5302,3729,502,1967,0.13,0.53,0.01,4,1,2,2,5,1
"E86005","The Oakland Medical Centre",1,50,50,55,65,31,34,1,0.85,0.91,28973,7031,1269,3580,0.18,0.51,0.01,1,2,1,3,4,1
"E87061","The Pembridge Villas Surgery",0.97,61,62,48,58,41,50,0.98,0.83,0.82,23226,14085,1556,7096,0.11,0.5,0,2,5,1,1,3,1
"E86016","The Pine Medical Centre",1,41,41,43,48,29,31,1,0.9,0.94,14834,6367,801,3032,0.13,0.48,0.01,3,2,1,2,1,1
"E84024","The Pinn Medical Centre",1,201,207,177,215,127,144,0.97,0.82,0.88,26207,20824,4208,10730,0.2,0.52,0.01,1,5,2,4,5,1
"E84040","The Pinner Road Surgery",1,35,35,25,30,19,20,1,0.83,0.95,16123,4584,606,2096,0.13,0.46,0.01,2,1,2,2,1,1
"Y02672","The Practice Feltham",0.84,19,21,31,49,6,8,0.9,0.63,0.75,15171,13468,748,6530,0.06,0.48,0,3,4,1,1,1,1
"Y02671","The Practice Heart Of Hounslow",0.7,42,52,69,96,7,10,0.81,0.72,0.7,7904,18421,1079,8466,0.06,0.46,0,4,5,1,1,1,1
"E87046","The Randolph Surgery",1,50,50,51,67,19,22,1,0.76,0.86,11727,13157,1103,6945,0.08,0.53,0,3,4,1,1,5,1
"E84068","The Ridgeway Surgery",1,187,188,108,135,100,111,0.99,0.8,0.9,26999,15040,2645,7466,0.18,0.5,0.01,1,5,3,3,2,1
"E85663","The Saluja Clinic",1,32,32,58,76,6,12,1,0.76,0.5,4317,10548,901,4157,0.09,0.39,0,5,4,1,1,1,1
"E84062","The Shaftesbury Medical Centre",1,45,46,48,57,26,27,0.98,0.84,0.96,18144,5556,615,2731,0.11,0.49,0.01,2,2,2,1,2,1
"E85633","The Southall Medical Ctr.",1,25,25,45,51,13,13,1,0.88,1,7136,9737,809,4112,0.08,0.42,0,4,3,1,1,1,1
"E84057","The Stanmore Medical Centre",1,115,115,75,89,89,95,1,0.84,0.94,23491,12807,2334,6471,0.18,0.51,0.01,1,4,2,3,3,1
"E84028","The Stonebridge Practice",0.91,51,52,53,81,22,25,0.98,0.65,0.88,2365,6294,843,3039,0.13,0.48,0.01,5,2,2,2,1,1
"E84646","The Streatfield Medical Centre",1,18,18,26,29,6,6,1,0.9,1,23266,7647,445,3541,0.06,0.46,0,2,2,1,1,1,1
"E84626","The Sunflower Medical Centre",0.95,22,22,29,35,14,15,1,0.83,0.93,8714,4863,519,2282,0.11,0.47,0,4,1,1,1,1,1
"E84635","The Surgery",1,37,37,38,46,15,17,1,0.83,0.88,11876,5669,522,2620,0.09,0.46,0.01,3,2,1,1,1,1
"E87702","The Surgery",0.82,11,17,11,16,10,12,0.65,0.69,0.83,27630,3116,496,1584,0.16,0.51,0.01,1,1,1,2,4,1
"E85005","The Surgery, Dr Dasgupta & Partners",0.97,25,25,30,32,15,16,1,0.94,0.94,4081,5192,529,2385,0.1,0.46,0,5,1,1,1,1,1
"E85038","The Surgery, Dr Mangwana & Partners",1,33,34,31,39,17,19,0.97,0.79,0.89,18403,5552,688,2917,0.12,0.53,0.01,2,2,1,2,5,1
"E85721","The Town Surgery",1,5,5,4,4,2,2,1,1,1,4702,2240,130,979,0.06,0.44,0,4,1,1,1,1,1
"E84684","The Tudor House Medical Centre",0.98,33,36,29,39,15,15,0.92,0.74,1,5207,4946,560,2421,0.11,0.49,0.01,4,1,2,1,2,1
"E85635","The Vale Surgery",1,20,20,31,39,10,12,1,0.79,0.83,13235,5647,562,2693,0.1,0.48,0,3,2,1,1,1,1
"E86019","The Warren Practice",1,55,55,68,75,23,24,1,0.91,0.96,5423,6826,1031,3279,0.15,0.48,0.01,4,2,2,2,1,1
"Y02692","The Wembley Practice",1,29,29,38,50,7,8,1,0.76,0.88,8714,16094,561,7114,0.03,0.44,0,4,5,1,1,1,1
"Y00902","The Westbourne Green Surgery",1,24,24,38,38,5,5,1,1,1,1388,3502,261,1618,0.07,0.46,0.01,5,1,1,1,1,1
"E84021","The Willesden Medical Centre",1,83,85,88,101,27,29,0.98,0.87,0.93,3064,16058,1496,7765,0.09,0.48,0.01,5,5,1,1,1,1
"E87663","Third Floor Lanark Road Medical Centre",1,28,28,35,37,4,4,1,0.95,1,11727,3307,383,1369,0.12,0.41,0.01,3,1,2,2,1,1
"E85001","Thornbury Road Centre For Health",1,63,64,66,83,45,50,0.98,0.8,0.9,13648,8945,1320,4405,0.15,0.49,0.01,3,3,1,2,2,1
"E86018","Townfield Doctors Surgery",0.95,50,63,60,79,30,33,0.79,0.76,0.91,13014,8250,1158,3967,0.14,0.48,0.01,3,3,2,2,1,1
"E85045","Twickenham Park Medical Centre",0.82,43,49,33,45,21,24,0.88,0.73,0.88,20276,3367,656,1621,0.19,0.48,0.01,2,1,4,3,1,1
"E84007","Uxendon Crescent Surgery",1,56,57,49,55,37,40,0.98,0.89,0.92,11048,5867,1222,2926,0.21,0.5,0.01,3,2,2,4,3,1
"E87002","Victoria Medical Centre",1,170,178,132,166,75,78,0.96,0.8,0.96,14408,17505,2611,8651,0.15,0.49,0.01,3,5,2,2,2,1
"E86619","Wallasey Medical Centre",1,15,15,18,21,9,10,1,0.86,0.9,31666,3436,537,1766,0.16,0.51,0,1,1,1,2,5,1
"E84086","Walm Lane Surgery",1,36,37,39,49,28,31,0.97,0.8,0.9,12165,6964,916,3339,0.13,0.48,0.01,3,2,1,2,1,1
"E85006","Waterside Medical Centre",1,37,38,40,46,13,13,0.97,0.87,1,9785,5006,449,2449,0.09,0.49,0.01,3,1,2,1,2,1
"E85061","Welcome Practice",1,26,26,31,31,12,13,1,1,0.92,4292,6401,679,2887,0.11,0.45,0,5,2,1,1,1,1
"E87754","Wellington Health Centre",0.82,31,31,29,36,19,20,1,0.81,0.95,24626,6684,755,3222,0.11,0.48,0,1,2,1,1,1,1
"E84709","Wembley Park Medical Centre",1,86,87,86,107,46,52,0.99,0.8,0.88,26071,23019,1392,11505,0.06,0.5,0,1,5,1,1,3,1
"E85064","West End Surgery",1,44,45,42,48,24,25,0.98,0.88,0.96,8172,6969,759,3522,0.11,0.51,0.01,4,2,1,1,3,1
"E85074","West Kensington Gp Surgery",1,32,32,19,21,19,21,1,0.9,0.9,18838,6082,516,3033,0.08,0.5,0.01,2,2,1,1,3,1
"E86620","West London Medical Centre",1,28,28,17,22,16,18,1,0.77,0.89,5637,5434,569,2649,0.1,0.49,0.01,4,2,1,1,2,1
"E85040","West4 Gps",1,89,91,65,81,58,61,0.98,0.8,0.95,23721,7897,1669,3940,0.21,0.5,0.01,1,3,3,4,3,1
"E85013","Westseven Gp",1,30,30,35,40,10,11,1,0.88,0.91,7465,5989,586,3010,0.1,0.5,0.01,4,2,1,1,3,1
"E84702","Willesden Green Surgery",1,40,41,54,72,12,13,0.98,0.75,0.92,7634,13197,844,6588,0.06,0.5,0,4,4,1,1,3,1
"E85600","Willow Practice",1,48,48,50,56,18,18,1,0.89,1,18054,6653,682,3187,0.1,0.48,0.01,2,2,2,1,1,1
"E84015","Willow Tree Family Doctors",1,121,122,92,111,66,71,0.99,0.83,0.93,17794,15359,2396,7649,0.16,0.5,0.01,2,5,2,2,2,1
"E86610","Willow Tree Surgery",1,19,19,22,26,5,5,1,0.85,1,6898,3296,403,1636,0.12,0.5,0.01,4,1,1,2,2,1
"E86012","Wood Lane Medical Centre",1,117,118,102,118,72,79,0.99,0.86,0.91,24934,11292,2339,5685,0.21,0.5,0.01,1,4,2,4,3,1
"E87741","Woodfield Road Medical Centre",0.87,33,33,29,36,16,16,1,0.81,1,8862,3572,406,1821,0.11,0.51,0.01,4,1,2,1,4,1
"E86020","Yeading Court Surgery",1,25,25,39,43,5,5,1,0.91,1,11000,5318,598,2533,0.11,0.48,0,3,2,1,1,1,1
"E85021","Yeading Medical Centre",1,28,28,35,40,16,16,1,0.88,1,6973,6939,687,3361,0.1,0.48,0,4,2,1,1,1,1
"E86010","Yiewsley Family Practice",1,104,104,109,133,38,42,1,0.82,0.9,8277,16682,1233,8219,0.07,0.49,0.01,4,5,1,1,2,1
"E84653","Zain Medical Centre",1,47,48,42,47,24,25,0.98,0.89,0.96,6171,7601,791,3641,0.1,0.48,0.01,4,2,1,1,1,1
"B85008","Batley Health Centre Surgery",1,63,64,53,63,29,32,0.98,0.84,0.91,579,6241,839,3095,0.13,0.5,0.01,5,2,2,2,2,1
"B85634","Birkby Health Centre",0.94,29,29,24,31,13,14,1,0.77,0.93,17046,3654,324,1724,0.09,0.47,0.01,2,1,2,1,1,1
"B85025","Blackburn Rd.Medical Ctr.",0.99,203,211,142,155,91,100,0.96,0.92,0.91,7575,12248,2404,6305,0.2,0.51,0.02,4,4,5,3,5,1
"B85014","Brookroyd House",1,150,150,130,154,55,60,1,0.84,0.92,4727,9442,2126,4840,0.23,0.51,0.02,4,3,4,4,5,1
"Y07275","Broughton House Gp Surgery",0.96,42,44,32,39,15,15,0.95,0.82,1,579,2881,516,1422,0.18,0.49,0.02,5,1,4,3,2,1
"B85004","Calder View Surgery",1,74,75,57,63,21,23,0.99,0.9,0.91,338,6108,889,3013,0.15,0.49,0.01,5,2,3,2,2,1
"B85655","Cherry Tree Surgery",1,46,46,38,39,15,15,1,0.97,1,579,2734,402,1369,0.15,0.5,0.02,5,1,4,2,3,1
"B85021","Cleckheaton Group Practice",1,162,162,124,144,60,64,1,0.86,0.94,12645,9021,2059,4484,0.23,0.5,0.02,3,3,5,4,2,1
"B85054","Colne Valley Group Practice",1,164,165,145,172,85,90,0.99,0.84,0.94,9989,10096,2379,5032,0.24,0.5,0.02,3,3,4,4,3,1
"B85619","Cook Lane Surgery",1,30,30,26,27,10,10,1,0.96,1,4727,3165,420,1531,0.13,0.48,0.01,4,1,2,2,1,1
"B85614","Croft Medical Centre",1,37,37,43,52,20,20,1,0.83,1,1093,6827,606,3119,0.09,0.46,0.01,5,2,1,1,1,1
"Y04266","Crosland Moor Surgery",0.96,62,62,55,62,32,36,1,0.89,0.89,4091,4010,745,1959,0.19,0.49,0.02,5,1,4,3,2,1
"B85010","Dalton Surgery",0.96,58,68,47,73,36,52,0.85,0.64,0.69,15612,6991,1332,3644,0.19,0.52,0.01,3,2,2,3,5,1
"B85002","Dearne Valley Health Centre",1,92,92,55,60,55,57,1,0.92,0.96,22425,4554,930,2359,0.2,0.52,0.02,2,1,5,4,5,1
"B85611","Dr Handa & Partner",1,37,37,42,42,20,20,1,1,1,1664,3730,546,1736,0.15,0.47,0.01,5,1,2,2,1,1
"B85650","Dr Mahmood & Partners",1,23,23,31,33,3,3,1,0.94,1,829,4983,258,2316,0.05,0.46,0,5,1,1,1,1,1
"B85020","Eightlands Surgery",1,74,78,68,82,18,21,0.95,0.83,0.86,338,6679,1022,3264,0.15,0.49,0.01,5,2,3,2,2,1
"B85006","Elmwood Family Doctors",1,226,231,183,220,122,137,0.98,0.83,0.89,29136,15374,3856,7766,0.25,0.51,0.02,1,5,4,5,3,1
"B85051","Fieldhead Surgery",0.95,74,76,58,74,38,42,0.97,0.78,0.9,17945,7258,1432,3674,0.2,0.51,0.01,2,2,2,3,4,1
"B85060","Greenhead Family Doctors",0.98,42,42,33,40,22,24,1,0.82,0.92,3917,2439,605,1172,0.25,0.48,0.02,5,1,5,5,1,1
"B85018","Grove House Surgery",1,127,130,96,111,50,57,0.98,0.86,0.88,5321,9361,1427,4710,0.15,0.5,0.01,4,3,4,2,3,1
"B85055","Healds Road Surgery",1,103,103,94,104,32,35,1,0.9,0.91,3384,12774,932,6259,0.07,0.49,0.01,5,4,2,1,2,1
"B85022","Honley Surgery",1,171,174,99,122,85,95,0.98,0.81,0.89,25409,7884,2179,3996,0.28,0.51,0.02,1,3,5,5,4,1
"B85026","Kirkburton Health Centre",1,119,120,111,131,57,62,0.99,0.85,0.92,30367,7990,2007,4119,0.25,0.52,0.02,1,3,4,5,5,1
"B85640","Kirkgate Surgery",1,62,63,45,53,24,27,0.98,0.85,0.89,14031,3559,678,1814,0.19,0.51,0.02,3,1,5,3,4,1
"B85031","Lepton And Kirkheaton Surgeries",1,112,115,73,89,55,59,0.97,0.82,0.93,12157,6934,1765,3517,0.25,0.51,0.02,3,2,4,5,4,1
"B85027","Lindley Group Practice Ltd",0.86,108,129,97,127,67,75,0.84,0.76,0.89,13583,10449,2103,5487,0.2,0.53,0.01,3,4,3,3,5,1
"B85612","Liversedge Medical Centre",1,57,58,40,50,21,24,0.98,0.8,0.88,7748,4557,704,2282,0.15,0.5,0.01,4,1,3,2,3,1
"B85641","Lockwood Surgery",0.89,48,48,35,43,28,28,1,0.81,1,2332,4431,794,2254,0.18,0.51,0.01,5,1,3,3,4,1
"B85623","Marsh Surgery",1,28,28,18,30,15,21,1,0.6,0.71,14889,3411,548,1667,0.16,0.49,0.01,3,1,2,2,2,1
"B85032","Meltham Group Practice",0.97,112,112,89,94,38,40,1,0.95,0.95,13930,5955,1431,3075,0.24,0.52,0.02,3,2,5,4,5,1
"B85016","Meltham Road Surgery",0.8,98,113,83,118,36,41,0.87,0.7,0.88,2332,10525,1557,5216,0.15,0.5,0.01,5,4,3,2,2,1
"B85019","Mirfield Health Centre",1,263,271,213,264,174,191,0.97,0.81,0.91,7764,17308,4209,8824,0.24,0.51,0.02,4,5,4,4,4,1
"B85041","Mount Pleasant Med Centre",0.91,141,155,118,144,41,48,0.91,0.82,0.85,4512,15842,1650,7792,0.1,0.49,0.01,4,5,2,1,2,1
"B85036","New Street & Netherton Group Practice",1,109,112,100,119,52,55,0.97,0.84,0.95,4872,8500,1660,4364,0.2,0.51,0.01,4,3,3,3,5,1
"B85037","Newsome Surgery Limited",1,65,67,64,72,28,29,0.97,0.89,0.97,18654,5786,1051,2787,0.18,0.48,0.01,2,2,3,3,1,1
"Y06659","Nook Surgery",0.94,29,30,17,23,17,17,0.97,0.74,1,15499,3425,600,1699,0.18,0.5,0.01,3,1,2,3,2,1
"B85009","North Road Suite,Ravensthorpe Health Ctr",1,109,109,89,109,40,44,1,0.82,0.91,829,8672,1464,4331,0.17,0.5,0.01,5,3,3,3,3,1
"B85610","Oaklands Health Centre",1,127,129,120,143,64,68,0.98,0.84,0.94,25732,10851,2213,5570,0.2,0.51,0.01,1,4,3,4,5,1
"B85042","Paddock And Longwood Family Practice",1,120,121,97,128,53,54,0.99,0.76,0.98,3683,9048,1284,4392,0.14,0.49,0.01,5,3,3,2,2,1
"B85001","Parkview Surgery",0.96,88,93,65,82,43,49,0.95,0.79,0.88,12645,6894,1442,3419,0.21,0.5,0.01,3,2,3,4,2,1
"B85058","Rose Medical Practice",1,22,22,27,30,9,9,1,0.9,1,3917,3025,324,1411,0.11,0.47,0.01,5,1,2,1,1,1
"B85645","Savile Town Medical Ctr.",1,14,14,14,15,4,4,1,0.93,1,9704,2481,152,1215,0.06,0.49,0.01,4,1,1,1,2,1
"B85005","Shepley Primary Care Limited",1,80,82,75,86,40,45,0.98,0.87,0.89,26157,6776,1820,3436,0.27,0.51,0.01,1,2,3,5,4,1
"B85652","Sidings Healthcare Centre",0.98,80,80,88,94,25,26,1,0.94,0.96,4817,7684,665,3785,0.09,0.49,0.01,4,3,2,1,2,1
"B85061","Skelmanthorpe Family Doctors",1,175,178,126,150,89,101,0.98,0.84,0.88,27805,9599,2342,4899,0.24,0.51,0.02,1,3,5,4,4,1
"B85059","Slaithwaite Health Centre",1,98,99,91,106,41,44,0.99,0.86,0.93,9989,8298,1469,4387,0.18,0.53,0.01,3,3,3,3,5,1
"B85646","The Albion Mount Medical Practice",1,92,92,72,83,35,37,1,0.87,0.95,10515,6340,1034,3030,0.16,0.48,0.01,3,2,4,3,1,1
"B85023","The Almondbury Surgery",0.98,78,78,60,79,47,51,1,0.76,0.92,28564,6268,1355,3243,0.22,0.52,0.01,1,2,3,4,5,1
"B85028","The Grange Medical Practice",1,182,183,152,180,72,83,0.99,0.84,0.87,1093,17202,2535,8640,0.15,0.5,0.01,5,5,3,2,3,1
"B85030","The Greenway Medical Practice",1,134,151,114,133,63,67,0.89,0.86,0.94,12645,9397,1639,4796,0.17,0.51,0.02,3,3,4,3,4,1
"B85660","The Junction Surgery",1,72,73,73,86,30,32,0.99,0.85,0.94,9239,6642,1070,3349,0.16,0.5,0.01,4,2,3,2,3,1
"B85033","The Lindley Village Surg.",1,66,68,44,54,44,49,0.97,0.81,0.9,15531,5575,1114,2845,0.2,0.51,0.01,3,2,3,3,4,1
"B85038","The Paddock Surgery",1,63,64,66,77,36,40,0.98,0.86,0.9,22832,5885,1217,3003,0.21,0.51,0.01,2,2,3,4,4,1
"B85024","The Waterloo Practice",1,138,138,138,152,64,68,1,0.91,0.94,14757,9407,2004,4815,0.21,0.51,0.01,3,3,4,4,4,1
"B85606","Thornhill Lees Medical Centre",1,58,58,54,67,16,16,1,0.81,1,4662,4618,695,2103,0.15,0.46,0.01,4,1,3,2,1,1
"B85044","Thornton Lodge Surgery",0.73,12,12,13,16,3,3,1,0.81,1,2332,2975,210,1398,0.07,0.47,0,5,1,1,1,1,1
"B85012","Undercliffe Surgery",0.99,153,157,111,145,46,61,0.97,0.77,0.75,4727,10824,1851,5471,0.17,0.51,0.01,4,4,4,3,3,1
"B85015","Wellington House",1,136,138,94,115,57,62,0.99,0.82,0.92,579,8584,1772,4355,0.21,0.51,0.02,5,3,4,4,4,1
"B85636","Westbourne Surgery",1,51,51,36,44,33,35,1,0.82,0.94,12364,4319,923,2285,0.21,0.53,0.01,3,1,3,4,5,1
"B85620","Windsor Medical Centre",1,36,36,24,34,12,12,1,0.71,1,6258,2806,467,1414,0.17,0.5,0.01,4,1,3,3,3,1
"B85048","Woodhouse Hill Surgery",0.97,36,36,33,35,10,11,1,0.94,0.91,4268,4538,427,2197,0.09,0.48,0.01,5,1,2,1,1,1
